ticket,time,g_log,omr,dpoc,lrr,wct,hskd,ht,wod
AAA,2013-03-31,,0.10729786487090957,0.05453959701332851,3.1173504777771623,1.0014638313896354,0.2815208334978921,0.6106256365982,0.8016928461254628
ANV,2013-03-31,,0.04190868663897691,0.0,-0.0,0.399707425111373,0.19727145933808557,0.5654600137969779,0.7898938115246591
ASM,2013-03-31,,0.07696911648535051,0.0,-0.0,0.3944246667046284,0.17655585024301357,0.42938688900552135,0.7412237728434902
BMP,2013-03-31,,0.24270749020755072,0.05194206904046269,0.04899936288000781,0.7939105090343175,0.3048837688727293,0.9213114718953669,0.037345115924232196
CHP,2013-03-31,,0.16748793983747534,0.0,13718273723.0,-0.4841538355114057,0.02121509106770021,0.3556033292550092,0.8930817382777768
CII,2013-03-31,,0.5311417546074614,0.0,-99234885693.0,-0.47203453554200225,0.029233739031582176,0.23848954166510022,0.7339808044108375
CMG,2013-03-31,,0.03965058198977654,0.0,75534053963.0,0.8359704453963618,0.30249008153457974,0.3451235576500056,0.6468255657656877
CTD,2013-03-31,,0.0648057975259599,0.009778292703667946,0.03420326840043052,2.5449427225373173,0.2759325360369111,0.5769032977228292,0.0
DBC,2013-03-31,,0.05337778138635427,0.021500490640277415,1.832592246938105,0.632692481755438,0.324846785112947,0.4359528240369391,0.7848556635685117
DCL,2013-03-31,,0.10719930861202773,0.0,165778182.0,0.44520982856690244,0.23117321624337955,0.3912790189768868,0.7915406332594328
DHC,2013-03-31,,0.11671191962692683,0.0,1129492837.0,0.8519183268536312,0.22357993299819223,0.4686294144808038,0.8171923164745868
DHG,2013-03-31,,0.18978603660944407,0.023025982358100126,4.777736566911796,1.800466802616835,0.3094482753630405,0.7031264625298566,0.030215080905032658
DHT,2013-03-31,,0.02456846440374977,0.0,1634176146.0,0.9797007977171939,0.5853016345543168,0.4696868404835448,0.6745742128487562
DIG,2013-03-31,,0.0834151731470573,0.0,1907008505.0,0.08321618431102891,0.03614824258142153,0.46679527309357927,0.4303581217977242
DNP,2013-03-31,,0.04451899733325105,0.05707509458750809,0.23711197745836513,0.4771930224324058,0.2418311394546255,0.33068037800517025,0.756875008573737
DPM,2013-03-31,,0.2678611042864124,0.02621352083673651,0.38120590963071455,7.7807603549472475,0.2617747655680213,0.8618599142635439,0.008315348252425277
DPR,2013-03-31,,0.3341487583189175,0.0,17722423909.0,1.035471304772534,0.0891327082695136,0.8132501193527178,0.10994550993104049
DVP,2013-03-31,,0.44303583679580216,0.0,11525000000.0,1.749362157717728,0.1461756788235964,0.7532858631026259,0.7784966972630215
DXG,2013-03-31,,0.037191464561702324,0.02069259592784468,0.14308103373722247,0.21473336018474334,0.05075352281857157,0.5522122620451877,0.0028234990996663578
ELC,2013-03-31,,0.039473203768863555,0.0,19269291368.0,0.5147576863257136,0.11389261968425829,0.7083262249198885,0.03832261792942537
FPT,2013-03-31,,0.06986843153747924,0.013196200139915036,2.5004906817525,2.3518003889086745,0.6209686344955464,0.4643880134005918,0.38004598580182974
GAS,2013-03-31,,0.3132113123401209,0.06345076371961403,0.5247487908155385,6.880517418485509,0.3632419459350005,0.6539437748383851,0.520108406665297
GEX,2013-03-31,,0.081837409765146,0.0,28918624113.0,1.270142625974333,0.32806866111681937,0.41491295243679965,0.31998996506733585
GMD,2013-03-31,,0.24438205298896415,0.08410997779391993,-0.09042660942124298,0.7600211010609793,0.1074955049052648,0.640933310665951,0.5583241627904163
HAG,2013-03-31,,0.2922252029968358,0.14774836758649082,14.82320475410707,0.09725753418691123,0.024459498256004738,0.3041982373478149,0.7548277685300957
HDC,2013-03-31,,0.36219880524347836,0.0,-30963125.0,0.051459696739333025,0.033360183300342613,0.43738653451224613,0.5939611426005178
HDG,2013-03-31,,0.0855668211928845,0.03802504729529925,0.8241826664297439,0.25238666921189135,0.0780293566960728,0.3448016775564185,0.2844279575161417
HGM,2013-03-31,,0.5994614011770648,0.07704893455894211,0.98395252405978,-39.393014781654585,0.1473776877319533,0.9182390131675547,0.0
HHS,2013-03-31,,0.17424143394451125,0.0012504094825433866,-0.0,-2.827936256491383,0.16696774904855627,0.6209865419409742,0.0
HPG,2013-03-31,,0.15932050108343615,0.04396610657201205,6.4362847907608165,0.6215911088298631,0.2137452715755644,0.470613806977245,0.5976036082436609
HSG,2013-03-31,,0.12276245871538054,0.03114775424676431,2.738614249323112,1.1269529856756797,0.41257289889846555,0.35569695230473175,0.7428922891889841
HT1,2013-03-31,,0.18154074181489155,0.15180147616701098,0.39734578256094555,4.764199465626406,0.09090384255224374,0.1426582247547777,0.8729110021861954
HUT,2013-03-31,,0.01718295904425334,0.0,22759467043.0,0.5947576884017652,0.11123647304864911,0.1417362768137633,0.5378214317598909
IJC,2013-03-31,,0.29820535051784325,0.14449766862765792,2.0450619002809645,0.042885502761440174,0.01836614172775408,0.6574940200988239,0.3643388485035022
IMP,2013-03-31,,0.14654098099991789,0.049135738786410525,0.6548286851737072,0.5415253810086762,0.22540146018835405,0.8635836246993015,0.0
KBC,2013-03-31,,0.30503232168095273,0.18870433877436987,-0.12767402586463003,0.007648439631208455,0.0045801389925562265,0.333325344644912,0.5104116856006083
KDC,2013-03-31,,0.07121050983890716,0.056154560556578435,1.6667588967996896,1.4706617971892755,0.1368524746281699,0.7531639039573736,0.5184904662225063
KDH,2013-03-31,,0.13410406244087428,0.032803394460324035,0.904846212603929,0.07214361037475277,0.05107093094169285,0.46832147203102126,0.546340356581587
LGC,2013-03-31,,0.1527817832427055,0.0,890527273.0,0.7966989892368648,0.07181804616331909,0.4136612017541413,0.7339233841452543
MSN,2013-03-31,,0.10248546328522692,0.06640037866104047,13.7364873830385,-2.5865730525885122,0.04357894826505159,0.38226179274494226,0.55681212105416
NKG,2013-03-31,,0.07897587621037302,0.022717687160966497,-2.1875058424217277,1.4225876281893268,0.38010574558729415,0.13223500125707302,0.6957032113232868
NLG,2013-03-31,,-1.1289185635656789,0.06431031649434428,1.6359825262321073,0.013293288494531541,0.007106699113999083,0.4018067579308866,0.3563009834446416
NT2,2013-03-31,,0.04082164527489701,0.15592129956304865,0.02054240792392659,19.256331386054,0.13135346078020224,0.20919684196541968,0.8748189729509749
NTP,2013-03-31,,0.16470914546354398,0.036746503383860485,2.0089370280739076,1.0200343896253303,0.3410578177777484,0.7240278770586384,0.6330461653679077
PAN,2013-03-31,,0.14170496657342346,0.019004912035595924,1.1140173390964354,-21.99994052742823,0.12606459402162548,0.8165109544311526,0.0
PDN,2013-03-31,,0.20016369605492532,0.0,16368144211.0,2.022640354981498,0.12070093864403192,0.7367590220850805,0.6602960967188243
PDR,2013-03-31,,0.06744495902284776,0.04038129779353636,1.2822015246781917,0.0020429080597624606,0.0017060148957615214,0.26834157655397317,0.7148502604975542
PET,2013-03-31,,0.032813631112171365,0.0030490171002210695,0.2643771998409404,2.436688254698422,0.6492192858645888,0.2881887652023146,0.45196424545568753
PGS,2013-03-31,,0.06187323526657953,0.05098963555229999,0.11823719952051137,-7.076863233375335,0.5264207066897634,0.30160855714564316,0.3408225579566826
PHR,2013-03-31,,0.1939303658215839,0.0,-58043363650.0,2.4833397565227906,0.11859234205348149,0.702539122290708,0.33214333829652914
PNJ,2013-03-31,,0.06049778129698268,0.0022509133898523793,2.620804202049298,2.476241351666982,0.6632992350182628,0.4874518856246114,0.8876452601620968
PPC,2013-03-31,,0.4250590234461496,0.12374148936007544,0.45523451130348636,1.2230541147410887,0.2058273344739246,0.4249414361511388,0.8922381133362137
PTB,2013-03-31,,0.06803322190428016,0.027770853958335853,1.3240318417830546,1.878646369978374,0.8506573021787021,0.33395379472294623,0.7035733422492013
PVD,2013-03-31,,0.18123339158445298,0.1010670757109891,0.0537775937181354,5.597995409520865,0.16805686462686403,0.38756351665771377,0.5606631516891363
PVS,2013-03-31,,0.09268457346102799,0.05614101756032471,0.29892891714925823,-1.9378742065590766,0.22072967740790575,0.3314806797697479,0.3011009159261904
PVT,2013-03-31,,0.07303397453139353,0.07434512152730006,0.22962970731551133,1.3635918734864434,0.15790862508879433,0.3283744417582692,0.7351756373623796
QCG,2013-03-31,,0.04070918366190132,0.042111878995820126,3.19022578797198,0.0351366423195439,0.018165106927625834,0.3433680919362083,0.4061669681038046
REE,2013-03-31,,0.7702112319149378,0.11972013476242928,0.0040585970531993075,-0.9841699958595572,0.08286413661622857,0.5774199538745779,0.2764978910785487
SAM,2013-03-31,,0.182418180244294,0.0,58508542661.0,0.28219971552825973,0.07899789284921385,0.8484459555741212,0.5803521827494884
SBT,2013-03-31,,0.148859847131189,0.044689183908229776,1.1918903134675016,0.37684095115381827,0.1658815881041683,0.5493891818476547,0.8645742012026572
SCR,2013-03-31,,0.11159931562849221,0.0,9544132280.0,0.08680865531181575,0.034804305763357746,0.3463080551862749,0.6412371520613546
SHP,2013-03-31,,0.28309198607562597,0.0,113230674014.0,-3.0286177557558505,0.00933717466100306,0.4015138692892892,0.8207756241876567
SJS,2013-03-31,,0.3304489426591766,0.0,44300098.0,0.016355384677259905,0.008517083788605547,0.2740680171662613,0.5484377122997783
STG,2013-03-31,,0.05703937576802443,0.009288567101216314,-0.06745449117545538,4.403365605085067,0.8383540439928655,0.7521944979075165,0.0
TCM,2013-03-31,,0.06321379674998882,0.026663043669994117,0.3516036909810409,0.8261756662650841,0.2754018512803522,0.3237168544282242,0.7970201237664427
TLG,2013-03-31,,0.15437950819458132,0.038582438343757935,0.35578473627353147,0.7497741123002819,0.30614858993975985,0.599265583687,0.6681338074763847
TMP,2013-03-31,,0.31168806654408404,0.5957748327533205,0.016011612002566105,2.7518563921182726,0.058587110428693766,0.626672881470711,0.7737351766238685
TMS,2013-03-31,,0.27231142801283564,0.0,33941448063.0,3.7902381996439782,0.1552357134123514,0.7530785061502491,0.6197205996111929
TRA,2013-03-31,,0.13089864369980808,0.014014841439049228,1.2952616074754986,0.9486833611538257,0.43006277173546253,0.4654503716428805,0.4163113082305717
TVN,2013-03-31,,0.03372697901372224,0.0212242097835346,0.6647405179560777,1.7451469413818628,0.29086987091141997,0.2628995324530321,0.6880803611443589
VC3,2013-03-31,,-0.013666916419812375,0.04843428040097507,-0.1935811036225579,0.07076795547181633,0.02783033472550012,0.15238778806455516,0.34151758770720175
VCF,2013-03-31,,0.0892964727533458,0.0,675747228.0,1.7923191576493174,0.37126835718877343,0.8637611127049603,0.0
VCG,2013-03-31,,0.09660481151608391,0.06355996609748062,0.1576135207643452,0.5616932370726849,0.09650480571962232,0.18625440575250646,0.46180613212668126
VCS,2013-03-31,,0.14872610976892836,0.0,15217269696.0,0.3053452302419425,0.10086042706014879,0.3945128123864157,0.9281352173537373
VHC,2013-03-31,,0.07400782146553217,0.025444916885990005,1.340060787766369,0.8207116681401767,0.3301326240571306,0.41426224302562364,0.7653644660134445
VIC,2013-03-31,,0.4969032108180835,0.3249790930586904,2.280235072462959,0.8283980833640585,0.029367583302858748,0.18429743992089825,0.48436683654577034
VNM,2013-03-31,,0.2738384335849547,0.030940139496933482,2.287949271309642,2.5566626532236976,0.3313085354182034,0.819443790440784,0.0
VSC,2013-03-31,,0.329522830321237,0.0,27684444892.0,-2.421220835149413,0.16245858934655547,0.7337326051104623,0.13467851414583218
VSH,2013-03-31,,0.5230590808896309,0.5394512855679567,4.936047082553232,0.11369166172412969,0.021849142216535285,0.7441044862200231,0.9026121772753495
AAA,2013-06-30,0.12169314553239587,0.0754937876224058,0.04422665493268171,8.25801182764069,0.9243502148558751,0.2924427954965204,0.5435098061884551,0.7651859346304531
ANV,2013-06-30,0.35313205617768934,0.03159161721560291,0.0,-0.0,0.5496910952641867,0.2622967981920981,0.5069771935129118,0.7441777741634078
ASM,2013-06-30,-0.015456969308894114,0.06666957158677546,0.0,-0.0,0.3647914227901952,0.16748908675018984,0.41607513556501596,0.7334656146000333
BMP,2013-06-30,0.2990765251052138,0.2560046333072384,0.040009427058459765,0.16913566880268988,1.268951875719913,0.367566676143532,0.8415848563876959,0.017931000748339143
CHP,2013-06-30,0.13193714037367835,0.6370178122133793,0.0,-8876768974.0,-0.5818308034290098,0.024829726039173404,0.3634637506503795,0.8957044356679782
CII,2013-06-30,-0.6780630479965486,-0.46835880448079786,0.0,288542161434.0,-0.29164635608518824,0.01388591663955793,0.20712521781166388,0.7501622005129689
CMG,2013-06-30,0.10819203570305858,0.02339581419428075,0.0,555279336.0,0.9429740131470483,0.3366822440752452,0.3388786658905961,0.6400380597531593
CTD,2013-06-30,0.2890104175182564,0.09213199193058218,0.008349410052190158,0.22238417778233785,3.4677025785258366,0.30992793125008844,0.5058055191284607,0.0
DBC,2013-06-30,-0.02015760547373101,0.05471882055055039,0.023065879991819322,2.4302756972112114,0.7377590628183597,0.3275262718142812,0.4539830851490269,0.6834567916602577
DCL,2013-06-30,0.15724272592795593,0.13585404953148905,0.0,744564378.0,0.49019583362512553,0.27031100172359923,0.41270137120747824,0.826990107413728
DHC,2013-06-30,0.057527412064994156,0.06785386149711876,0.0,-2486151718.0,0.7536283079029241,0.2399959360885991,0.4788075284397145,0.7902763235497671
DHG,2013-06-30,0.004100554199173594,0.20299862198018256,0.02296110783867998,0.603343838168625,1.8146268290117704,0.30718245199361877,0.667582842465061,0.028352381994611965
DHT,2013-06-30,0.0559044666081396,0.040218022531079374,0.0,2508541132.0,1.2285202134443858,0.5737725260589911,0.40911657976813176,0.5701973374102037
DIG,2013-06-30,-0.11577821664707057,0.1625516082245558,0.0,3056289223.0,0.07254686165467641,0.03173890684115441,0.46312246264848295,0.4293264827838511
DNP,2013-06-30,0.38854650482616604,0.081258150943576,0.040712273869620924,1.1164235848050748,0.6016528084924502,0.3302257287826349,0.3049814443801854,0.7805749311837795
DPM,2013-06-30,0.1279361391555491,0.3076249478464166,0.024735022104978775,1.6402787121282798,8.299587009791711,0.2966448484789292,0.8510704686644244,0.04032637481424195
DPR,2013-06-30,-0.1785259317254895,0.4817282811173691,0.0,18388833078.0,0.7512564725218671,0.07472037288997829,0.797847108779777,0.15982838395633467
DVP,2013-06-30,0.21200668188078375,0.4464389975635742,0.0,48297364640.0,10.176656600061115,0.16405077335507603,0.7213985748603264,0.5906978086160439
DXG,2013-06-30,1.0209201593127366,0.21736801717055532,0.008563919204723339,0.4187182351458916,1.1449795295667695,0.13613946403263288,0.5529608176012814,0.0006729327281125033
ELC,2013-06-30,-0.26788246558514067,0.07198626801085106,0.0,2083935041.0,0.59403510304757,0.08512155117093262,0.6920412702401206,0.022070976837923896
FPT,2013-06-30,0.0801723521958665,0.07741461438224374,0.011241199202760168,1.1693413906564338,2.3258264677505944,0.6093350938989265,0.4502762770071036,0.41293500176802717
GAS,2013-06-30,-0.08355820079422324,0.23769416326073342,0.07033165716855226,0.5186385978291572,8.116353802108721,0.327183513087365,0.6577638438966785,0.4954591417171662
GEX,2013-06-30,0.2364535964779849,0.08968902250459361,0.0,63306834871.0,1.570848640714727,0.43048732604646683,0.43842254301406636,0.3889357408296421
GMD,2013-06-30,-0.21706608569049837,0.043853689036447284,0.1258174861332658,5.790576137243955,1.15067317873185,0.08129822151092674,0.5925833390800693,0.5040454550732058
HAG,2013-06-30,0.41664332959479855,0.5148454117333607,0.23165127447331127,11.709757029795549,0.1234605326999524,0.03683343469120994,0.38414139562358723,0.7184362107561679
HDC,2013-06-30,0.3396064303973431,0.07786987057390311,0.0,-30349455.0,0.07411998658582022,0.04668789058966808,0.4386365429943767,0.5687707056760691
HDG,2013-06-30,0.0011237207835771107,0.2793856230595474,0.11666637860028747,7.163053543712394,0.41297285107282466,0.07641520474357692,0.3441637470570852,0.21400343185383747
HGM,2013-06-30,0.13618766255755366,0.5837028935624123,0.0958231676662265,2.774504234306498,2.1619504799546463,0.1529573910362517,0.905152393948511,0.0
HHS,2013-06-30,0.2545136524517276,0.16434633158418427,0.0011379439672663284,11.242405058324945,-78.1334969654377,0.17094500071896365,0.5778611906147342,0.0
HPG,2013-06-30,0.08101993929040467,0.1521817185537113,0.040727632046057984,6.695857922459604,0.9818002716765091,0.21031596034664102,0.42681925087992,0.5209786646381094
HSG,2013-06-30,0.230795699915972,0.08071623497846518,0.025370204908761455,0.5524186895453959,1.0848306426860272,0.49231941438046256,0.3354456877196868,0.8259988964278169
HT1,2013-06-30,0.3981233278208997,0.11430907185967545,0.09472958155096861,0.2823095633417571,15.219724029881238,0.13631220503694993,0.1457777397297022,0.8631437427157697
HUT,2013-06-30,0.1341578606511398,0.021084011221289407,0.0,64553549571.0,0.744874922620675,0.12804136782632117,0.18384465556448534,0.5285788664546525
IJC,2013-06-30,-0.24509791287493496,0.3596629481224369,0.20282105916097,2.634258373477229,0.03531759753603668,0.014473493917038815,0.6279502438321642,0.3447022637800199
IMP,2013-06-30,0.15734305026596848,0.12389802425922564,0.051996636674942684,1.2904476133781644,0.6758535747307575,0.25850710135754645,0.8464482728504303,0.0
KBC,2013-06-30,1.0747374972395662,0.3276525876985419,0.07438722682411135,0.35088134404338167,0.022007012982048803,0.013215654179114026,0.3268635289254966,0.4911946200682392
KDC,2013-06-30,0.12222173954015317,0.10391667499686132,0.0844841293727614,0.819490425750932,1.6629933320089167,0.15243584017136497,0.7516458128230844,0.5295534115623224
KDH,2013-06-30,,1.6207221142622115,0.3902143106112641,-0.2923669238887783,-0.02663920602613004,-0.0187957430010215,0.45098148592598825,0.5727157233203474
LGC,2013-06-30,0.15140374636028472,0.08524896427479535,0.0,-0.0,0.6943466930026934,0.0801713881583974,0.3816290403693827,0.7093879240552118
MSN,2013-06-30,0.47648659465266574,0.18067785503760833,0.04664117757873645,8.079146662675866,-8.464444675386375,0.06865107349166752,0.3677020735422642,0.5515116779999621
NKG,2013-06-30,0.3047866932434671,0.04750098023765112,0.02009420462517212,6.238467033867766,2.330706345946365,0.43686314437346396,0.11759297608022688,0.5294498473191065
NLG,2013-06-30,1.3645263258236386,-0.16759581657770733,0.029394364456826142,0.6077463571898732,0.05144433934707219,0.027025648678828545,0.3809671619720543,0.36818875027234893
NT2,2013-06-30,-0.19609385069098756,0.04942301686792803,0.16858878859588144,-0.010764019413369422,5.673147051743599,0.11290929224889762,0.21872151389756464,0.8864636431565097
NTP,2013-06-30,0.2395779742435268,0.19172488666751547,0.027708381663919573,3.4064663784899665,1.2776200529634343,0.3838748351518488,0.636783788897571,0.5985131778724545
PAN,2013-06-30,0.49594417744345853,0.12440004815910996,0.05312034899916074,0.032590832061073785,0.5600527420786301,0.13595639585344807,0.5591522620535712,0.3185811576130856
PDN,2013-06-30,0.32776603259575526,0.262348660738219,0.0,16720100790.0,2.877266371125102,0.1620197839143721,0.7495400539930258,0.5841114142354885
PDR,2013-06-30,-0.006608937355707711,0.12630000299430694,0.0423177523175047,6.098217007225141,0.002005845463760607,0.0016583137564454282,0.2626357949664629,0.6940576015757298
PET,2013-06-30,-0.010362134017317167,0.040057621500578906,0.0028862569731068063,0.31013367990411644,1.7327887037481287,0.5841932319340772,0.2695356242126779,0.5951623792334274
PGS,2013-06-30,0.051383408288837924,0.0631891760927848,0.059580830893929154,0.29843406455939,-5.040913518213618,0.5573348337761855,0.30250873443613296,0.2854104626387217
PHR,2013-06-30,0.2826748280052185,0.24670092396573662,0.0,92633583866.0,3.3372887114696614,0.1522988009730423,0.6671604760723822,0.38099383245753893
PNJ,2013-06-30,0.1425214091727079,0.025548915926475478,0.0025237110848154495,0.16826291987156705,2.543873484424057,0.8566825248140457,0.5048794307183364,0.8782865060274226
PPC,2013-06-30,-0.09493682111309173,0.29861936653842935,0.111800685614977,1.116875414917692,0.9022515888933462,0.1866330037944846,0.4250565474263522,0.8558476507152989
PTB,2013-06-30,-0.2531099391841903,0.06877005656710121,0.022503469441692167,2.163478639665748,1.6307727940279462,0.6872791394710752,0.34864012758220464,0.7059072789899734
PVD,2013-06-30,0.05454843835877461,0.18372147583295953,0.09245611401241416,0.36881952515776395,10.968042407082107,0.16995708136683088,0.39357994181565403,0.4968243249272556
PVS,2013-06-30,0.3578462873107936,0.06618591276882806,0.037749324660527474,0.1798350747705242,-2.358208379479104,0.2873203708100429,0.2956101971465479,0.22701591286175302
PVT,2013-06-30,-0.10509488327383287,0.13499860482735074,0.08882129856044572,-4.993546901972159,1.3220905330299404,0.13537822764681545,0.3210276674341036,0.7430389663860568
QCG,2013-06-30,0.10356356505160962,0.3397828638093611,0.03989781815756041,7.694534421699549,0.04091726937591425,0.020137676838421218,0.34379148027187745,0.4086462414095655
REE,2013-06-30,0.24643731076525988,0.4077778014038604,0.03639255455139507,0.002610084423593568,4.763443142600686,0.10876672363506522,0.6724596411397012,0.3551674071362251
SAM,2013-06-30,0.33795544434754654,0.1328934912152945,0.0,59452292479.0,0.43363219270220715,0.10396652078982713,0.8065331794134847,0.3351173767322055
SBT,2013-06-30,-0.15477641474836745,0.15438139687223706,0.054166400254619745,-0.21329160725399907,0.290872646755719,0.1433057538923716,0.5151495633699699,0.9168705352003985
SCR,2013-06-30,0.30462731677920335,0.16526115322604126,0.0,-17511650920.0,0.127818702524832,0.05116495360282372,0.3454838573495186,0.6340427409476792
SHP,2013-06-30,0.8789199977638457,0.6508630776608174,0.0,56151814071.0,-0.5374667987957603,0.021354531832593775,0.36870075306259603,0.7626222462935637
SJS,2013-06-30,0.8136169872617395,0.10399226375149312,0.0,-0.0,0.036151043295630916,0.01919686968330468,0.2753437131016793,0.5573004640739123
STG,2013-06-30,0.09214242351851074,0.024327858659173956,0.007856490703832469,1.0769053117251315,4.861152863057689,0.9551055325068514,0.7449399812738104,0.0
TCM,2013-06-30,0.18013031714088323,0.0807624517801319,0.022834977138504152,2.381134709506787,1.1390070025666723,0.32084970044486927,0.3103288690430608,0.7285385861014357
TLG,2013-06-30,0.19866446655350864,0.13419262551016375,0.03137784728925443,0.5522951597660166,0.848423804071178,0.3340571370079051,0.5424621121169444,0.5460367947427562
TMP,2013-06-30,0.5131292474748254,0.5395536921685873,0.5323720426653157,0.4286560323308608,-2.4977769226402082,0.09585039262370657,0.5668873730567324,0.5924639813958567
TMS,2013-06-30,-0.3847471458421812,0.28392674275642255,0.0,15173028842.0,3.9153158066182048,0.10480554025849503,0.7466853355115622,0.6734729413205052
TRA,2013-06-30,-0.0450202641693143,0.1714908652552196,0.016271854455452622,5.42513461445029,0.9164494994535293,0.3932136052642564,0.48315508816644426,0.4576300003759923
TVN,2013-06-30,-0.03590046681816437,-0.033628161469593965,0.02104048792542266,1.694287577063353,2.0027325176247466,0.2759865294145556,0.26359744551703984,0.6636489177359685
VC3,2013-06-30,1.38426235941633,0.0694247677213197,0.023490337892601763,-1.116158803611173,0.2834587529235309,0.11570370346846126,0.15307867335559877,0.35467220498505214
VCF,2013-06-30,0.03326980825727931,0.04468117901577397,0.0,-0.0,1.218247174172747,0.40071382808535383,0.8652646891287447,0.0
VCG,2013-06-30,0.18757838899095,0.07103846762935244,0.05222633558922423,0.4458057017100948,0.6302424110026377,0.11917976391558961,0.1911059857537856,0.4722205615804882
VCS,2013-06-30,0.09113918218031275,0.1600920297347295,0.0,10080689157.0,0.353790186235012,0.10944448809962648,0.3962088699142495,0.8825116273111147
VHC,2013-06-30,0.2207300976211158,0.05459129220050024,0.0,-0.0,1.0765548703525012,0.4035907678880973,0.41217344155028185,0.759571859967936
VIC,2013-06-30,1.436956074384251,0.7507444399357115,-0.006529605483022023,-313.7598090401201,5.599928373352939,0.12423115577637345,0.25005605767033,0.4344555848077864
VNM,2013-06-30,0.19139813790883345,0.27197472084212304,0.030230059278696996,1.3313783517468518,3.2255655727660066,0.39120649503916743,0.8066230275348609,0.0
VSC,2013-06-30,0.14858774832507096,0.35307632709551673,0.0,14458470057.0,-3.277262918777255,0.19281216185731923,0.7585896723752452,0.06100572969632257
VSH,2013-06-30,0.33880822160277196,0.6420960416438064,0.5172780726612762,10.07446134768036,0.18144860988627737,0.029643382061671632,0.7324950258382693,0.9142119885784331
AAA,2013-09-30,0.1095378890101117,0.06790774927824392,0.042851985332132345,4.202329492174076,1.7432519305028327,0.3273278151443521,0.559120102142821,0.6533120781262112
ANV,2013-09-30,-0.022079964172945634,0.057365941526103095,0.0,-0.0,0.5243357620984735,0.25464408939503763,0.5120281516485111,0.7139323565237278
ASM,2013-09-30,-0.3470871894161497,0.06497348066010045,0.0,-0.0,0.24592707175990033,0.11614334557903436,0.4106364118926628,0.7434292291486436
BMP,2013-09-30,-0.12861791867730069,0.22008033404808444,0.039917967501077616,0.15690251698882282,0.936719874877951,0.3281222723845535,0.9050761657019596,0.06998836124809349
CHP,2013-09-30,0.4105015846609993,0.597257376544044,0.0,610534741.0,-0.9803304436842925,0.0375384544190152,0.37339299767190864,0.8967795701570543
CII,2013-09-30,1.5512103775147097,0.25881981314928487,0.0,149421972543.0,-1.4161448540393944,0.060609184110848494,0.19807406750974949,0.7384469236570645
CMG,2013-09-30,0.2593638684022063,0.037036144654601706,0.0,43865538558.0,1.6631548855972784,0.46604751228664953,0.3664324818298135,0.5739745414779077
CTD,2013-09-30,0.14724601274847693,0.06669935893513612,0.0059229628130629255,-0.0551670171694933,2.7381315340301136,0.3648739833784522,0.5293034336055428,0.0
DBC,2013-09-30,0.04603857072875171,0.07148323802330507,0.024306284714766313,2.9369828420497592,0.7100941762783003,0.3366188369437269,0.4612015852055699,0.7387703211577985
DCL,2013-09-30,-0.060607966619022735,0.11981958548005714,0.0,966296365.0,0.45756832164945194,0.25830627627087405,0.4325635946983753,0.8468359747064291
DGC,2013-09-30,,0.20189214995610294,0.02759424525052284,1.9808806607721194,1.531190912543789,0.3792499322147772,0.46194574476597994,0.280828741271503
DHC,2013-09-30,0.17341552535688687,0.12443168777986387,0.0,1317774485.0,1.0105156314929358,0.29718020338327744,0.5240903849917462,0.7204315534672293
DHG,2013-09-30,0.21045726980177693,0.27736066415050903,0.021371484803882883,7.765660822344058,1.8557303981542213,0.35411551926562973,0.6634092933335589,0.026423980665562365
DHT,2013-09-30,0.1255567817218859,0.05057197302163289,0.0,2177286635.0,1.2569825268073287,0.6325870747130922,0.40309239644884676,0.500900728835177
DIG,2013-09-30,0.27558762285887456,0.021586059158492585,0.0,13980503896.0,0.09515507569220932,0.04503433486234615,0.4991570263870069,0.43252883849300505
DNP,2013-09-30,0.20601458732013145,0.04662363967005299,0.0,-0.0,0.6958664692904031,0.413626030481773,0.3369969711376563,0.8205774604867225
DPM,2013-09-30,-0.518127313614496,0.2172304458893141,1.7240877516600312e-05,4540.111264333691,1.9976530551219587,0.17648783229526968,0.8815047718855593,0.016198847609461442
DPR,2013-09-30,0.4954941624617624,0.24727399193883604,0.0,24617661279.0,1.488020708387484,0.11699364370228411,0.7768696516192076,0.18879179402727864
DVP,2013-09-30,-0.06823628893182351,0.41594679517366784,0.0,62785730750.0,1.7293251146393678,0.14795976942635589,0.7533036041573389,0.8321494245417893
DXG,2013-09-30,-0.6231632278787578,0.5189231948452117,0.024159499974478475,0.15090256103861663,0.3033940466994059,0.06802382940216543,0.5422199503804228,0.001175716992453319
ELC,2013-09-30,0.22574280162073745,0.0782292871349132,0.0,3599854601.0,0.4148092078930596,0.11223780214645263,0.7007243937316676,0.29395860532251333
FPT,2013-09-30,0.24796057591126064,0.049196057917258174,0.00987983936357551,1.9258885701023434,3.057257783412916,0.7715794230854497,0.43949849197484964,0.41523503126046885
GAS,2013-09-30,0.0801840553743791,0.22094089893226865,0.058923452079765896,0.707125047812435,6.170540733907075,0.36011122849998084,0.6891086188540738,0.5331825176962168
GEX,2013-09-30,-0.003143908129479454,0.11147273753282087,0.0,22124346870.0,1.4529354496478806,0.38480033495782295,0.41664062548559133,0.34133195481935613
GMD,2013-09-30,0.07544454435207626,0.09212316619264715,0.10312070103243243,1.2879625242812414,1.1303019216806092,0.08725903723108283,0.5926555968693636,0.5218222221502505
HAG,2013-09-30,-0.2582962010416015,0.4382831404440605,0.10890549133142334,13.34561136313063,0.09636279478123295,0.029142652088742067,0.4008877906733291,0.7519394797000059
HDC,2013-09-30,-0.3609914184509514,0.14579942447532362,0.0,215158500.0,0.051903163269741474,0.03273406269622433,0.44232168364679214,0.5550764381944636
HDG,2013-09-30,0.7559857807123364,0.1586893028425855,0.011545224500064665,-17.338770219723152,0.5248818736120073,0.14958193953488905,0.34966053923974416,0.14731837424259323
HGM,2013-09-30,-0.0926421319509204,0.4731241192530312,0.03463377932987752,2.688919220909061,-1.684198347574539,0.13099321816776682,0.8169630909437832,0.0
HHS,2013-09-30,-0.208203633523404,0.1730014990757018,0.001653393694273767,-0.0,-3.9461024972510264,0.15040437994776323,0.6519648778794316,0.0
HPG,2013-09-30,-0.041620691702193686,0.15874634197835202,0.04582280732922221,3.999600853171014,0.9641337840404705,0.18941982280302938,0.4041802610470452,0.5331867930725078
HSG,2013-09-30,-0.020844600041381174,0.022521965694875436,0.024961660043525923,2.943431910307732,1.2821278618653005,0.45116925514461154,0.3094907416976716,0.6899074098556486
HT1,2013-09-30,-0.13443804705809276,0.06630429601260156,0.10529015768921639,0.6279281199188843,47.282880251739556,0.12174943545078702,0.14549867960133073,0.8735753237933506
HUT,2013-09-30,-0.5274996301405439,0.02980901447241553,0.0,182180869415.0,0.5521879348477241,0.07175459044844676,0.1749176034570369,0.5269798460353603
IJC,2013-09-30,-0.33440602376560385,0.5393147749306909,0.4055949810416871,3.153049369112618,0.024360712976421287,0.010224989497230283,0.6227345186021266,0.3640765429879543
IMP,2013-09-30,-0.0878404256270835,0.12879145503958173,0.035181496634149705,0.5089859256416903,0.6664316934876198,0.23661533235762125,0.8694816892733336,0.0
KBC,2013-09-30,-0.0736414934845519,0.06533525561952284,0.06915553776634852,0.805992932272476,0.020935124910957923,0.012295282736207285,0.32248058179396083,0.4827165393779775
KDC,2013-09-30,0.6268520280295546,0.218149728011867,0.04369888900801944,0.38295748332860585,6.032914713556571,0.27426550312448605,0.7480323111709325,0.373306361904673
KDH,2013-09-30,,-2.8782871907596173,0.14673609079613759,0.04206413633429619,0.029494531841917145,0.019100651374170382,0.5858794098296012,0.5800358856287358
LGC,2013-09-30,0.7072612294972456,0.11480382428681633,0.0,70209000.0,1.2620587380539807,0.16234201815173863,0.38238869378907503,0.7009925440649822
MSN,2013-09-30,0.16164539350150212,0.14704428807872905,0.05555238718693068,5.840466068298911,-12.110514369976292,0.07616051786808353,0.2870823498949792,0.5868665780257019
NKG,2013-09-30,-0.041179766744583915,0.03516348410519359,0.017833438693229852,-0.0,2.4085759654069685,0.470773070980824,0.13334822624433518,0.5821049917170282
NLG,2013-09-30,1.071244555981796,0.17716844966735656,0.014350107146146358,-1.5362952089858255,0.14555714127477237,0.07727815171883425,0.38111809289443893,0.384116271826914
NT2,2013-09-30,-0.22136947242815652,-0.02407929744301351,0.20808310440878383,-0.0,2.905170112118422,0.09290874024352942,0.21719343625666693,0.9207556815533986
NTP,2013-09-30,-0.20333383248297437,0.12620959477282548,0.04275496347361215,3.561350317090298,0.8234333329763929,0.32798374799923946,0.6940535367377064,0.769957975610492
PAN,2013-09-30,0.5403365789884973,0.12789079858099509,0.0013498936937896427,36.98836661928159,1.0882436097245538,0.24900454941359876,0.6124067645819725,0.17579577265875596
PDN,2013-09-30,-0.06912238991064137,0.2596891748767882,0.0,18774127154.0,2.3547592120388736,0.14852150195173558,0.7698213149344445,0.537098684481965
PDR,2013-09-30,0.25965575274775465,0.11139578171214982,0.028897472532126305,4.34175792786969,0.0025582835054456096,0.0021033347224395883,0.25700910587142334,0.6738584868479452
PET,2013-09-30,0.078581136096888,0.03335485982450508,0.002565522394440776,0.8001130257001369,2.072248159827898,0.6101847213533985,0.2683062879034049,0.5444968502699932
PGS,2013-09-30,0.15357706594738862,0.04806974720024569,0.044163296799901476,0.3186476504883515,-9.017256764988023,0.6093883108599214,0.2977980692170039,0.26869632984864195
PHR,2013-09-30,0.2788957527611666,0.12967121687445715,0.0,-87037750360.0,3.9843642692325596,0.19205734490995627,0.6544596158828695,0.5029154380068196
PNJ,2013-09-30,0.22229372401540423,0.02637310049453344,0.0021090008185597623,2.0585043703054544,2.8826070572382356,0.9182546993515325,0.4446419790045232,0.8215566374363752
PPC,2013-09-30,-0.5457830512860264,0.1558450871145386,0.15393099728704082,0.362587574869147,0.6511839918314188,0.1095725893821501,0.4390885418395256,0.8662581823342634
PTB,2013-09-30,0.03751317401417342,0.07864428942675197,0.02341965956949692,3.164474826613144,1.3638571224110878,0.6289996910059302,0.3379989617053119,0.7403803182511122
PVD,2013-09-30,0.1482460300516499,0.17760550832707095,0.10020821934433947,0.25702081654524445,6.064297131557268,0.18903239236986585,0.46965816193023846,0.48690107381832154
PVS,2013-09-30,0.11167341639628052,0.08994572945615435,0.03412654731504368,0.5829449350370659,-2.29027148461221,0.3032163847557867,0.29792502722993935,0.1969811123638758
PVT,2013-09-30,0.09573969049740946,0.08335775971016395,0.08107060831778577,6.3232705883298514,1.3018851389824961,0.14334508138303406,0.3127478922280819,0.72653563683505
QCG,2013-09-30,-1.2064239326931105,1.5843511460182622,-0.11096801007268293,30.72432639403583,0.016146558161408475,0.00600688728387154,0.3427771687504401,0.38902365981264353
REE,2013-09-30,-0.042720634431807264,0.35550639528404576,0.03403150252374849,0.36498617660134325,1.3945749375614696,0.1002965038705504,0.6763567872727285,0.42743403534844404
SAM,2013-09-30,-0.24047036374726702,0.09458665860945997,0.0,40689888271.0,0.37645027041002915,0.08420389107093582,0.8372556388071503,0.26877266369792663
SBT,2013-09-30,0.26908562578230777,0.12204842131619134,0.0415950951672569,-0.016841602867458692,0.43207226473211974,0.20414199226707203,0.5973898085172399,0.9314002317881085
SCR,2013-09-30,-0.048636760531613234,0.25606831111296874,0.0,-43500000.0,0.12054955294193583,0.04908913399282343,0.3767101502852439,0.5987985240691972
SHP,2013-09-30,-0.02874309892639617,0.6281580570878833,0.0,48120617290.0,-0.3774118819632671,0.019931684655852027,0.3659145818591151,0.7832427840510385
SJS,2013-09-30,-0.6036888203508015,0.15540354750018764,0.0,-0.0,0.019467942459750715,0.010362300770617588,0.2735888024461522,0.5483189939156076
STG,2013-09-30,0.05301811718753038,0.05121331534641228,0.02357908964785351,0.3767611239988718,6.273021075545514,0.9427554215949354,0.7336142379552607,0.0
TCM,2013-09-30,0.08549848604041817,0.0712309788708822,0.021796611342117352,1.0357476898232958,1.3493880397984648,0.36353787089327966,0.34153619971700444,0.7398286708677657
TLG,2013-09-30,0.21793682196840905,0.15432013592768073,0.025685904107235265,0.7319490667573684,1.0408952841379226,0.4226725033098043,0.5838802559556086,0.5802566221634949
TMP,2013-09-30,0.1684263537406208,0.5803194308004062,0.4938722200514165,-0.0917068624548662,3.3798718649030426,0.1155322638111688,0.6228666546013905,0.6768764096666517
TMS,2013-09-30,0.13365004373549463,0.343521531003408,0.0,-1285119274.0,2.828828686725863,0.12011179542330774,0.7805288862521612,0.6771438620344712
TRA,2013-09-30,0.03052120408354749,0.156904293827872,0.01469838931396606,3.0396915726516456,0.9846355091687758,0.38392242567435303,0.606116474257215,0.3260209328613253
TVN,2013-09-30,0.42197367498038313,0.016898312970100488,0.014188913759951604,1.0991889309404161,2.7369690772317434,0.4250495186334047,0.2669409662895787,0.7056446292000086
VC3,2013-09-30,-0.4960204570916712,0.03587105350800496,-0.005636674257599632,0.0,0.18839943957096142,0.07393326240069517,0.16138699333934112,0.3307871195539577
VCF,2013-09-30,0.3127409802093555,0.11338885120544703,0.012853955153375743,10.0481422275152,2.9482238628097366,0.4421707043130166,0.7443932136067005,0.29292333666060344
VCG,2013-09-30,-0.1599260906988609,0.06856188402132853,0.056614383525907905,0.8929053685788617,0.6071004430659804,0.10805963585631378,0.20594559592730555,0.4660790098393868
VCS,2013-09-30,0.49885832640699546,0.08985498703618838,0.0,39824325682.0,0.5332057856037488,0.17914900336893488,0.39855548977694993,0.8790614061773183
VHC,2013-09-30,-0.03006964436092589,0.07998877465281565,0.02328311872698869,1.770592197569845,1.0547385271242897,0.38369451558631773,0.42091444078551943,0.7342824440330755
VIC,2013-09-30,0.18425110411245477,0.34862863593005433,0.10638054276461974,3.5926880129961356,-2.7609081029863622,0.14198548076490652,0.26629378469130893,0.43882003583529866
VNM,2013-09-30,-0.007631926805848395,0.25083832277786544,0.03534299628947829,2.157799037449226,3.446905396087201,0.3967829844132223,0.817442263693927,0.0
VSC,2013-09-30,0.0821631602998407,0.36790767868335483,0.0,59977841268.0,-2.6442693313290477,0.203651479356537,0.7534195335317919,0.0577507644584153
VSH,2013-09-30,-0.07606467184171563,0.688817633579517,0.6356109592803445,-1.0032190377476586,0.17266059612527337,0.026816030268044473,0.74742640508343,0.9273608432758412
AAA,2013-12-31,0.06248224812389058,0.05926958247725869,0.04158296789960996,1.8182583922071245,1.8018160585654088,0.2875007866949757,0.4723283906224003,0.6874716262671012
ANV,2013-12-31,-0.004834811411379352,-0.005817329081642623,0.0,-0.0,0.5520262695615942,0.24454891045160393,0.48168993024217227,0.7986683277140505
ASM,2013-12-31,0.6726665083892607,0.05705158894469798,0.0,-0.0,0.4567727439842498,0.2291117081718292,0.41523469163295645,0.7812733033466218
BMP,2013-12-31,0.021637707445605725,0.2237423907028471,0.038590977144501826,0.3844436664689849,0.8601246376064617,0.321957220750661,0.8855968602753895,0.1868982345407672
CHP,2013-12-31,0.819636172478696,0.6768995010767626,0.0,2630560328.0,-1.876413424572261,0.07951685661042208,0.3688656990189819,0.8181749855597158
CII,2013-12-31,-0.43515143762437797,0.43550784441588275,0.0,168667875447.0,-0.7368066848240656,0.03949378629249998,0.20253232202678914,0.7372504694185372
CMG,2013-12-31,0.13860265539861952,0.05605217370546942,0.0,143273246.0,2.209709898167027,0.5048153024614099,0.36298336321794683,0.5362626987458954
CTD,2013-12-31,0.4725914970603134,0.04336115600192279,0.004016964530340943,2.076488728551037,1.8447367379310033,0.5390995335379017,0.5029458577306894,0.47523927801748056
DBC,2013-12-31,0.11551844710796162,0.10381659522838843,0.024571889532473832,3.5003961704633886,0.7758004923947671,0.33264100679421166,0.42918424958892576,0.6693579031750588
DCL,2013-12-31,0.258932899724067,0.09601926293836303,0.0,6289777050.0,0.6918026275719449,0.3489082073801583,0.46573345189905013,0.76871127291593
DHC,2013-12-31,0.10328762261349698,0.11253646431966388,0.0,3668659885.0,1.614213881158053,0.3406804813327319,0.5652638552656439,0.5867632079979679
DHG,2013-12-31,0.17758667435415926,0.1689919635560772,0.02650728567532343,6.005956907794187,2.1395462251924515,0.3822073447458502,0.6446049879545799,0.11626169297356827
DHT,2013-12-31,0.008453473736738232,0.11333452276502846,0.0,1601730455.0,1.2895885348280016,0.6292462905988012,0.4378213405817357,0.5660373229698017
DIG,2013-12-31,0.03696430845371289,0.12371496610849608,0.0,727026349.0,0.09772017813729994,0.047409239418223614,0.5106548834871637,0.4477231813720589
DNP,2013-12-31,0.19765975540627545,0.03663362656460914,0.026218804307608694,0.858443303134225,0.8220347676218499,0.4709942099710509,0.32968261700103507,0.7749732857010365
DPM,2013-12-31,0.20442055201434842,0.12190408350953537,0.06234969160927689,0.07992881141784425,4.351206284219402,0.22813382369739418,0.8648328968504495,0.04691225483010516
DPR,2013-12-31,0.2171484484767091,0.3712352191808761,0.0,6674437246.0,2.429057584190245,0.14403351410968382,0.7943154681298561,0.2029956080493625
DVP,2013-12-31,-0.00021680594708274923,0.36578243917906395,0.0,11791624594.0,2.1560629396653845,0.14359108698282877,0.7771377551015513,0.8404145637161454
DXG,2013-12-31,0.5610913711494068,0.36752251446444323,0.008272395089810966,1.6391535247765299,0.4028313044739039,0.1047945381588313,0.4992315663774391,0.10977163894376625
ELC,2013-12-31,0.5928842304559107,0.15856931997670323,0.0,17962791447.0,0.6254482470538325,0.18434082114831876,0.6679856156060825,0.25329117070013196
FPT,2013-12-31,-0.053216263092756726,0.061743862460547354,0.01159108572979605,3.6148868776233782,2.9947637970603544,0.6523258163036362,0.40922273885649885,0.40564287654344966
GAS,2013-12-31,-0.029653104323473473,0.17531874627708866,0.05834565142002149,1.2819788399733676,7.818590344981272,0.334729060488212,0.6625658421770614,0.4375703948134254
GEX,2013-12-31,0.16835799373704705,0.05253606543951689,0.0,83239020231.0,2.02295301669448,0.47032608964204525,0.43965457212347225,0.2959960325082507
GMD,2013-12-31,0.09566511937370589,0.05750933139429576,0.08908951329186669,2.101735909174641,0.9318445274675605,0.09529829677176604,0.5843122408737984,0.5631581899959324
HAG,2013-12-31,0.052184841429290925,0.3745730061682171,0.12774512087494974,12.493170127877107,0.18719996144989912,0.03316163710808015,0.43335460104676304,0.8438393304541066
HDC,2013-12-31,1.1167710465975365,0.16631125884928374,0.0,-129976640.0,0.165104483640604,0.10205109028882337,0.44158783520164996,0.5437283396460312
HDG,2013-12-31,0.7612539384280479,0.10446520973918634,0.01302824024615787,7.484399660033428,6.273812645834853,0.2852487497846316,0.30726214135070207,0.08384540864612038
HGM,2013-12-31,-0.026895237960751463,0.4167529000622157,0.25900399739772195,0.16126250786691124,38.08423140944374,0.1337600455695234,0.7966671378189052,0.0
HHS,2013-12-31,0.3286102082097963,0.1521691471561596,0.0011610694006966033,0.34243929763895303,-6.386825909717229,0.22358777681666292,0.731677073635069,0.0
HPG,2013-12-31,0.43449217387666456,0.11370727104933302,0.043129374850769286,1.5995550204677207,1.4683112252343622,0.28698649253494224,0.4136441417769545,0.5626636871338243
HSG,2013-12-31,0.034284116011470266,0.056454624042475886,0.024825275025400467,4.177404660590588,0.9223988518754835,0.4312608866037007,0.29888648208466406,0.8440021715595128
HT1,2013-12-31,0.11623548588767368,0.13713848377751714,0.10224771066236563,0.7447268567403151,-7.647678929580705,0.13589182890066787,0.24366937042646078,0.8287311380141308
HUT,2013-12-31,0.6251736415296557,0.029783344881483747,0.0,50461991878.0,1.2399730148667154,0.11561194719100833,0.15457819598526878,0.6004519487784395
IJC,2013-12-31,2.256184448402948,0.3122070008851557,0.03010238006561423,0.3526591277898684,0.24162744477712006,0.09415828954456824,0.6257797815494991,0.3642075212534041
IMP,2013-12-31,0.16322959738167142,0.0633373244499095,0.03702360411241849,2.4026831172415237,0.9882533556256521,0.2761467020400517,0.8376240032416149,0.0
KBC,2013-12-31,1.6617687185293917,0.41383041140294474,0.021596387777358384,0.69453556505644,0.11126406336366178,0.06168104163282104,0.32283626804553756,0.4544650596500448
KDC,2013-12-31,-0.4108217385207551,0.10365851547266247,0.05419172741812236,0.07333535409526791,3.08416876912936,0.18287232194699876,0.7668707155084477,0.3822393969368539
KDH,2013-12-31,-0.3379463116513226,-0.09004885034525499,-1.15600135873888,0.02390898676816399,0.017558978490614618,0.012794034008785999,0.543206008498928,0.713329032287854
LGC,2013-12-31,0.2597881134690339,0.17371736825694617,0.0,48000000.0,1.416126336484059,0.19465197705373743,0.5289517691810921,0.598700769532449
MSN,2013-12-31,0.3571073397866162,0.1965557981497506,0.03816668507605242,5.596691929987153,-4.256784311773458,0.10301246835695581,0.32151832406112507,0.5929532084835875
NKG,2013-12-31,0.2792246131934259,0.03177499610032515,0.008877620848615592,-7.980163970560281,3.3370990820310884,0.6434434369858729,0.14307329139486494,0.5831910715535162
NLG,2013-12-31,0.5333799642454654,0.17138472619043651,0.008172014505529474,0.2024375782979264,0.2823218318016894,0.1296373163217463,0.39106493314563656,0.3406510965568357
NT2,2013-12-31,0.32867317061911117,0.10003491770091204,0.17047185175249763,0.03445687574958958,2.175870241965261,0.13124612868686014,0.22875715880942918,0.8990063563944373
NTP,2013-12-31,0.12345165306249621,0.1632678316430704,0.03873654037589609,2.813679877599155,1.010723574074269,0.359506980969964,0.6770042203671832,0.6294543071154968
PAN,2013-12-31,-0.06407904948424026,0.1818697282987441,0.004804692353128161,12.076036379120328,1.4096664139310706,0.18851963440752167,0.5074440465005084,0.4323253452279945
PDN,2013-12-31,0.07391747571672745,0.2693083115903745,0.0,11548221333.0,-32.36548779302747,0.15309665115215923,0.7511202332798678,0.4997894535236503
PDR,2013-12-31,0.28618067132516845,0.12560062117519294,0.01900337843858418,0.9163283329850367,0.0031785462141040834,0.002751603095323666,0.2527654351787397,0.6569729300005753
PET,2013-12-31,0.06287408602206937,0.02476453723158119,0.0025297501900368264,2.122926420477937,1.6922972842572463,0.5088726329540619,0.1987080702153726,0.629370021782919
PGS,2013-12-31,0.15043803876930142,0.027067185106822204,0.036386257484537124,-0.33234083706703554,-11.602285755358782,0.685562068838199,0.30111712788878153,0.24873035739614696
PHR,2013-12-31,0.01986199612521115,0.4163569655850813,0.0,83319433102.0,3.536579030996115,0.18407099044290415,0.6358810508625801,0.5959091657072842
PNJ,2013-12-31,-0.005264770036987118,0.03721316215774118,0.0022352940830779574,1.8481675563596391,2.658914456146646,0.8600876421624374,0.446421916438745,0.7888210077503468
PPC,2013-12-31,0.5245530454735612,0.1886867100119053,0.09727249489892174,1.0183278503250848,1.7277832212248379,0.18491456243507934,0.4537947515216913,0.8275782839554754
PTB,2013-12-31,0.33524733396675277,0.06248015225086269,0.021881693586403614,3.678393023972284,1.759629412964987,0.711119996370674,0.30094975425363035,0.7281980888267359
PVD,2013-12-31,0.13772233494707123,0.14000499297650879,0.06703578629724327,0.234180967142787,11.973662947551668,0.20898495027187242,0.45950122671222254,0.48322754630300757
PVS,2013-12-31,-0.23089559924116002,0.1259159342270986,0.04517063301451608,0.24319343163697318,-6.553097985685997,0.25893987403800484,0.34493154375292656,0.2258227791249578
PVT,2013-12-31,0.16992547672641803,0.10130712650415295,0.07320524111834127,5.036011918755366,-6.340481402773171,0.15608872865271803,0.2941454885033497,0.6387439815065434
QCG,2013-12-31,2.8397383403743826,-0.01400292567185462,0.004913450999725563,9.73724744168402,0.2778975174563608,0.10804154566502146,0.36044840227494435,0.45490865072232156
REE,2013-12-31,0.17391018568959024,0.21302365328209324,0.023508847184836035,0.2988413222286653,1.6502654596598785,0.11826150986400942,0.750261225866541,0.30227922349080505
SAM,2013-12-31,0.07236294255417358,0.1662633815904391,0.0,41667090515.0,0.36224216419740096,0.08760769772402972,0.8230595195175703,0.5343796509161961
SBT,2013-12-31,0.2663025226379668,0.1870248474343829,0.03398546443501427,1.9662977435502038,0.6950945118453778,0.24165458023159833,0.5663680000142218,0.7663062140305218
SCR,2013-12-31,0.6084219376176955,0.17916159875200455,0.0,-43500000.0,0.21718876878320423,0.09638951070357503,0.40461571759896464,0.6603959050738183
SHP,2013-12-31,0.07041279986217551,0.5802915875360892,0.0,173360523302.0,-0.554855564616581,0.020929133571275446,0.36944105353650253,0.8169471707540046
SJS,2013-12-31,1.963618075494175,0.09393311130632948,0.0,-0.0,0.14643012145525588,0.07513127900700928,0.2855665583095563,0.5237554093230172
STG,2013-12-31,0.02326796714245624,0.05645625936923758,-0.007880762751199758,0.9174579451183643,6.117930188067806,0.9162276894396166,0.7353351849597656,0.0
TCM,2013-12-31,-0.09539491694849556,0.061665202640677305,0.02305846684306201,1.0426903969981873,1.170904006619353,0.3270144266170033,0.3699101145886149,0.7382099903612176
TLG,2013-12-31,-0.3053236234252096,0.07654586454766928,0.03103857507028046,0.7079889710997088,0.7373021107104216,0.32586710031627103,0.6232997065133347,0.655671161862334
TMP,2013-12-31,-0.2757234935098961,0.4955442163648095,0.5960579711198875,0.5435415162991093,18.053523308519985,0.0871388682980056,0.6460849795154403,0.6415523893099184
TMS,2013-12-31,0.09645689925088229,0.2770765074227951,0.0,48301635.0,4.749272992214544,0.12653856219442178,0.7575274535391635,0.6207630601936011
TRA,2013-12-31,-0.05894193670580906,0.13511868094567128,0.016680950397178262,0.648579674693442,1.3570588987704857,0.37344342401313213,0.6287477852371608,0.28277648732421523
TVN,2013-12-31,-1.1481806234849619,-0.04282115004663262,-0.042168317064839284,1.0991889309560081,0.9879117008853233,0.14069135890387355,0.269206430805499,0.7357990402891604
VC3,2013-12-31,0.7508381753738753,0.0355313544659827,0.019384317146173613,0.037286396788589825,0.47130217348005077,0.1623297709503739,0.1728659695604887,0.263472412454985
VCF,2013-12-31,0.37776908588305397,0.1851402939806941,0.00944114635984673,2.8961086735981296,368.61692279676987,0.5422679334441813,0.7027052054699654,0.48240246801708503
VCG,2013-12-31,0.12455256790065765,0.22843307123542697,-0.04275108983888073,-3.3770464171218406,0.8732893159421384,0.13614624490497151,0.24481073968248887,0.3726782413078125
VCS,2013-12-31,-0.39689590804574426,0.12407343659571882,0.0,7212957038.0,0.38784829386595165,0.11355778337046568,0.3838741906988661,0.7991921258908996
VHC,2013-12-31,0.060515304837798885,0.03266942274857486,0.02098781567859171,0.35670159652831357,1.1751852245256194,0.5557853593730943,0.5782276151503588,0.556155211698554
VIC,2013-12-31,-0.1929512259802966,0.25807774726662214,0.0435388058295652,17.441538063298083,1.2941166180825943,0.09614877139443805,0.23684639422842024,0.47855484025246925
VNM,2013-12-31,0.035156651805040275,0.2166587097800857,0.03523313414569778,1.7440149228872466,6.39109970232707,0.37116971039240787,0.7670020429786789,0.06812225203528254
VSC,2013-12-31,0.07536189896898562,0.41611711688293973,0.0,69508435863.0,-2.6493942766974423,0.20701210292123565,0.7801104084669906,0.03589249531045286
VSH,2013-12-31,0.12466900900074557,0.5647854266616087,0.4019033381813241,5.5862877528999135,0.24041005388226075,0.029307053423752435,0.7122855319004301,0.7760713166589045
AAA,2014-03-31,-0.01658300905134548,0.06443965354368021,0.04144166788854863,1.2498143158820993,1.402929168528287,0.3046949054079608,0.5226786605324721,0.7454365288937835
ANV,2014-03-31,-0.09364998113339232,0.03729916560593335,0.0,-0.0,0.47942670316714786,0.21474985506802857,0.46712534014935736,0.7795226739486745
ASM,2014-03-31,-0.42446605856063785,0.07837253939805873,0.0,-0.0,0.29717138751274425,0.14301649125440874,0.40478911773138154,0.7278216324661546
BMP,2014-03-31,-0.06706059694133183,0.21225586122223736,0.04240847416361897,0.07563112895254923,0.78612966609164,0.29138578665524,0.9017491525263898,0.22058047239444825
CHP,2014-03-31,-0.8517851761208359,0.555959251146051,0.0,113711872.0,-0.4830126077977433,0.03407060392149137,0.3779843840398228,0.8194564230657663
CII,2014-03-31,-0.3130442528014075,0.7233986394207862,0.0,91775271820.0,-0.5066585448331807,0.02853940250805384,0.195617220525002,0.7453570750835562
CMG,2014-03-31,-0.1310323008614781,0.005890698345854762,0.0,49942596055.0,2.0537373423241294,0.43588138182414893,0.3477939056783748,0.498651474873377
CTD,2014-03-31,-0.6687118464083842,0.06836951501283658,0.007829003132828563,0.48409866957859676,1.0754394069883313,0.296795876707542,0.5439548004036301,0.39641237545571245
DBC,2014-03-31,-0.08441812747493797,0.06026600057740712,0.025759258945571437,1.9902171565917237,0.6261565995221383,0.32166374587695024,0.4598621613876324,0.8134375505787408
DCL,2014-03-31,-0.20251358572839634,0.1267879512770386,0.0,1603695637.0,0.536284490334069,0.28131404651673414,0.46971279239451225,0.7721818673012537
DGC,2014-03-31,-0.04774611638308817,0.17024547793687503,0.030717451462822308,6.439215324537116,1.0022977308155598,0.3297629163828836,0.445674916573696,0.30843630716363113
DHC,2014-03-31,-0.26583326902449134,0.13683250188218016,0.0,377690608.0,1.0307317194775594,0.25683124617257375,0.5785710831082084,0.6540003068863435
DHG,2014-03-31,-0.46472877574933646,0.20086628149423158,0.02744638560184739,6.646224283233858,1.0322347584576832,0.25596629921767416,0.7279722977093944,0.07893035969950153
DHT,2014-03-31,0.04938266211532866,0.05009369205199021,0.0,2449406000.0,1.2052122845128126,0.6298375859405415,0.4344561208987705,0.619234867268084
DIG,2014-03-31,-0.14993059475969495,0.13074375075778527,0.0,2269353343.0,0.08394314358206542,0.04160769427452108,0.5248155773075021,0.46716489783835546
DNP,2014-03-31,-0.13996124407190852,0.04914259604229654,0.033662861719488416,0.5506450307471276,0.6841427147999889,0.3783283406114475,0.29727798745479866,0.7910178450701841
DPM,2014-03-31,0.03634907608404516,0.1706751415641431,0.030065775548283193,0.4464306998065033,-315.176535765695,0.2345907269680664,0.8025385944804608,0.013499528482390196
DPR,2014-03-31,-0.7843453582134117,0.28440382891996846,0.0,19039703508.0,0.6674578603279523,0.05817663261905642,0.7196296115690523,0.1761582505152566
DVP,2014-03-31,-0.13536584199606702,0.42984702025047694,0.0,29906731173.0,1.4554960953222291,0.12192634804063783,0.803801000942906,0.8706488077292415
DXG,2014-03-31,-0.3477094117734448,0.3074549759514215,0.012589969445834319,0.14173007648907096,0.4924682177388001,0.06266061255718271,0.57949167801233,0.11061902730876418
ELC,2014-03-31,-1.186919866087026,0.12796879345084522,0.0,739455103.0,0.19626378893390312,0.05744813787493622,0.658027628471699,0.2281233252297616
FPT,2014-03-31,-0.0447909207983541,0.05615295467145496,0.0120640177598218,1.6777425750041368,2.358863795918938,0.6298901861016971,0.43413361854814947,0.4549605305724652
GAS,2014-03-31,-0.032382543231445966,0.2507927465614271,0.06994896191352266,0.4435252080929848,9.935604625082785,0.31786782046307216,0.6893682242236484,0.45474332742990314
GEX,2014-03-31,-0.15424684826639715,0.07181489870141533,0.0,24650352434.0,1.6208687840742513,0.36783427427908116,0.41202847308608764,0.2796322334895173
GMD,2014-03-31,-0.09439797413722485,0.11557190861890558,0.12247772836298973,2.113199258930072,1.1705354500542895,0.08524372462545232,0.5825531843243561,0.5902940645121996
HAG,2014-03-31,0.10329328592965524,0.456860094963331,0.12995589149581033,17.61326496658632,0.1867125919566566,0.03554640231044129,0.4287404452138129,0.839685416166746
HDC,2014-03-31,-0.3481821091745866,0.11673604688188449,0.0,9016355.0,0.12015595117109262,0.07495278067522348,0.4627049544363019,0.5440307285447941
HDG,2014-03-31,-1.249893711368034,0.0911711334890152,0.06249388838535821,0.10416611320694091,11.712547161877298,0.08394678051443312,0.32144242707207366,0.036892121503142604
HGM,2014-03-31,-0.10758715854457941,0.43212788387932927,0.09842955371772359,0.11978037864550603,-3.028390218598353,0.11563827220892564,0.7334582298259851,0.0
HHS,2014-03-31,-0.09103309630872407,0.1220769925102277,0.0012498968777144546,-0.0,-3.0893556466233574,0.18227442806540078,0.6755708860511899,0.0
HPG,2014-03-31,0.0033874534234675,0.18023079896525832,0.04956566214857428,0.880178347860896,1.3137871711552234,0.3051217153246722,0.4757541771345223,0.6379514236537472
HSG,2014-03-31,0.009856683797454574,0.04006116862961762,0.02575556550717992,5.496715543094868,0.9146593302712183,0.3714434091830924,0.24733112257346687,0.7529254192336508
HT1,2014-03-31,-0.11328970829310425,0.091777593171848,0.10416711031224439,-0.012830899132267174,-13.188446797522138,0.1234656963989556,0.25652818019842477,0.8453030953125968
HUT,2014-03-31,-1.5891004111603189,0.12216576749121456,0.0,618840376173.0,0.2168299386571358,0.02150128672834824,0.14145845309123456,0.5939609530108868
IJC,2014-03-31,-1.6665127032858498,0.3388045615983153,0.1627354538045698,0.09506712978133675,0.04358824127448814,0.017949192017322327,0.6352619798119794,0.36527044804931297
IMP,2014-03-31,-0.3057423112062855,0.15754024655600452,0.062436236607213674,0.2756108032080198,0.5649272058948752,0.208907114447729,0.8807286432067597,0.0
KBC,2014-03-31,-1.5252555465185063,0.38898088960830757,0.06511186861917394,0.4704166907609141,0.02558133321212835,0.013515524845151726,0.3264863376163114,0.450889352786571
KDC,2014-03-31,-0.3525617880241217,0.0709517910821434,0.07368147854859558,0.16108207602871544,11.941950944626747,0.13241252994918085,0.7933217782635085,0.45368162342241286
KDH,2014-03-31,1.2908797361943303,0.28421597235341856,0.011348574334610841,0.07441535049200665,0.056021489085177234,0.04159139472364861,0.539624500878528,0.7203807681892372
LGC,2014-03-31,-0.9079963463090818,0.1413555517275664,0.0,-0.0,0.6451838123002799,0.07993341027518094,0.5402840465533817,0.6081142482199349
MSN,2014-03-31,-0.4945367799575122,0.1347899881290418,0.11236138697515423,3.5277448076317937,-9.60348353917584,0.06314124842553487,0.31975241293314044,0.5814530231424048
MWG,2014-03-31,,0.06294319720714658,0.0068401205685030735,0.2038618323671761,3.640402436597046,1.676836569103188,0.46717338930735114,0.40338577709755935
NKG,2014-03-31,-0.020226487072551282,0.029817942116599837,0.016579208645584813,0.2677817082685159,2.9699579579925417,0.5906400420099182,0.1365894196501568,0.5523740808538182
NLG,2014-03-31,-2.0879960280510867,-0.31182165393247624,0.034757948928241286,1.6875093319493715,0.027464422249069413,0.014300057548265918,0.46287055113550996,0.3785420336686231
NT2,2014-03-31,0.06256737714199334,0.046992408187644094,0.15123776521770996,0.01042423081071687,2.006611195312053,0.13670614177649368,0.225556953960849,0.8730666407288338
NTP,2014-03-31,-0.14380901337893864,0.15485601397490867,0.04627700470947128,3.1045270491796226,0.7926625767293002,0.2964659655246567,0.6795227296184678,0.7555093433999112
PAN,2014-03-31,-0.12382561271576349,0.13796156050984223,0.021647121602933445,0.5058396780571348,0.896369514161006,0.11690852365260855,0.7208575151564033,0.3992625952573014
PDN,2014-03-31,-0.049220936845354606,0.2440715457890438,0.0,15002869513.0,13.712933617817828,0.1444713553383009,0.7404206295561231,0.5289367001425306
PDR,2014-03-31,0.24886344792289347,0.03395389451811048,0.012242656451903726,0.846790356213982,0.003990311299187413,0.003454669631233054,0.24735230331480831,0.6397942247636784
PET,2014-03-31,-0.1676278704441875,0.03799054129178111,0.0028226406872698235,-6.516148274422395,1.1729158590206576,0.46112430989807385,0.21969477563070003,0.5696013871171939
PGS,2014-03-31,-0.2149892495215164,0.03191844340804997,0.043129914746887925,0.11023407165325293,-8.696924870541386,0.5794724468883193,0.30197597053660785,0.2426632939804312
PHR,2014-03-31,-0.38100872858866625,0.23819957238244235,0.0,18256788847.0,1.6815894957095718,0.13336864372785356,0.683831444523252,0.6625421858791777
PNJ,2014-03-31,-0.03620745750047012,0.05153152278026037,0.0024335757228896456,2.420737855054794,2.7056927853841057,0.8372471686000983,0.4168401370647707,0.7366367260696467
PPC,2014-03-31,0.030256898951094773,0.1248773720812427,0.08834491458597565,-0.0177176119001153,0.855549677110719,0.19742057102668076,0.48935572479864575,0.9022777133531332
PTB,2014-03-31,-0.15133946154198663,0.07525664914774433,0.040184897969409564,2.3712408707001678,1.7891548223435645,0.6652449811159067,0.3044794024601511,0.6669819577882253
PVD,2014-03-31,-0.027063273753511974,0.1867340539581973,0.07471724074791296,0.2632819490897313,8.775484252153797,0.20336112469977677,0.48160312003842964,0.45641844115233343
PVS,2014-03-31,-0.0667931847859887,0.06100933349608754,0.044780483268231135,0.21085639707698905,-7.302555733331541,0.23883235031734268,0.35318194093929295,0.21480909068255943
PVT,2014-03-31,-0.08022626069785001,0.07135733744369088,0.08051663906849912,1.5577583945720823,-5.241973034638747,0.14236906736863494,0.2970267714150087,0.621052224375973
QCG,2014-03-31,-2.781400229496555,0.17635447821550335,0.09885117711874786,0.9567699983684747,0.013827837830073702,0.00653659607712065,0.35351174163986954,0.43781129466762525
REE,2014-03-31,-0.2542168935430544,0.45186075637500833,0.0436668346259083,0.015795854249461286,1.1041529863598996,0.09525476518601214,0.7475889440424915,0.3573245159797232
SAM,2014-03-31,0.32312382549345514,0.06221109034653563,0.0,55397117251.0,0.5110016560598112,0.12131461118552064,0.827751626786169,0.4020113431366719
SBT,2014-03-31,-0.4809313200194433,0.11696048133814003,0.0486704891632097,0.2138900675436252,0.2771270115477436,0.12395378039127097,0.47742658827857126,0.8248612170249447
SCR,2014-03-31,-0.4141496631314269,0.182780844083742,0.0,42000000.0,0.14014559599862064,0.06640128519153371,0.42430483175430767,0.7066674205673711
SHP,2014-03-31,0.0021307385921939827,0.4159339346999372,0.0,61826562545.0,-0.46182781617932867,0.02048827446745155,0.33657043047869495,0.7949631444715798
SJS,2014-03-31,-4.065861726103836,0.6242251817466304,0.0,-5526438.0,0.002463135570584897,0.0012780484636126647,0.28269342020635924,0.5177830762237701
STG,2014-03-31,-0.06219938773660078,0.04622306859900892,0.007403786160311332,-0.0,3.3152679721434044,0.8596255268954784,0.7288170608973533,0.0
SWC,2014-03-31,,0.04367619010415192,0.0,-0.0,-12.17890200553895,0.19710113723536182,0.7578070911637194,0.4313742476330835
TCM,2014-03-31,-0.010193061537942007,0.07476268967802832,0.02320570318388182,0.31694772617098854,1.2420769231582376,0.3424380174840174,0.4012552546706321,0.756701153978211
TLG,2014-03-31,-0.043421747060998876,0.11119098790421425,0.032523600189517284,0.2340555059247066,0.7233051733216403,0.3095770731796013,0.6357246479304316,0.6041906460243408
TMP,2014-03-31,-0.23126379801301367,0.3557409317259501,0.5499521729266659,0.018579286499132368,1.7274348074133539,0.06909743092346399,0.656249987101075,0.6844166323666256
TMS,2014-03-31,0.09636942465586872,0.30967501751328547,0.0,-0.0,4.092326483614702,0.1372305695754699,0.7772652309994129,0.6818086016573071
TRA,2014-03-31,-0.32794217233917605,0.09724401486830893,0.02319130202133164,1.182057566906119,0.7971180984204623,0.29666671458360544,0.6734658784103189,0.1803970903177965
TVN,2014-03-31,0.5729708178595727,0.031726581262193077,0.025173517569689004,1.0585679862280006,2.8083282469869872,0.2550776715356918,0.2790323496797964,0.6687791877661657
VC3,2014-03-31,-1.2789702095162234,0.005786893150307537,0.03778673201794669,-0.1491390735203553,0.18344151265975842,0.04347030786734334,0.15871089559528853,0.16052025900419775
VCF,2014-03-31,-0.6077028717709002,0.18475740067209173,0.01757000679061332,6.135481657582411,14.681531842081682,0.30941895717803947,0.789001169026821,0.0
VCG,2014-03-31,-0.6159126453746163,0.037372730752645154,0.05485964458568401,0.5645854132112426,0.4245611636877263,0.07490703743073696,0.24780862282112262,0.35764649261681575
VCS,2014-03-31,-0.07011238541177608,0.12403729510476644,0.0,9004401737.0,0.39348219526744194,0.1088862892969232,0.3974433718733397,0.7942494372390966
VHC,2014-03-31,-0.19577829335813263,0.05020996004320731,0.02697729474213848,1.9873230064414542,0.9445670196380502,0.4379940807885284,0.5680358772557423,0.5272767753894464
VIC,2014-03-31,-0.10942486568660144,0.31872147631044195,0.0475745862339481,3.7799383632051082,1.1032587047263727,0.08252232288550458,0.19857379850151427,0.4896768585811236
VNM,2014-03-31,-0.07818980175255147,0.22338402776041344,0.04130515842960081,0.6575496306716945,2.8784099510106906,0.3375150676448145,0.807948720190842,0.08257138903497378
VSC,2014-03-31,-0.14909325191573483,0.2914826119812407,0.0,15380473441.0,-2.7449467792510487,0.1743747819704166,0.8010221773227655,0.03971635042741749
VSH,2014-03-31,-0.11674770415306551,0.530727687670275,0.42449304787294323,4.5759116054109,0.19259479130610505,0.026579167025346646,0.7390921974864945,0.7388126428519732
AAA,2014-06-30,0.17895142512119924,0.054434619387402995,0.026303632139640865,3.647324325775135,2.008187932488102,0.35258834103552084,0.5124477062175538,0.6947996474478769
ANV,2014-06-30,-0.06122592823345703,0.05047652461077534,0.0,-0.0,0.4818367586819542,0.1874694494487695,0.41788561559990184,0.7038276056172001
ASM,2014-06-30,0.16641547947460233,0.11643895194802635,0.0,87637221.0,0.3501944890379564,0.1594819583026487,0.39256667260937245,0.6750441444891139
BMP,2014-06-30,0.21154738517176797,0.21910880422158407,0.03545302455533129,0.7250522940581995,1.0790496377562904,0.3545171522852974,0.8879672023724191,0.24739823398234184
CEO,2014-06-30,,0.2587571517290795,0.0,-0.0,0.17548857258238856,0.0686822059596977,0.45884035559304687,0.2584384658185558
CHP,2014-06-30,-0.19487268610617783,0.3413145989633927,0.0,1022712672.0,-0.4905796938097984,0.02929453244082797,0.3793734011463396,0.8382002375680898
CII,2014-06-30,1.7610027651339888,0.1249570835161165,0.0,-107162683315.0,-4.5993616330077645,0.14897342963554203,0.18395269873893785,0.76142894652774
CMG,2014-06-30,-0.1439170796322044,0.035401965893255595,0.0,27026856685.0,2.0028760000201653,0.3805950289549162,0.35702921858136516,0.43441518536391294
CSV,2014-06-30,,0.11930799541528134,0.0,-0.0,1.678305116885194,0.4163908947708024,0.5349505580971535,0.49083047943604685
CTD,2014-06-30,0.2681404977076809,0.06819384810026549,0.005806155763802683,0.19318053089707685,5.2107543843333035,0.3619080962051495,0.513013422976484,0.0
DBC,2014-06-30,0.01652085183970125,0.05323507767554256,0.026081176072178545,0.302907210797665,0.6801993233892648,0.3204986231270458,0.43079768909322685,0.7351822794220307
DCL,2014-06-30,0.01578628264696976,0.10569076576987423,0.0,461635002.0,0.5200951334697818,0.27861275291371074,0.4665270166987371,0.7480951962989274
DGC,2014-06-30,0.03346708041244294,0.10001304187434314,0.027983722221683643,10.53506347180728,0.7099129938616255,0.31533766383215855,0.3663622168324677,0.46470691957689264
DHC,2014-06-30,0.331869852937964,0.1233301914809227,0.0,11736695683.0,2.17148993248696,0.3441126633417603,0.5453850916179648,0.42800078303916245
DHG,2014-06-30,0.2851584343351011,0.19553318422152752,0.025237668972418345,3.265409475022784,2.4335713723876236,0.31335275916011934,0.6523904889996205,0.08934567319317259
DHT,2014-06-30,-0.10459140144618538,0.08561786398728555,0.0,-0.0,1.0435374543649043,0.5429939822426788,0.3951898798295471,0.5683011217666744
DIG,2014-06-30,-0.24153869256338908,0.03711775933035226,0.0,725283178.0,0.06415627817795727,0.029437692753694546,0.4724309297687315,0.5858539856582045
DNP,2014-06-30,0.014943931686927077,0.05449947263257336,0.03724625514794003,0.3712038789925155,0.6503110877770654,0.3814299578074705,0.30124166210981,0.8325833853401733
DPM,2014-06-30,0.009746611342282224,0.12454628439085129,0.02896580207363499,0.4170053495594011,2.8411048204846625,0.24917677432264335,0.869062197350779,0.024381638590379732
DPR,2014-06-30,-0.09363908121170123,0.21383033819434358,0.0,43607305013.0,1.0351485041554873,0.052074278632400536,0.6638774155969134,0.1973902499213087
DVP,2014-06-30,0.26392142548073205,0.4422522815581396,0.0,7498063427.0,-33.98509270699337,0.14972037451752446,0.7340033726691708,0.5605126553977235
DXG,2014-06-30,0.2701534624646346,0.4670496334375841,0.012491248087429888,-1.409083535720354,0.5822173359213578,0.07795406888130897,0.5679290530144184,0.10218340008402844
ELC,2014-06-30,0.21329258841378682,0.03931873984131455,0.0,3088023870.0,0.19766180256952795,0.07566753689438119,0.6990853163446791,0.27590853002974314
FPT,2014-06-30,-0.018472732352492065,0.06416494609492612,0.011897250021330375,2.732175931157329,2.4419191434680463,0.607218228865528,0.4270880214766598,0.3866257927024065
GAS,2014-06-30,0.15083024963509822,0.22023858240754135,0.05611353603896011,0.3261941414286191,6.591784824488746,0.385423592087474,0.7155205633111552,0.5034512902843131
GEX,2014-06-30,0.3921710199292202,0.07943816457743827,0.0,27098071088.0,2.349214584009886,0.5776753060664135,0.41956000109234975,0.3224217483395913
GMD,2014-06-30,0.7069569415453866,0.44589671168850925,0.10589948608928926,2.4270104306492426,3.2794282840492475,0.15936622524015784,0.573496565878046,0.5832728427216326
HAG,2014-06-30,0.0977455075426493,0.3714629121246129,0.10481589109311265,17.874967310583177,0.18359329514139214,0.036743473947880766,0.41518035145501575,0.8372691762960607
HDC,2014-06-30,0.0281313844276914,0.11171424005645521,0.0,479747255.0,0.12104020828196813,0.07814349343282657,0.4743633892757354,0.5692358819478217
HDG,2014-06-30,0.7051080851022116,0.06043049491359114,0.012150382866969183,5.58282299071968,-27.55621253896049,0.18040203570852853,0.3405008999694013,0.011714042864992216
HGM,2014-06-30,-0.3332734439889642,0.2723658657321392,0.107201734898357,0.19878620428388874,2.1652747093619262,0.09213024419496624,0.7798926109216198,0.0
HHS,2014-06-30,0.29755106864825714,0.06268392897986474,0.00033852063879933746,-33.74731957695845,0.8984826676871296,0.25123052016135927,0.7070853367763877,0.06713183477462109
HPG,2014-06-30,0.026542039546171178,0.17201542612825813,0.048844068136730506,0.6422650482913087,1.3536031215041833,0.3336530536309589,0.5217896717341142,0.631560980816425
HSG,2014-06-30,0.2573337875352307,0.042105925048098014,0.02215763646538782,2.870273787438121,1.6020809052397413,0.5526301804122035,0.29787158465650615,0.8050602374379519
HT1,2014-06-30,0.08710466829666609,0.08507930462945305,0.11084465157073262,0.06498225011659496,-3.3003962804372504,0.1371908340770149,0.26215870274414327,0.8004174971117735
HUT,2014-06-30,0.7603419368238098,0.0670416387794292,0.0,137791709970.0,0.4416750647833041,0.042907444790642714,0.16779334107432697,0.6260592214348053
IJC,2014-06-30,0.21616341973173545,0.231430961933818,0.11263806493766325,0.12078132687508875,0.05797086320962555,0.021268329768389046,0.5750476093484983,0.30417839819398423
IMP,2014-06-30,0.1337872065896183,0.13585852025799725,0.05337487044327227,0.49281355002653515,0.6566403096776117,0.23288211293023114,0.8592305700207132,0.0
KBC,2014-06-30,0.09833111211292703,0.6504037473385841,0.14128109587239746,1.95974523612024,0.024347336417895146,0.014884920338908739,0.4083806408794055,0.49500392230135415
KDC,2014-06-30,0.24386451826377803,0.08812015270323989,0.058573087250409314,0.2219918826787116,1.7557773240591066,0.13243151389712407,0.8382904846599007,0.3891295506277945
KDH,2014-06-30,0.01803263698623421,0.5924410587456868,0.019993986167225666,1.8093837747201207,0.052053641953338295,0.033043988547316064,0.5799254898755817,0.6330654735019038
LGC,2014-06-30,0.7377838629977156,0.15267426089109337,0.0,769476000.0,1.1989836332365722,0.15890286977945173,0.5178011518778972,0.6564159263786938
MSN,2014-06-30,0.38392374935012935,0.13585985676031645,0.11424534412955466,-0.1851166724543738,-17.094473151204888,0.09429049012175209,0.3136998385196634,0.5911849800261942
MWG,2014-06-30,0.001113818923246683,0.05441724817222754,0.008636715655099627,1.8554624147176608,5.113652272341781,1.5682030661282922,0.5013492438323051,0.2171135210391053
NKG,2014-06-30,0.04687892580092493,0.03426258252964932,0.015911463738661074,0.9960866212015964,4.422464256701937,0.6215500265309543,0.14700202438255114,0.49837702532033085
NLG,2014-06-30,1.2694395101321816,0.07265467335535207,0.014100981551639085,0.8376445109048186,0.09875857967992246,0.05117194303593102,0.45763469326691736,0.3427064264625907
NT2,2014-06-30,-0.15843300856772097,0.09312938169629743,0.1862102188575936,0.007742876731178345,1.7927088967556044,0.12458617154420439,0.24721301921283065,0.9012475222457673
NTP,2014-06-30,0.39329387465005167,0.1431823794341553,0.025708338172695442,2.9811519581920054,1.0189832352162134,0.39984820178302954,0.6239768732863122,0.7511689337888706
PAN,2014-06-30,0.17363741314657558,0.20796642027315945,0.01866437126544731,0.19734129060529718,0.9729032193772009,0.14216292781702533,0.7526740840689847,0.2916447880078393
PDN,2014-06-30,0.21413368556617793,0.24735564090406015,0.0,15352785454.0,2.9449107752892885,0.17054389537011597,0.7378568934777798,0.6551024813085079
PDR,2014-06-30,0.1865769930859067,0.03449103988190243,0.00830146854817746,5.5097283558185834,0.0048859817457622134,0.004108511521088799,0.2441079002576102,0.6192073406234133
PET,2014-06-30,0.16270992982617113,0.038022667716076576,0.002072722433317364,-4.1724269924969475,1.354353580765898,0.5987985081130616,0.24368833424691494,0.5978961057487567
PGS,2014-06-30,0.12783109213233354,0.0379819880391829,0.037065980248935995,0.7806972630103971,-3.4898339026921175,0.6143544463764555,0.28532708907672355,0.17900986608050393
PHR,2014-06-30,-0.1121156462726182,0.15933506073024978,0.0,7810526477.0,1.3539263682519618,0.12083917105354747,0.6583463909012469,0.6877935284007453
PNJ,2014-06-30,0.010642954455215011,0.039707721829545704,0.004504181474996591,0.43017431424012265,2.115545838566841,0.7988806505692413,0.41171312807036725,0.8192429282349413
PPC,2014-06-30,-0.022148065355778453,-0.012444397721536668,0.07809495444605974,0.023675590991759504,1.2257652592469255,0.19228364795392622,0.4376524136162262,0.8398917357619665
PTB,2014-06-30,-0.08747732134338125,0.09553003427146947,0.02465380531909559,1.1902964712689958,1.398325085025419,0.5620195379235927,0.3148235910107409,0.7070463668563791
PVD,2014-06-30,0.25954161947570575,0.16816184638225093,0.05621494728840019,0.1158012467801365,8.278434856493098,0.2455807200513551,0.4809192785303456,0.3999904384460432
PVS,2014-06-30,0.3015828622995913,0.10649819947397063,0.03496326992653041,0.4283606635925441,-2.7008309044259766,0.29741911870963167,0.318366839974674,0.17408051436737546
PVT,2014-06-30,-0.05160675639882832,0.11396871881131967,0.0895249690458458,0.12383871613692016,-7.691717577180316,0.1408045289269727,0.31541071111744357,0.6337821235751709
QCG,2014-06-30,1.5289685492706198,-0.016234620751564,0.016825716503717406,73.53440961021055,0.062298250277277714,0.029941150569734863,0.3567447928874164,0.46663104946016687
REE,2014-06-30,0.21857027866284265,0.3202285478543293,0.02862883590496459,0.4767293134425766,2.1153919771104737,0.10208593951922504,0.6730237919807218,0.2511306053959882
SAM,2014-06-30,0.3250469246746305,0.03785507783115787,0.0,50906015036.0,0.5958535816695775,0.1613382981069671,0.7730297690578584,0.5373716672330523
SBT,2014-06-30,0.19467999687505771,0.10115325472762644,0.04066832619066719,0.5842437923687941,0.39166896886777464,0.17462067826462013,0.5133204232411531,0.9017470742137205
SCR,2014-06-30,-0.5327492914679554,0.17948545302534125,0.0,-2712693152.0,0.0809520260190703,0.03791723176299029,0.4124887654800235,0.7122326679425454
SHP,2014-06-30,0.8193122415106452,0.621044880987662,0.0,36810463948.0,-1.7277919246175184,0.045853453040283175,0.3495161582738605,0.7909697545770235
SJS,2014-06-30,2.633669758325883,0.16934045253512536,0.0,2372425770.0,0.033742815641645565,0.017712946117869135,0.28397109564388284,0.5145425146439148
STG,2014-06-30,0.37153705647830576,0.046752282612273786,0.003986574181307436,1.6036012917331346,4.2584578398098625,1.0089983033332774,0.5856036829706336,0.23544671635297942
SWC,2014-06-30,-0.748994405114655,0.19129177766322103,0.0,-0.0,-1.9680278395161934,0.09972469784022119,0.8155690099650023,0.3493619053960947
TCM,2014-06-30,0.03853973115669114,0.08426865776311822,0.024071617462056334,2.3651813777134363,1.1358698292133933,0.3333575402391395,0.3747227020439825,0.7264500030359957
TLG,2014-06-30,0.33660464304244153,0.14394413547912152,0.02462860080029417,0.8697240940727414,0.96626020764968,0.37980994435974413,0.5834183587161628,0.5211709387874695
TMP,2014-06-30,0.8974230058844528,0.40057451203810934,0.2501470895602449,0.5310691671704814,-9.442627494671582,0.15386826696084324,0.547782342797355,0.45984188977371054
TMS,2014-06-30,0.010017923486641774,0.30143636406901686,0.0,10508733835.0,4.458016230999151,0.1364778293808741,0.7794596075907672,0.6467994873852891
TRA,2014-06-30,0.38849731063512594,0.14182620804174553,0.016854755258668974,2.1250918579593425,1.2983802078504427,0.4358937043569779,0.7116113604552724,0.15275202766512455
TVN,2014-06-30,0.0861605823752919,0.0309644428322158,0.02278920308200958,1.5893595042403128,2.424357227928657,0.27048635202544813,0.2702314613897555,0.6744884619092215
VC3,2014-06-30,1.0766207880937173,0.07316058854798765,0.01316985310083547,0.15465355139263373,0.8839484598489004,0.12837733393323983,0.16561295152655742,0.05349559538256695
VCF,2014-06-30,0.5021710815970188,0.09946478294237947,0.011783802384754722,-3.8978485467938593,-9.07304954763053,0.41936333131796716,0.6615664720386515,0.14327244278584156
VCG,2014-06-30,0.2108997174963853,0.10832404115979456,0.04103415542364493,1.3453118352710927,0.6202503129413905,0.0935753899423037,0.24925542259032207,0.3519730150978482
VCS,2014-06-30,0.597402131323587,0.20438086824811005,0.0,58079310449.0,0.6953936145843032,0.17299092486852077,0.36403807151834566,0.7828810128569195
VHC,2014-06-30,0.23204580091133908,0.0619448930189378,0.021104575184790985,2.667281201322169,1.0464978248914287,0.4499507060128301,0.45122983769253794,0.6941558778193987
VIC,2014-06-30,0.23796939306019949,0.29318542604165615,0.038896253191777856,26.157799214608637,0.8939257559174851,0.09748016715451811,0.20843125899692985,0.49220623417000137
VNM,2014-06-30,0.1841785760755004,0.20999806565008797,0.03442127221730857,0.37859224294071425,4.531506902545687,0.39773737872178383,0.7816567024235765,0.07595871234758053
VSC,2014-06-30,0.18415157569717547,0.32422695929666756,0.0,7484165654.0,-2.0950514779509923,0.195095863264247,0.7695479758974741,0.03148684002480277
VSH,2014-06-30,0.04894674196170093,0.5101106130188738,0.39137482893184616,3.0165791481069877,0.19586087312388933,0.02792426636514762,0.7513139881574472,0.8323878263187083
AAA,2014-09-30,0.05910450119140673,0.06281576236225105,0.047046315285292566,1.4748988181013198,1.920204610656248,0.36127804563640464,0.49162208781622413,0.774021501964315
ANV,2014-09-30,0.20318579849791643,0.05478478735347248,0.0,-0.0,0.6048732711608577,0.22206351612167183,0.41165275777886357,0.7481485869229669
ASM,2014-09-30,-0.19773620168196682,0.04286350790360985,0.0,73315660.0,0.26075991076916233,0.1264753100830474,0.3822258267053494,0.6909002010190657
BMP,2014-09-30,0.03219278403087333,0.15642848779452226,0.034317653560255276,1.3646410525974753,1.0195431049400383,0.3510078022501443,0.8945387102455831,0.29123270074490903
CEO,2014-09-30,0.4092460476678048,0.30257463657291234,0.0,1260660980.0,0.2441356213346753,0.09958056997325679,0.4607437919471441,0.27730627756076576
CHP,2014-09-30,-0.12920907801378564,0.2838572913369301,0.0,-93711544.0,-0.4698307684822854,0.026176888709167165,0.3814833992000821,0.8443567640954462
CII,2014-09-30,-1.4169577850019317,0.4467400749920241,0.0,37605502585.0,-1.8578198477341688,0.03595516930941386,0.19408189096701947,0.7423689123621954
CMG,2014-09-30,0.2942324043100196,0.051166179391685634,0.0,9282924030.0,2.3221030018770645,0.5542794432578207,0.40474844053751396,0.5085763324688664
CTD,2014-09-30,0.2755028206368081,0.05981388590876739,0.003779130581300977,0.6766033597971424,4.18811053578528,0.45264029822285223,0.5056387540785516,0.0
DBC,2014-09-30,0.03903823605677994,0.06038731781602909,0.02784636041821097,1.3553616171889276,0.7970062493563713,0.34436649907732286,0.45658619108190385,0.6913659793677118
DCL,2014-09-30,-0.10644559335454579,0.11690931611689034,0.0,-384962639.0,0.4658753714586315,0.2581728857957122,0.49788464909045155,0.8152118402215388
DGC,2014-09-30,0.1343686683728594,0.12669369599868252,0.025231928575620264,1.6174791671483675,0.787024330326099,0.3288889423164775,0.35658102991395046,0.4035322826275734
DHC,2014-09-30,-0.022584119035162466,0.12106390621030447,0.05986492049177062,1.8804300010658312,1.3822590191354693,0.35063401560039564,0.5982488014332336,0.5934432611916148
DHG,2014-09-30,-0.06095207922058326,0.19407930236326285,0.02872940795937954,3.6434464398556545,1.6399167006846664,0.2926513172544185,0.6873587675025736,0.08603940669999267
DHT,2014-09-30,0.12465099916162078,0.05154234728755421,0.0,-0.0,1.096092190130068,0.6169041433103682,0.40791162670663084,0.636511482113162
DIG,2014-09-30,-0.12533530039731083,0.11189399638262171,0.0,4947017175.0,0.05504311785326614,0.026085847214404573,0.47593048015051315,0.575105517590211
DNP,2014-09-30,0.050174793456856895,0.06472388855915073,0.03741728429969234,0.6838846358600786,0.627468393449165,0.37591028351316036,0.29497889705784136,0.8584261124859383
DPM,2014-09-30,-0.1072045235650211,0.14849703840805853,0.03353871240530588,0.6864383320907124,2.296975363045929,0.21523008701376403,0.8553283436580389,0.02136578316764589
DPR,2014-09-30,0.6492629617228337,0.280993070571175,0.0,59890431164.0,1.22049723013709,0.09925758579205352,0.6817761020728891,0.2136990533809707
DVP,2014-09-30,-0.025072090652808805,0.47471418793356435,0.0,10115837337.0,2.388445086280198,0.14985205055696305,0.8204402808537397,0.7872271502218889
DXG,2014-09-30,-0.6369550466615779,0.23500471017148575,0.016357681955264023,0.9870853114980024,0.38872214103958896,0.03861565784158744,0.5324662369558375,0.08840687823842114
ELC,2014-09-30,-0.5896802627828424,0.07465895924526171,0.0,1906123850.0,0.11030613704542454,0.03889239175358002,0.6490235159917793,0.24313007039056492
FPT,2014-09-30,0.2328404884168356,0.04763473027520825,0.010625643622089702,-0.09325636826028147,3.0340200444396817,0.6826772309029482,0.382479172175922,0.42619533508799895
GAS,2014-09-30,0.044098585685889195,0.19717044439300216,0.05560841485773995,1.229869366303651,-3035.834401088724,0.3737908848735319,0.6646989943758568,0.41813400918251037
GEX,2014-09-30,-0.39370199155684676,0.07450095792833525,0.0,35757590754.0,1.7552819080993456,0.38273808577210827,0.434433965861607,0.305715564393467
GMD,2014-09-30,-0.5697173608642541,0.10087503443257287,0.08654517481004989,1.6641614935613247,1.7284214880228068,0.0925886368344984,0.5925711567041737,0.5448786764852499
HAG,2014-09-30,0.34487007836110795,0.6553346361393698,0.14030769244996363,7.134739101262109,0.24340604820096037,0.04890094590467108,0.4167256636348913,0.8382128611212012
HDC,2014-09-30,-0.013624065301271263,0.11573564354642227,0.0,157582631.0,0.12376703694836023,0.07772138774892885,0.4828672807741708,0.527815317561614
HDG,2014-09-30,-0.24582154262685996,0.1709019566180034,0.031038164602269283,-1.6528408115894528,4.068848655023948,0.1373402926187496,0.3518364759503052,0.008863419440203298
HGM,2014-09-30,-0.3249381125342799,0.13133634450800888,0.0,-0.0,1.4357134311368176,0.07036303729309715,0.7696637035327458,0.0
HHS,2014-09-30,1.0403440704451101,0.07371419375003176,0.0006210772619761724,6.5766416281533875,-32.57533549152988,0.4306035597389004,0.5529462512828446,0.034180783654547055
HPG,2014-09-30,-0.14479627689848962,0.1878531720936607,0.05848701692677597,0.6379772273584731,1.1263107448049077,0.27902175681237346,0.5450380817736529,0.6974981217497259
HSG,2014-09-30,-0.07071186325077183,0.04936380650155086,0.025959436209635235,1.2235220643287898,0.982117221488794,0.3976934627065991,0.23312571101433174,0.729556333965553
HT1,2014-09-30,0.019486228595276746,0.12732155469584747,0.10166766196279227,0.6212124127988163,-4.529340617946666,0.13872131374904803,0.27415796538017706,0.7946168974302183
HUT,2014-09-30,0.4122702118306559,0.08508768561213434,0.0,214319872078.0,-0.9119676487640231,0.06074341539414782,0.16078225478485242,0.49033105520931425
IJC,2014-09-30,-0.3289506737984056,0.41334050488125906,0.20446266619441722,0.18119659735277638,0.02962007854543054,0.013350187662354374,0.5048511319884613,0.5307610226292698
IMP,2014-09-30,0.09054083964058,0.12336367914175254,0.04829537574284535,0.5035572741518634,0.6839352686051403,0.2397831549391487,0.8435483291982772,0.0
KBC,2014-09-30,0.7046544054442647,0.5216720704464002,0.046833736812516416,-0.546763952083931,0.04873050348493714,0.030922300668586495,0.42948605662665323,0.5093448133099121
KDC,2014-09-30,0.6054727962365867,0.21607282194915908,0.03817958134625834,0.2742249563991788,2.6670781847358622,0.23680695933958906,0.8364447527602168,0.25545310683378497
KDH,2014-09-30,0.6819545791239568,0.2563258000137268,0.005965083260933773,-0.0,0.10679348173452305,0.06659209048265112,0.6034679351733978,0.6245395897210816
LGC,2014-09-30,-0.21445525106633506,0.08771011979172298,0.0,215013630.0,1.0366058362432624,0.1313827178482131,0.5333582135254161,0.6152859070595249
MSN,2014-09-30,-0.04305846881933039,0.08421828750532044,0.10472845057719674,1.1067541389796642,-175.71470135204518,0.08801116309977637,0.307125185492325,0.601752836537953
MWG,2014-09-30,0.12522800632269776,0.05850905198906608,0.008163305298993196,1.0837417496469652,4.600491247753516,1.3944175089460509,0.4548429280298466,0.2668399598353286
NKG,2014-09-30,-0.10600846772358344,0.03382709603793297,0.017661739601467275,6.103504895636201,3.1292553729177066,0.504760672214813,0.17742340887176916,0.45865880570666306
NLG,2014-09-30,-0.30789158252243093,0.09472151861641721,0.02039202585306743,1.3727312985861062,0.06981549650984462,0.036908553273616564,0.44875060640695386,0.34529719692193
NT2,2014-09-30,0.20986192784092178,0.2946806723387605,0.1375705689112232,0.0009203831865133649,2.492872857504604,0.15066541838184838,0.2823305565492127,0.886371892270952
NTP,2014-09-30,-0.14112488773424814,0.1174037653002299,0.0,20629092419.0,0.7059793177791511,0.30769519821333674,0.5813098541008166,0.7918182696552859
PAN,2014-09-30,0.37228319478638383,0.13348623347924113,0.04792893052068738,1.094519894191337,0.7524756305001792,0.16278923600722997,0.5847538881848234,0.17586485510833214
PDN,2014-09-30,0.0940259961866024,0.22038611526595536,0.0,11058356698.0,3.20230444619483,0.17696824267964625,0.7305006914368424,0.6480570167909933
PDR,2014-09-30,0.783586336893004,0.19662806098669214,0.004233156762360838,7.347281788110128,0.010550392245633705,0.00858765058075369,0.23429052591620755,0.5835983292021193
PET,2014-09-30,-0.07456280814887138,0.03788495290771215,0.0014400960257712804,10.33870609097745,1.8269884948588953,0.5484877893573548,0.24921580098670087,0.5242844302772716
PGS,2014-09-30,0.013332474448826652,0.05167877140675758,0.03697495068192143,1.1345420881705688,-5.317318869874539,0.6489156740366133,0.3131232768156862,0.16980524101075253
PHR,2014-09-30,0.1296411486432822,0.14176292837419127,0.0,79608873841.0,1.7126307825887768,0.14223793636675017,0.6916078441965056,0.6455034137656482
PNJ,2014-09-30,-0.05526272126173034,0.04217062981321334,0.0006314015373646553,2.085505544432398,1.7394265749804039,0.8081503647313854,0.45718947586902386,0.8529434411475119
PPC,2014-09-30,-0.2607444172526412,0.2624770786094618,0.13885817947323875,0.011091028906387874,0.9075131559857855,0.1557193101199454,0.4908630037879308,0.8662193833596218
PTB,2014-09-30,0.17122647876119912,0.06840242398887598,0.05478781851306585,0.941196779301316,1.4633403315394529,0.6096838902276946,0.31375548773845363,0.7211809970572519
PVD,2014-09-30,-0.010348314004134964,0.15132084541587337,0.05675474216274355,0.1422457969267337,16.989295613316497,0.2443407591784812,0.4821074211281705,0.355671386899887
PVS,2014-09-30,0.20594564133465465,0.04773615989952116,0.02698774505655675,0.2930963188428437,-2.6125876391550547,0.3556597491688637,0.3230571663778506,0.14845411515970325
PVT,2014-09-30,0.14975207503799434,0.11070883737196398,0.07304833524518092,-1.0230869755833283,-6.406624415000474,0.16064210123511416,0.32300777583451223,0.609025413547798
QCG,2014-09-30,-0.17194416267507595,0.04560368081290947,0.02394843225287297,-53.697663749436124,0.0629238046172463,0.024057890890378797,0.3407988269315159,0.43407094586872297
REE,2014-09-30,0.0296637703552442,0.369479316942383,0.061362244609481205,0.7242623935054723,2.1524534672059557,0.10529939993301157,0.7053087327129117,0.222341749545536
SAM,2014-09-30,-0.512950302565508,0.04113132739767645,0.0,45467358304.0,0.31748722161076254,0.09715034500193781,0.7795351195225142,0.6652675523769239
SBT,2014-09-30,-0.19847514785341913,0.10694813155563902,0.05037128663439109,0.9902821624329241,0.2892749342283341,0.14449265227533276,0.5241951507713231,0.8192808004602539
SCR,2014-09-30,0.32967111827148227,0.10398598952280952,0.0,-0.0,0.11385351801642685,0.05438412413357503,0.4260510788628736,0.7181790652026717
SHP,2014-09-30,0.47674894689287095,0.6374598956435251,0.0,43255137497.0,-1.077930075124184,0.0687072244675744,0.356258445946237,0.73370312425605
SJS,2014-09-30,-0.985908308482326,0.25899497562795837,0.0,-2373532134.0,0.01254372765796478,0.006555711583014376,0.2833736985948895,0.5101281096402931
STG,2014-09-30,-0.043813174824069705,0.035170516899068666,0.005199117151149876,10.196301990206342,2.9768742266926194,0.9466992089914238,0.5866093914466479,0.252917321124145
TCM,2014-09-30,-0.05927856224818852,0.09006431092305929,0.025468672148940382,2.6859362286475275,1.1454549782680365,0.3270798081270123,0.4138725782738007,0.7652920603795467
TLG,2014-09-30,0.12643906388159198,0.15841617467573205,0.022984155949957407,0.15905824300394625,1.2188929981846675,0.4459982207175877,0.6480907752919325,0.5674631593556178
TMP,2014-09-30,-0.44398041167545693,0.5291737205546996,0.4825433590130656,-0.4094054943882631,1.0583560188681371,0.10307955708817412,0.6068658375679986,0.6397321479951228
TMS,2014-09-30,-0.10200291750285546,0.36416139865163544,0.0,24737726964.0,1.4015222345044165,0.11927237775324165,0.7893490229953493,0.6935573901021326
TRA,2014-09-30,-0.037589233739533545,0.15114111516992695,0.019416736596662702,1.1566399707166224,1.1999520295635349,0.40063294682533646,0.7202962654811597,0.14072593879047002
TVN,2014-09-30,0.10722847809545108,0.029327124037564007,0.02100922817889481,0.4056636638110895,2.774790618106238,0.29218839177815337,0.2636874984356321,0.6670598426588282
VC3,2014-09-30,-0.5310774445880113,0.051022123358862644,0.021659133308926083,-0.15620400411654248,0.7593568061680458,0.07405443820815036,0.16544642875570165,0.022706352544408084
VCF,2014-09-30,-0.08323669312428275,0.13424413801230306,0.020468594629487722,1.071595045584706,8.021593747328716,0.35746660165661176,0.6572982196578879,0.31519501347009704
VCG,2014-09-30,0.1440368421056642,0.07342140297364412,0.03678479182587631,4.902186834624594,0.6245696259068103,0.10808002588552242,0.2521982328849258,0.3565952910295611
VCS,2014-09-30,0.2387598855333038,0.09309481905135153,0.003868472323117864,4.1685439783087235,0.6373102109957296,0.2845240892170464,0.3208543879726718,0.8701953739010437
VHC,2014-09-30,0.2556764396210943,0.1980029193610311,0.018922095177569848,5.355585425440901,1.22364849305765,0.46899128057177214,0.4326139803337949,0.7178549037226883
VIC,2014-09-30,-0.010926347919287082,0.29560398327354004,0.038210410168836556,3.2298125711883983,1.1254707156078798,0.0979453998225557,0.22256302962372954,0.49265401115444496
VNM,2014-09-30,-0.05161202543646334,0.193030538769393,0.03608825540136205,1.0248731529917714,3.974773535357349,0.3749911167804501,0.7580147564836724,0.28067771578324596
VSC,2014-09-30,-0.11630479827656424,0.2779737487252794,0.0,1026681912.0,-2.015030202804076,0.17063190384521226,0.7946619648347096,0.03471865644029056
VSH,2014-09-30,-1.0034033519146128,0.042074241778521385,0.5401879298103813,1.6153572334135422,0.2867982994529816,0.009834502637427571,0.7222161389019552,0.7227598413907284
AAA,2014-12-31,0.0816162050424232,0.014090559215403451,0.05368669331996171,1.175118589506129,3.007664826677707,0.31505676014187123,0.5465034097158511,0.7083347848605693
ANV,2014-12-31,0.18094387391370437,0.03947891358053638,0.0,-0.0,0.6164266368996134,0.26028403783006954,0.4067630329787622,0.7490241500343542
ASM,2014-12-31,1.101131793614632,0.14367918271785016,0.0,1303867657.0,0.560726067755505,0.29530573214507716,0.511471477274026,0.772413742247083
BMP,2014-12-31,0.03175343136997645,0.20963037363045328,0.0337512091539301,0.939513338966548,1.0560805478362634,0.3411469903264016,0.8792761118702435,0.24759039260546375
CEO,2014-12-31,1.001127917191676,0.38429308882442215,0.0,186311765972.0,0.5390703185617787,0.1831540808753801,0.33479460312544257,0.5020372607499757
CHP,2014-12-31,1.4283201029459633,0.7476101992938944,0.0,4042753150.0,11.089215420303754,0.10473876683909422,0.4278159170793167,0.8498487613391608
CII,2014-12-31,1.4364974909339168,0.24930544727869028,0.0,112411316349.0,2.4134918852854623,0.15333545936260431,0.2990965991351049,0.8031418667174449
CMG,2014-12-31,-0.007796827228332697,0.06985842592938139,0.0,37544315460.0,2.1527716877730385,0.483676700613658,0.37982147930695137,0.45269194970030163
CSV,2014-12-31,0.022138010028531864,0.20027585774839501,0.0,-0.0,1.9367776635006084,0.4094122368338022,0.5980689022326529,0.4441075205852749
CTD,2014-12-31,0.20804162292374917,0.05006498950551848,0.00354268573849799,1.695814073385465,6.7357281043144415,0.5517477750432166,0.5196810685499398,0.0
DBC,2014-12-31,0.11815906551712953,0.10128033982939019,0.028155324776354042,2.084757852168174,0.9044477052911665,0.3459107367619025,0.4336741643810546,0.5813212794024352
DCL,2014-12-31,0.2250602568971176,0.055491933254446235,0.0,1150250000.0,0.6235139822969556,0.3323444788634137,0.5200625384201216,0.7609259406920514
DGC,2014-12-31,0.07216076640659977,0.12752245874454157,0.038034818226988634,5.631155200335966,0.8909721957304024,0.3510176601005861,0.3806394382964944,0.435092093278704
DHC,2014-12-31,0.07443455592564782,0.09027839551511926,0.0,4373576312.0,1.3673844224970517,0.3633233631758512,0.6141938633533678,0.5702064431839007
DHG,2014-12-31,0.37457375517707947,0.15593106518823516,0.019471789339403495,1.8700824613386835,1.9149601764883164,0.38644930787727666,0.6577024545654571,0.14847888907240991
DHT,2014-12-31,-0.07234726358876535,0.04494633325821822,0.0,-0.0,1.0980037222141006,0.5540020251145054,0.3797120803528642,0.5776502606770084
DIG,2014-12-31,0.7255557656068892,0.09937751760970655,0.0,4101568619.0,0.11594667521108447,0.053618446709129915,0.47723091856614963,0.5625814956012396
DNP,2014-12-31,0.6536378625995076,0.07670479213366392,0.014966985203272208,0.7963078076763367,0.9058266951169973,0.5762935015025072,0.26336620464976757,0.8453902256775166
DPM,2014-12-31,0.08466262176212123,0.07369029603990081,0.03142689585266676,1.0430738941233446,2.29964661146228,0.24941383636771727,0.8693178723209259,0.07163397287815076
DPR,2014-12-31,0.22835465948211436,0.15253313105752211,0.0,38474028088.0,2.172382903627336,0.12490585308668038,0.6611788922028801,0.2430691429457306
DVP,2014-12-31,0.11490093267848897,0.3788215605014694,0.0,5197666096.0,4.2018982921014,0.16925886907371274,0.8218567415300477,0.71575371054244
DXG,2014-12-31,1.565268459510835,0.529796644806517,0.00572926593311637,2.1681215973314134,-5.032714581761925,0.1440343375245834,0.46414348839965713,0.10374895815531526
ELC,2014-12-31,1.666949137481948,0.2898009574211656,0.0,61696552506.0,0.5583061507929631,0.18262699891349957,0.627039897389439,0.26499975417085997
FPT,2014-12-31,0.13250038923268326,0.04649240265240934,0.01108004781435324,5.431992705735399,3.20948576564984,0.6860502635655754,0.3490776457745771,0.46542184324535335
GAS,2014-12-31,-0.02937943198078191,0.3176756799286904,0.06705087123505485,1.1505768347075065,-30.885907196158453,0.3592262625580005,0.6693424692081031,0.4261030754302933
GEX,2014-12-31,0.1526707552655627,0.061098748026794755,0.0,89763196547.0,2.2720235699906013,0.4313724187560515,0.4257445567680226,0.2822976330182044
GMD,2014-12-31,0.18955007984272337,0.06334958818751456,0.08413919679340207,0.6160484550922697,1.599958253328809,0.11164384653329815,0.5964339520168818,0.5695031813606154
HAG,2014-12-31,-0.6825687360417385,0.2994579158433407,0.1566006910624759,7.97093536376487,0.1299711988803662,0.023713768814618525,0.39150053021675263,0.8213116710992834
HDC,2014-12-31,0.2009228164629513,0.08011021702685661,0.0,-49401942.0,0.14934674574317758,0.09416305029030038,0.4909778932938442,0.5530030699373311
HDG,2014-12-31,0.8702216658068416,0.16141091556605894,0.007095743169232936,-1.0585427881361997,15.084826132104185,0.3301305351456346,0.38759909263311176,0.038466459005762406
HGM,2014-12-31,0.420333316914665,0.1157269200270792,0.0,-0.0,16.643229536970836,0.10850033516585199,0.789505705219208,0.0
HHS,2014-12-31,0.0985023314061622,0.12172458011787105,-0.00024356901784998463,-12.558640920542594,-1.4190911382725686,0.4047400147195028,0.5186546022201936,0.0
HPG,2014-12-31,0.12925429753072215,0.09819177961494865,0.04728537417250736,1.6829913687304057,1.1268100753474029,0.3026399143726822,0.5376764184869937,0.6607559177208281
HSG,2014-12-31,0.08768463485976785,0.04710741933481795,0.02664475592732622,2.7943377631777206,0.9845927733112425,0.4793554290554533,0.27068399308831337,0.9131184404931427
HT1,2014-12-31,0.10119079991984443,0.2036374705807456,0.0994758398755822,0.3442537172097038,-7.371576868523415,0.15476155763920252,0.29361165061411343,0.8058282735676238
HUT,2014-12-31,1.7336610317145709,0.1518162481873166,0.0,307410575543.0,6.278084945910092,0.33134127002272223,0.20856256446789237,0.5147697316201124
IJC,2014-12-31,2.313779791545601,0.29969822085158276,0.01684980869321016,0.26558705837026136,0.23962299714603433,0.11477607072068612,0.4559505256716055,0.5386410873069253
IMP,2014-12-31,0.33589376782980396,0.09020646097765922,0.03389815390829229,1.7671742385763283,0.9176764529903964,0.3004032255960741,0.7746492226777716,0.0
KBC,2014-12-31,0.28302417918176787,0.414628713686583,0.029499361930800955,1.6594662919235765,0.06083220916114279,0.038079293234732095,0.410827079112856,0.5256114189544995
KDC,2014-12-31,-0.3023895056619343,0.08677803124819532,0.044261719241098715,6.625114356419221,8.508093120498355,0.1797185977503454,0.7847311940623076,0.32573679845032305
KDH,2014-12-31,0.9506767664487289,0.06972918143104108,0.0018764828986107458,0.29961157016597934,0.19640676245558694,0.13426381544521596,0.48018061188175365,0.7944639119575954
LGC,2014-12-31,2.3337864239598387,0.4428385995977349,0.0,-0.0,1.7761739990316219,0.35990161156347467,0.2588885682104909,0.19808769636655185
MSN,2014-12-31,0.49689946851981254,0.3196369666788839,0.004297043414640519,66.74830241883306,4.606819990417835,0.12744267451586044,0.2835090087623737,0.6209448850809496
MWG,2014-12-31,0.20338555661968422,0.05055955164538322,0.0075331603152287725,5.003857013547515,3.686627925949682,1.4285425456008758,0.4328939797782294,0.3201927476366803
NKG,2014-12-31,0.06263143737569549,0.0335154159390106,0.016714258867999324,1.0206515835898893,3.9102466232729527,0.5023277536518925,0.17240269965986427,0.42819998149372185
NLG,2014-12-31,1.371138663271258,0.2658054414819073,0.010203411213721491,-0.16112688546681336,0.31956130073021877,0.1387070820315695,0.49208700754526985,0.3099151786871483
NT2,2014-12-31,0.0642810163281843,0.21387975425543504,0.11576806134236615,0.017260601839072093,3.4585885843062827,0.16254689119511412,0.305169735729052,0.845373857589114
NTP,2014-12-31,0.1905854178347219,0.13797337610464838,0.029166907202882293,6.568901577459485,0.7857843487959907,0.34023240000866933,0.5681054513161422,0.7764783065428282
PAN,2014-12-31,0.3304404482611547,0.15451548100008855,0.03603564678646376,1.3087141842979204,0.9989108440634963,0.20449524147563033,0.5521591175297692,0.22560618358916143
PDN,2014-12-31,0.04803152289970248,0.12568322576168547,0.0,58039642725.0,3.07292015822786,0.1570512110577281,0.6336731539303689,0.8016438407123745
PDR,2014-12-31,1.8063765551866433,0.1355339111770535,0.0006461504901633479,16.243348885234898,0.0632703498379859,0.05268329174960606,0.24156115718559817,0.5893843262759162
PET,2014-12-31,0.04165012744610595,0.037353596674113344,0.0017218443541036036,2.1094344834012713,1.8362204833732874,0.5281822913331626,0.23569353435519397,0.5994884631848227
PGS,2014-12-31,-0.04083594904838861,0.023738574600428445,0.03828727506928584,1.4739722451177604,-5.6120090398762175,0.5875989587101784,0.29155162460557876,0.19307557948018977
PHR,2014-12-31,0.3010408150437061,0.2529480951098162,0.0,41372391470.0,12.620146818417068,0.17227594307128355,0.6570993634006762,0.6364385074775163
PNJ,2014-12-31,-0.1978564360322269,0.04683624799258222,0.003518826421226287,0.8537244264617228,1.4881773964170073,0.680822137077307,0.45781450195160817,0.8263128546909462
PPC,2014-12-31,0.3261732945843231,0.31128191675250805,0.10750963178034884,1.12230154123783,1.435805241500637,0.20898128130548355,0.5010875036736335,0.7804118748026007
PTB,2014-12-31,0.24038419059074811,0.05441753645388175,0.0056713832832193355,6.7029637696496565,1.7928874871243676,0.7131150307873482,0.31263117585193423,0.7229660293492985
PVD,2014-12-31,-0.04197308919548766,0.1153520002794093,0.05620246000249583,5.844970120514028,24.49415141775621,0.23104004992220512,0.4915020541743933,0.3592817079834778
PVS,2014-12-31,-0.1114534964195767,0.08714080787820634,0.031947473770416394,0.46562927288208444,-2.6858860362449724,0.3269095245155791,0.35451359085982903,0.15238865742193516
PVT,2014-12-31,-0.06367340227670155,0.11416037174551884,0.07291588750096441,2.5373693096874623,-18.2999542676719,0.15219489761281013,0.3340563145954858,0.6184973222735738
QCG,2014-12-31,1.8351376531657402,0.05636911540740699,0.0034658553389402187,-7.07635816106639,0.22817332021024267,0.14928434106815391,0.5480513026235961,0.5606936017410348
REE,2014-12-31,0.10996744313236122,0.5048367314893077,-0.010993540939485819,-2.638612010720044,2.1140418530968494,0.10816035094940026,0.7033301424394769,0.28512182439553474
SAM,2014-12-31,0.6021370190383583,0.10488072480851514,0.015635539519526846,6.326262503661061,0.5081075116079384,0.16906905853176862,0.7531349489766972,0.6829172899807451
SBT,2014-12-31,0.08428366122801018,0.14373138414077039,0.04848072427870309,3.0472826023307804,0.35460857578201865,0.1587399260659915,0.5437620840094348,0.855781813874971
SCR,2014-12-31,-0.32082561139783544,0.19232053076912348,0.0,2670693152.0,0.08412036365691919,0.03900067563674555,0.4226555810696449,0.6812600654345868
SHP,2014-12-31,-0.22697635953779494,0.5163930763495731,0.0,36788802678.0,-1.013180580816037,0.05580787051480548,0.3794728584682354,0.7552436198807213
SJS,2014-12-31,3.4210519879849204,0.15043430736248237,0.0,-45438162373.0,0.47973337970726077,0.21188969328502902,0.32311528120651023,0.3790674043368918
STG,2014-12-31,0.06271583449721477,0.05024014330105104,0.006071335155368295,11.520028099560738,5.8522073178063385,0.9905433276079466,0.6140378968356408,0.0
TCM,2014-12-31,0.03153394426520949,0.07270699104607067,0.02542555553533088,1.226447663514742,1.2764970134359819,0.3159618361138751,0.3918088085485517,0.6933492502938894
TLG,2014-12-31,-0.2788542233008282,0.07538646201487988,0.026696785141972542,1.4610347594567321,1.04193388587775,0.34225421289216346,0.6618049091875827,0.5297634461508891
TMP,2014-12-31,0.267256613837374,0.6272675567593725,0.46832875729240325,0.1023038639115359,2.465506417705667,0.12996255449651983,0.643778877563478,0.6830714907004011
TMS,2014-12-31,0.28472262262669934,0.4088251441992289,0.0,5217180515.0,2.6313334892572957,0.13964132528907378,0.741138205402617,0.7977276528788773
TRA,2014-12-31,0.22084264585642152,0.1202973869020735,0.013963867566091847,3.5606941701101236,1.8344211019590813,0.45786231082183787,0.6968607022296109,0.10035573727439386
TVN,2014-12-31,0.10415077637083459,0.016322225475093054,-0.017089999449320745,0.4434269510797907,2.799317387123831,0.3190470923570175,0.26165336659449395,0.670316883868366
VC3,2014-12-31,0.8063869247659469,0.04030221274559559,0.010510890188724246,-0.13238496579104553,-12.053694831728185,0.1594746652736251,0.16391245002425459,0.0015742646651952588
VCF,2014-12-31,0.3817726328292901,0.15486139985369665,0.016048159212882804,2.330924214024422,-13.83933966390047,0.4263585228459213,0.5932601704455702,0.5265347612439617
VCG,2014-12-31,0.187756759149938,0.06221519051919389,0.03104360907029236,1.0066205237334367,0.9213790161021648,0.12638893700251547,0.24714783245049954,0.3507819626899761
VCS,2014-12-31,-0.12061934028781453,0.23831049859408557,0.0,24586901580.0,0.5030832133308062,0.22625545729121943,0.2966709559629726,0.8407332081515683
VHC,2014-12-31,0.0692152029117546,0.04012066659015099,0.015111508480636056,3.476154952313496,1.187055723180322,0.44352518321185336,0.4061313227014681,0.7486499619232172
VIC,2014-12-31,-0.20727499423673526,0.19386945390529234,0.05318523405071077,15.861546920477931,-9.132949473012776,0.07284284284055771,0.22563878092938872,0.47577678945623453
VNM,2014-12-31,0.07472811872529775,0.22627605524880967,0.035193781485292064,1.0440969793277415,4.106183325972509,0.37488173233629307,0.7636855716218135,0.26698640321581024
VSC,2014-12-31,0.16743370454544798,0.40919991839902875,0.0,9632637515.0,-4.773360274558193,0.17092991886882974,0.7078985489811274,0.029661884710507225
VSH,2014-12-31,2.2482939441141228,0.8624327159032511,0.397815006791088,4.24570897995895,0.7594387866581389,0.0951990694934648,0.8146603532917606,0.5828557985532622
AAA,2015-03-31,-0.3272230184313595,-0.00024409271789735957,0.06015121350908694,5.623260994884111,1.0480357246052667,0.22837958770695754,0.5458690332065637,0.7726616370869617
ANV,2015-03-31,-0.4456386349372749,0.027826308389180453,0.04010720922862265,-0.0,0.4442330348258964,0.16933336447999092,0.4177642743289398,0.7351480112137614
ASM,2015-03-31,-1.5779046550208575,0.11452107091266821,0.0,41298924.0,0.11026198407149632,0.06945439647087409,0.586452258447559,0.7090425645836587
BMP,2015-03-31,-0.1311103523729251,0.23524783481516376,0.036674459560651566,0.9913175049901211,0.9456935823258201,0.2907601446435044,0.9078715043353244,0.3318794418744956
CEO,2015-03-31,-0.36645633280674217,0.4274732884882142,0.0,52960416626.0,0.22293827483189751,0.10528797068961057,0.4989640324202536,0.47066740410304747
CHP,2015-03-31,-0.6939196181534298,0.6478853356711998,0.0,208300000.0,-0.8411797117098407,0.0526765234724784,0.4218187534868351,0.8177917346267893
CII,2015-03-31,-0.6699272355097234,0.49524653742596053,0.0,162200782095.0,0.7087987242360215,0.06784918818174245,0.2840312577179053,0.6127587710434436
CMG,2015-03-31,0.09653936644702679,0.042033825201079546,0.0,2610749131.0,2.5937971431606073,0.5304881007510909,0.3790419689725046,0.4262842127505935
CSV,2015-03-31,-0.10085445652628264,0.18709751215001036,0.09766230959951587,0.04975909884426786,1.355843984218964,0.35564412109783333,0.6156494951495838,0.42754974436532284
CTD,2015-03-31,-0.49989533905624883,0.06088010915279904,0.005788359660516482,6.099765630171048,8.139189700944236,0.32572611060229406,0.5195753312669722,0.0
DBC,2015-03-31,-0.1373434803216876,0.07310615028318539,0.031648251455681335,1.7580758238311738,0.6412594545663826,0.30588633097509466,0.43105562170577,0.7524284208870404
DCL,2015-03-31,-0.32771772707768987,0.14589580230742627,0.0411172937985428,0.13802090409083972,0.4754365245306106,0.2611262346881447,0.5774264356125797,0.7547346456217907
DCM,2015-03-31,,0.220562751859951,0.2866267718394407,0.04461389836001064,-1.1921708544197485,0.07609475646413259,0.38781340436422823,0.835107096864571
DGC,2015-03-31,0.07380194344770384,0.13632530376125926,0.030281463335240077,1.4165168983775753,1.3104232601048977,0.41529531016966315,0.4355068740382883,0.2984845478559765
DGW,2015-03-31,,0.04896993637722905,0.0,-0.0,1.0290342410449838,0.6960073274838253,0.392797475139756,0.7287172012577732
DHC,2015-03-31,-0.023439640712350027,0.11505042403755678,0.0,1355088396.0,1.280724000472756,0.34732855167038457,0.6301438040304178,0.4588737754463474
DHG,2015-03-31,-0.655712368384935,0.19625995264558668,0.04245806118424421,2.6761277779308053,0.7717598730861511,0.22420070827767885,0.7679111348989045,0.14491611309513303
DHT,2015-03-31,0.059851055577397234,0.04487096134576105,0.0,529300000.0,1.007909458761717,0.6007289006866436,0.4068855443142076,0.6459824941977018
DIG,2015-03-31,-0.8183083219005287,0.0257839360047095,0.0,5811419231.0,0.04863846855209591,0.02382564124616843,0.4815004751825179,0.559360970433868
DNP,2015-03-31,-0.39078305711978606,0.05751091477258466,0.03141908649863423,0.2791526068615045,0.6016906785920384,0.39682138143413415,0.28215547519851386,0.8341191430344445
DPM,2015-03-31,-0.061606779783294534,0.24505374038866456,0.03663448396534907,0.7023500986165506,2.12271592410702,0.22426637885196407,0.869670665852285,0.02154487298017407
DPR,2015-03-31,-0.9241500487520234,0.2361690397845158,0.11559502524985263,0.8367400983106161,0.9393310831385289,0.05053670858062165,0.68582118617649,0.22173160128790223
DVP,2015-03-31,-0.11461502672574507,0.49398471447905545,0.0,1705870000.0,2.3278381689027148,0.14503638684751938,0.8533110048810283,0.7789179328657169
DXG,2015-03-31,-0.5419804801876084,0.3949960301466238,0.006908405771599791,4.751312641620745,0.6174072848275615,0.07212424587337207,0.5118285340298787,0.14618172795927387
ELC,2015-03-31,-0.5820553855606052,0.10146008609204477,0.10594936304549712,0.44400279661322734,0.3925911303353776,0.0992809464713168,0.609350960329821,0.28617523155040514
FPT,2015-03-31,-0.5725619575608242,0.07825004883308574,0.02008612948432729,5.420595837867759,1.3860392173395193,0.3948915179934807,0.3774132004475788,0.5003151491293475
GAS,2015-03-31,-0.1959769158567683,0.21653203951844102,0.07450055231881833,0.46853454419576485,8.32462550880878,0.29972157364574414,0.7277341348426923,0.501817772957164
GEX,2015-03-31,-0.0861967279801735,0.08338949402779178,0.0,81613031042.0,1.744185909939045,0.3990073386037733,0.4481465510552608,0.2730411522214925
GMD,2015-03-31,-0.10061251138215908,0.13025754249746982,0.11706542516188974,1.3908464618922949,1.1489869937302966,0.10102903746902867,0.6022303757577668,0.5585448086151169
HAG,2015-03-31,0.4724599398987852,0.4767881079721575,0.1172681208018153,15.237181375829318,0.24650043294366633,0.034656529573371606,0.34579467303800315,0.7723963574054166
HDC,2015-03-31,-0.1813784354326455,0.14073009574597495,0.0,-2111.0,0.12256374609020688,0.08290621583905687,0.5222066710076294,0.6171648576334955
HDG,2015-03-31,-1.8326222389173874,0.1317821791267901,0.07334460103745644,2.1661894385583267,0.9538604741873473,0.04615507293450184,0.3413755005594877,0.11501179205823604
HGM,2015-03-31,-0.3256553983663943,0.28409384407697,0.1390006635107306,0.38304411187154747,-6.753677889292216,0.08469136887760209,0.7571569492266538,0.0
HHS,2015-03-31,0.2119259691070599,0.27366383028354146,0.000680745481877166,-0.0,1.6407225447048903,0.3144342597837085,0.5937740409379882,0.29586181954651536
HNG,2015-03-31,,0.3489915136952084,0.1932862235627383,10.440530581728964,0.1939588269197509,0.02859678520875891,0.3850577031258663,0.7237453653419846
HPG,2015-03-31,-0.11255025152894912,0.13330119287850672,0.055088480806316203,1.5169671581686852,0.914628105587142,0.2726981381127636,0.564216253326662,0.680448217007875
HSG,2015-03-31,-0.03103684886447073,0.04806891791679244,0.028870994421645466,1.0250957418612199,0.9176862166458284,0.4260344089954418,0.25262351547826817,0.851281926870033
HT1,2015-03-31,-0.08839703294567751,0.2418975442565102,0.10937234314112153,0.18506809109277822,20.906361787801476,0.1421214103283282,0.31409225266569246,0.823942444713481
HUT,2015-03-31,-2.435955212779461,0.11661090854346173,0.0,229621788004.0,0.43487334854822096,0.03113006657163703,0.2247716622191529,0.4875964680920378
IJC,2015-03-31,-1.6911016932168357,0.33875128213812244,0.09833947233896209,0.01924667569330278,0.036714753949101696,0.021103437934906485,0.4594644719969677,0.5329328536535177
IMP,2015-03-31,-0.33893326280182956,0.1505385949983274,0.05028489242856444,0.8370171689114562,0.5807721171002752,0.2061763404475324,0.8503735455184755,0.0
KBC,2015-03-31,0.09826776991366358,0.3916247218085585,0.019308053562619734,1.3710608077727713,0.060558767977458385,0.04069303727567282,0.4967628236903885,0.4648671046113931
KDC,2015-03-31,-0.2927329590071616,0.05090077117958112,0.05746227477856478,0.5874239667757253,1.7801550293546036,0.14501171104660646,0.8037337119449148,0.45126493754623426
KDH,2015-03-31,-0.6661720633232526,0.30180699038836223,0.004874133395153656,0.14016315644582975,0.08560799600314653,0.053364796865451404,0.5950958720893759,0.8087362340649538
LGC,2015-03-31,-0.4258667882350615,0.8009788194982218,0.0,35422094516.0,-0.588034409918324,0.07449079202063148,0.2189901974627556,0.5195931053141261
MSN,2015-03-31,-0.5905659251213381,0.14901834420793666,0.1091784606943778,1.414538253862761,1.3425686084654773,0.07602423269367685,0.30535057029050805,0.6506380995245674
MWG,2015-03-31,0.12506002423280668,0.05662533224131276,0.007473906605990602,2.7505816596536685,3.38841005484668,1.504666753931453,0.46518579420201656,0.39830873091621
NKG,2015-03-31,-0.21927105279451806,0.03340266078232544,0.02151866274737632,11.205159899405167,2.6759808218831025,0.39015304374875687,0.17353102560818434,0.5326990524694563
NLG,2015-03-31,-0.9558818841180143,0.19062880068266877,0.021102901774627442,0.011193475078271625,0.11336230201651858,0.049974305779307046,0.46867848936133233,0.2564127270068748
NT2,2015-03-31,0.08501571585725543,0.27556752686147773,0.11310778905013465,0.006677690055777406,1.7796350260642733,0.16659869459703258,0.37865433360524087,0.8495494336466896
NTP,2015-03-31,-0.3055910544236015,0.1384011803978573,0.04521247284433546,2.9880137177819694,0.585664813339906,0.2534604022103443,0.5794288757017705,0.8331545335505705
PAN,2015-03-31,-0.12390389100462786,0.15311577855476874,0.02938446687411473,3.1014850199661343,0.94869002286546,0.1320791852811654,0.6625979176726648,0.2797397736551882
PDN,2015-03-31,-0.04319945049609895,0.2026813713223481,0.0,13634964065.0,-17.54823420835126,0.14402745979050136,0.5814851065358309,0.6314984308109506
PDR,2015-03-31,-1.1215266390755783,0.307996298875548,0.002477684779808545,11.402924735371247,0.020283567569260048,0.016616059122564423,0.23725998444141944,0.5840803348014975
PET,2015-03-31,-0.19180683130771037,0.03410594097888952,0.0011297899721739865,8.914845390766061,1.4698861282572613,0.4635752667648058,0.25386615244229116,0.5560659597583867
PGS,2015-03-31,-0.2719280196668767,0.04194360028823854,0.046728098475653235,0.574801335648186,-15.16875610332537,0.5072788907335075,0.3370826901820522,0.22251495304145166
PHR,2015-03-31,-0.6978923095169746,0.18244741395129765,0.0,12550465364.0,1.4999321021456686,0.0901960760289274,0.6954330325102971,0.7076945774326713
PNJ,2015-03-31,0.10302720047819612,0.07727100795994217,0.0035423787724457117,1.996618344958596,1.2489355258463781,0.7060086150040825,0.45948181104992014,0.847907496273902
PPC,2015-03-31,-0.12658325704536127,0.041440358866871314,0.08769592579662255,0.08127879525812857,0.828173663027158,0.18813893655755087,0.5166216454012974,0.8128062543828759
PTB,2015-03-31,-0.15915154303307263,0.06975914960892103,0.059128218344125655,0.6227850298656049,1.3542772119702164,0.6188746842380459,0.33599091925328234,0.7054731192488504
PVD,2015-03-31,-0.18951543363879342,0.14727174378560712,0.07649010201390788,11.062051536799512,-1236.6262888636347,0.1671584218676883,0.45176655003288163,0.43541000799839347
PVS,2015-03-31,-0.536348488585365,0.07735271126411829,0.05268680422298888,0.3671547655453427,-1.7237030158482354,0.1937535436399671,0.4264669256825197,0.16575773849047035
PVT,2015-03-31,-0.20787335963229267,0.07998545771971373,0.08459327648306235,0.5069950706546559,-9.746350276480173,0.12302069294879732,0.33691762391813534,0.610878864537334
QCG,2015-03-31,-3.157003555279692,0.09217007687082945,0.07911330579253598,3.6809617789016844,0.00943429114891828,0.006362594013277904,0.5446344650507486,0.5550382734303959
REE,2015-03-31,-0.22628070776230524,0.2668761862437481,0.06623270203022832,0.8745571913045912,1.5735157549528909,0.08620832959342191,0.6680335324971387,0.3808368394360374
SAM,2015-03-31,-0.2050457368459878,-0.0031096072870907166,0.0,35298523373.0,0.46981659974744977,0.13458211451922758,0.7331754154738878,0.7348537211451254
SBT,2015-03-31,0.1115696690553597,0.10692218150550191,0.0414860532996342,1.491970951556865,0.3931759327712813,0.1621382143248161,0.5073347951748816,0.8205724637239525
SCR,2015-03-31,-1.089923118396495,0.3082557467583306,0.0,-0.0,0.028355793241503426,0.013003283774820674,0.47459502460834224,0.6659261230328622
SHP,2015-03-31,-0.937093534471725,0.14427521746053176,0.740764231221576,0.0030487649359402526,-0.6806748040536805,0.02262531221157156,0.3870829776256632,0.779031553146369
SJS,2015-03-31,-3.3198003374694256,0.30324052406315655,0.0,-0.0,0.014813267893672924,0.007664678510641,0.3251361714999135,0.37994296216683343
STG,2015-03-31,0.016386323170730726,0.03738431028891332,0.00546951576199704,-2.28036176024313,2.7045886770733385,0.8987067913401122,0.5441720201068855,0.18018316733601222
SWC,2015-03-31,-0.8254778423019865,0.14298398183704025,0.0,-0.0,-0.7397220397639329,0.044670916945820795,0.8364269459903744,0.3391655058635865
TCM,2015-03-31,-0.060647352903189386,0.0680323609098054,0.0279018548191443,1.27207079305132,1.0276035437914472,0.30077378451644515,0.4127554278290575,0.7453683778444674
TLG,2015-03-31,-0.031052080091912307,0.11094958778693163,0.027983828873469268,0.629622245846006,0.953304481093203,0.33050440437345296,0.6767944127099772,0.5692358097235004
TMP,2015-03-31,-0.22997623208027068,0.5233425397473156,0.4621885129692556,0.06588480600999723,0.7362388420105593,0.09887793035637574,0.656025203865028,0.7436427108706776
TMS,2015-03-31,-0.31265602202624376,0.4855336260787389,0.1583430485341882,1.4027476713946703,2.3545429439875765,0.09540506685845741,0.7306038778252134,0.7879923435377161
TRA,2015-03-31,-0.10988876468047906,0.12100735406011849,0.04250911888782058,3.6293858967607053,1.7594528945165437,0.3933607299076534,0.6208108763707839,0.03882610047258207
TVN,2015-03-31,-0.6198988286925667,-0.0005747537824810477,0.023979796803006243,0.04896398963242633,1.642578056602027,0.285028540895676,0.4294259479515638,0.6342694964438375
VC3,2015-03-31,-1.073417298758286,0.06454278607025077,0.022816440406542775,0.05280347339330058,-0.10895810492580836,0.055808266338268124,0.1586089705870124,0.0008513591783741361
VCF,2015-03-31,-0.7821130019578626,0.023475221836258265,0.03189154053566513,0.9282976916408885,3.1819374742825124,0.22525950202588746,0.6874588907906757,0.4125461074382333
VCG,2015-03-31,-0.6188712337992988,0.12177889296137799,0.05908453493643693,0.8467092238660919,0.4350654525190431,0.06841553505516047,0.2560042581398135,0.35855612051699004
VCS,2015-03-31,-0.11193486055921265,0.17953934530448948,0.039157399375622993,0.6563180298236364,0.31102829476796556,0.1966076652264519,0.3088970091997693,0.9084041120332429
VGC,2015-03-31,,0.07962281270037545,0.0,123285273463.0,1.5590347981051789,0.1488834263939381,0.2197303606116217,0.26198302473608726
VHC,2015-03-31,-0.27256556918624975,0.08960777944802427,0.023871080232275386,1.119009520680804,0.7932875838931566,0.33720837755283606,0.42992366764158874,0.8253012536661747
VIC,2015-03-31,0.007675931875316774,0.1855735936076346,0.08846633919290835,5.9408190473944344,3.2698696592416256,0.06914471639999942,0.216830172093906,0.48021125602288256
VNM,2015-03-31,-0.07858911833157403,0.21422962473942664,0.03800526505414674,0.689772888095997,3.384277865243592,0.33072509624209445,0.7873717544724652,0.2205894656284249
VSC,2015-03-31,-0.051184936558871234,0.29353505076398273,0.0,19991281856.0,-3.7191825863944326,0.15644235109566768,0.7145069217961809,0.021606003707063993
VSH,2015-03-31,-0.992228632530628,0.6573889561527914,0.43878636509089486,0.0009167376719196205,0.5057275067361529,0.03512361419759174,0.7436831111898136,0.4158772216008476
AAA,2015-06-30,0.15669396043030584,0.03132001595689986,0.059441853488682694,3.431345640972161,0.977076471586866,0.2457546873899266,0.5135188860939659,0.7933091505339465
ANV,2015-06-30,0.04234480361107519,0.07819865690314153,0.0,20000000.0,0.4241593001735998,0.1706016278853031,0.38790609498684203,0.7816762714813646
ASM,2015-06-30,0.3744290116924149,0.10706450231460121,0.0,-0.0,0.16449448166502034,0.0989779905543864,0.5815064300040695,0.6831895869650536
BMP,2015-06-30,0.2308933932936226,0.2883120008132196,0.03062180680554513,3.243342771920422,1.172249018302815,0.3525218076369373,0.8804590603856859,0.24576855087441735
CEO,2015-06-30,-0.32749097836119856,0.3178149121559772,0.0,-0.0,0.17969961049888034,0.07360956549697939,0.5493543050033332,0.6747352087279462
CHP,2015-06-30,-0.1163714862745427,0.5822220056667888,0.0,113425275.0,-1.4506177226708081,0.047892719180382466,0.4477662361398206,0.857716370315729
CII,2015-06-30,0.20394132504979462,0.6238461443884641,0.0,744539146912.0,0.518423500756175,0.07351416799238503,0.3894010138571789,0.7548807499473227
CMG,2015-06-30,-0.2047221890346594,0.03570116298006922,0.026502629731959264,1.647815973597592,3.5629310532007112,0.37624874961167737,0.49431985837016407,0.37905042637939773
CSV,2015-06-30,0.1343243589358907,0.08225663348847502,0.07944770473860395,0.14278578427614147,1.834580459006564,0.40329296435917134,0.5767378374726398,0.4254739100608054
CTD,2015-06-30,0.5471500686684742,0.07233629458394449,0.0039472920277417965,8.067347214426682,-27.809316472753217,0.49208706828957743,0.4728804552810716,0.0
DBC,2015-06-30,0.18764618153219226,0.05971937846786607,0.02987021173584193,2.1376860474959827,0.9357826830814193,0.33871373277877137,0.4049223885689916,0.7417903236053106
DCL,2015-06-30,0.1938858040547145,0.14298900980201745,0.0,-0.0,0.5600476062853754,0.28777748446944207,0.5528801822096677,0.606405748002724
DCM,2015-06-30,0.4599630233882367,0.17673643969570219,0.22650995925203565,0.2348317329817999,-1.4066878900325555,0.1176419747464366,0.39353921242940126,0.8116124130128
DDV,2015-06-30,,0.04195836907184376,0.0,-0.0,1.1655866870496803,0.2534160602231289,0.5117765285642728,0.7522369389307444
DGC,2015-06-30,-0.05659450424681756,0.15638300074084305,0.03577960192871088,2.38800802501617,1.33678684481731,0.3703668143441764,0.44672841570818556,0.28903101657776004
DGW,2015-06-30,0.2144465477155954,0.03878956799948403,0.0,-0.0,1.2886152381752993,0.7556466355522917,0.3823190985512682,0.4693594192690495
DHC,2015-06-30,0.07972148114366405,0.17409205838728734,0.0,3308364656.0,1.2915722046053795,0.39326907384077814,0.6656221676240287,0.5629277321614714
DHG,2015-06-30,0.18235951620720886,0.2176934931359998,0.03627663251568161,0.3678395321835611,1.130989503018334,0.27355289431417906,0.7268263515701223,0.31833058664155844
DHT,2015-06-30,0.04469208632921131,0.06812701504379219,0.0,5889624553.0,1.0443261884628732,0.5804682271921512,0.4116110068143601,0.6240417612245264
DIG,2015-06-30,0.5865343088315546,0.11749069838004238,0.0,4186894669.0,0.09822071896380784,0.04405375012874201,0.4909160996380639,0.5697331574928364
DNP,2015-06-30,0.3358935987858133,0.13060823414753803,0.0,-0.0,0.8624739233115527,0.4441071684596186,0.30953430677268373,0.8517828047771361
DPM,2015-06-30,0.19771216108417378,0.12907082944162931,0.02630789910453632,2.4672000579190065,2.578116169418895,0.28441732281332266,0.8925643996352345,0.13042836300558847
DPR,2015-06-30,0.20596445275470918,0.4665843183362728,0.1570327179542596,3.565972805773063,2.718967030552922,0.06139914639815712,0.8051191548591818,0.3568484370483496
DVP,2015-06-30,0.2609312011253552,0.40023768884618005,0.0,8276100500.0,3.629953971604412,0.18238132009539787,0.8292541698200104,0.6143859888714706
DXG,2015-06-30,0.4269805168664665,0.5927117302673771,0.007797234199132984,1.4514411657730846,0.4758943561202623,0.09339371408670549,0.5138728637531758,0.16968474676718173
ELC,2015-06-30,0.3619961873624855,-0.00037872849442650527,0.0,4682378342.0,0.5522115231677307,0.15062313391006688,0.6010739685077378,0.27907423125271746
FPT,2015-06-30,0.07361535255046761,0.08164818475463227,0.021109565427060082,2.399594311174503,1.6080685649367648,0.4179893605374214,0.4394821289755955,0.5009469974420151
GAS,2015-06-30,0.01058719910184009,0.21266137982616168,0.06364009818348804,1.2135614916086972,8.760255055211125,0.3036634531877455,0.7863230186973073,0.49260416785418304
GEX,2015-06-30,0.13818351264050635,0.09551201022533652,0.0,4734108480.0,1.6602762806016422,0.4421476875042542,0.5175667976152235,0.3582673425191485
GMD,2015-06-30,0.09904894357283617,0.22477511028872516,0.08733814281705757,0.5099495031452268,2.1920411821380585,0.10801601794636151,0.567212144831632,0.49532344579921167
HAG,2015-06-30,0.5278948728489713,0.35844885396840315,0.049044314832136386,20.705432209107627,0.36386294982103445,0.05468671486614504,0.37391047703246766,0.798449147114793
HDC,2015-06-30,-0.2730202859398252,0.1521793598303611,0.0,120896111.0,0.09323268727196857,0.0640335529594226,0.5299244745109183,0.6655748736587584
HDG,2015-06-30,0.15111766428370849,0.08542041306043681,0.06791846560931296,3.868264763875924,0.6733399677667803,0.05207349656836984,0.45855889394747995,0.07802235196082402
HGM,2015-06-30,0.2994761550714963,0.19966192959721507,0.09215919082232439,-0.3759930222686148,-1.7886707744005188,0.113866965897868,0.773493396343339,0.0
HHS,2015-06-30,0.7065272494189464,0.11210850116496049,0.0,69005455.0,1.6741919468262214,0.7109068279886791,0.7314556359468068,0.1505234990139747
HNG,2015-06-30,1.154540524488932,0.3587176680070182,0.0715474633895206,12.243622533598874,0.35567370245535207,0.0799444619517535,0.4445181189640259,0.7265566174622022
HPG,2015-06-30,0.26351526625824606,0.1877472828303725,0.04774685512426684,5.2142645349508765,1.491129747595849,0.3384943935179836,0.5707737756811322,0.6586566415984385
HSG,2015-06-30,0.12445110549198904,0.07469017911356762,0.02913474329275612,1.6105142598691085,1.6224088177017677,0.5873688942027863,0.3239865384799839,0.8409239653761533
HT1,2015-06-30,0.09942458453007583,0.14944019997055666,0.08888944361454108,0.15281310088014,30.459085522851254,0.159158115978809,0.32811251770701494,0.8249940107516532
HUT,2015-06-30,0.4542083360879107,0.14242820745687393,0.0,517481757450.0,0.8677921115160003,0.0430175582900969,0.24390570431113412,0.5350403800638207
IJC,2015-06-30,0.26397404777942796,0.30302473497762167,0.07102944818267316,0.021974755071697834,0.053670857557760916,0.02512169378329046,0.3928592947653265,0.41486221500572323
IMP,2015-06-30,0.07941539090098024,0.14306832340952022,0.0463532003417233,3.2339891409486996,0.6140740924749841,0.22158600455271749,0.8137900402877797,0.0
KBC,2015-06-30,-0.8952495436929707,0.5200828157453967,0.06106931509504785,2.1703320845226566,0.023576263239706418,0.016426261677558084,0.5620314096555509,0.5237047602942686
KDC,2015-06-30,1.979144202689207,0.8449107779002278,0.07856296282554431,0.4153619890114063,1.12714277670956,0.5563556365419636,0.776161402179111,0.3586032414966045
KDH,2015-06-30,0.35148157779140277,0.21730784147241156,0.003277078104749541,5.922187417168315,0.09512893193445866,0.07167279916478031,0.5822070970414677,0.7637149785043712
LGC,2015-06-30,-0.9411946248263929,0.4731647075321702,0.0,218791958711.0,0.2522312845300742,0.025710291429274293,0.25259645625670557,0.6705279456199976
MSN,2015-06-30,0.6618743902240396,0.2376264394550143,0.08042287295065059,2.546849125201268,2.112702754848717,0.10166986474035433,0.3639793791885173,0.8126790523939724
MSR,2015-06-30,,0.1888301993440804,0.2938831013556256,2.371261143341517,0.7449920601272038,0.029462214104271807,0.44379362412381673,0.6505014498859618
MWG,2015-06-30,-0.0241411883815094,0.054895521107897916,0.008914930866226687,3.161371141758572,3.7281090217856394,1.3386106875943484,0.48132584289133346,0.3198582746294177
NKG,2015-06-30,0.11712707224381629,0.06212364940199358,0.022089743799460777,10.616339225013926,3.037476472009115,0.41467570796838715,0.17783946206392756,0.5873552820078296
NLG,2015-06-30,0.17489359832994983,0.15795010845237897,0.015323926366299374,0.202083560196554,0.13119445512115366,0.059436190668877835,0.49273415959675176,0.2574342679180124
NT2,2015-06-30,-0.14604160165580893,0.09425492408006875,0.10590363978818565,0.0019317521655652728,2.2016124035846056,0.14940655330717573,0.37517908893986296,0.8347182858035993
NTP,2015-06-30,0.42746433475662804,0.13381012657840463,0.03018983469247776,3.232413113675473,1.1668484918177,0.3642237769163184,0.5625457742979431,0.6699336543946682
PAN,2015-06-30,0.5754686725765377,0.12891362219480978,0.03164680667140683,1.5706790589289445,0.9059358087841228,0.19399778386533437,0.7478266395540177,0.48968796258625447
PDN,2015-06-30,0.09608850941345914,0.19773546222928443,0.0,48304184312.0,28.685346047945313,0.1478493173338696,0.5634603571818801,0.7274950273043931
PDR,2015-06-30,0.22037047323842154,0.3050023563212478,0.001834893896896595,45.16652896217148,0.024044547657007514,0.01975102009076458,0.2308682689872957,0.585821878942768
PET,2015-06-30,0.14255928927993808,0.04375764049005797,0.0039040505677932482,2.199952671244322,1.5320583668601708,0.5357539771568208,0.29280538261848515,0.5921962703865722
PGS,2015-06-30,0.08406301491214967,0.04328549011928816,0.03832452189837638,0.6969689138663041,-13.724191203432659,0.5507697365269999,0.38534912369004287,0.2826026666140358
PHR,2015-06-30,-0.021958844702031386,0.09136536974654372,0.0,12582706395.0,2.1932566452316693,0.09183509747984041,0.6973907548813606,0.6756361381214252
PNJ,2015-06-30,-0.21799356065422554,0.007176719818208447,0.0044706371266182085,2.775798207159319,0.876842119060239,0.5193605446670283,0.3856725024664438,0.8015685511227961
PPC,2015-06-30,0.11429893129526338,0.1571684157929288,0.0887239331235875,1.3702445008974513,0.8656569947427823,0.21000148764276128,0.5038431503738753,0.7827419112656435
PTB,2015-06-30,0.1210074920439271,0.0799095181346089,0.023348416509334443,2.844089076462814,1.5738969025666152,0.6386041524607988,0.35296411373116543,0.7099997130339275
PVD,2015-06-30,-0.12229899770566172,0.1958512004666071,0.11490384699964942,0.6386517848009083,5.183556871151016,0.14976350321827217,0.4898343579026395,0.5005447252831996
PVS,2015-06-30,0.4214799864719272,0.10244217591553885,0.03509326867411029,1.72574010445756,-2.874320671046465,0.2794564394837562,0.396191680372455,0.1489818670225366
PVT,2015-06-30,0.23823473963437358,0.08879939576545189,0.08032297283616006,0.5132630643252107,-7.538060464741518,0.15111134913460025,0.41912520982692547,0.6572196059471382
QCG,2015-06-30,0.3877352812647476,0.12058111741671876,0.06034592224720739,101.22494830532182,0.01509618677368028,0.00862058192124061,0.5204927862135856,0.5185486677058159
REE,2015-06-30,0.2365966908105037,0.3515456295289082,0.056990369864957514,0.3388820845038312,1.85349435776645,0.10705230012319311,0.7273034983963945,0.4504208729390563
SAM,2015-06-30,0.11308663119660255,0.05242112234953862,0.0,54631056282.0,0.45821837872704824,0.149675131780966,0.7261181929919617,0.7433598948195065
SAS,2015-06-30,,0.09295708528970587,0.0,-0.0,-101.44298605822341,0.22024725482731897,0.6328760414457649,0.5276611372805106
SBT,2015-06-30,-0.0319840415613535,0.17247139460078284,0.04914183647498642,3.181882701122974,0.416306245409546,0.1728519534620971,0.5829012828587864,0.8556278217356752
SCR,2015-06-30,2.1368299232585586,0.3117140786871897,0.0,-201725000.0,0.21235597109038093,0.11088794290553823,0.5065926580858429,0.5469939110887578
SHP,2015-06-30,0.4733599098423107,0.4350722739814386,0.6992671067693345,0.03386727044618108,-0.7232358562458117,0.035852708829032395,0.339235624497457,0.7540221926696272
SJS,2015-06-30,1.4151988925531271,0.23123770307445377,0.0,3227810239.0,0.15379207467253628,0.03141313519511474,0.3305809923971697,0.3325942849049858
STG,2015-06-30,0.17256191920193442,0.032081551210124945,0.006003451227522498,5.735555755729575,5.447618006590455,1.1102834020882824,0.5405093460916951,0.0
SWC,2015-06-30,0.1420822573839258,0.3751230047585644,0.0,-0.0,-0.9628556631364217,0.05149791874561296,0.8323329403519886,0.3670648514160323
TCM,2015-06-30,0.1837363419942103,0.0869344606214965,0.024219900099311204,6.949312124794466,1.5177019980041053,0.32060084414435697,0.3607242592443271,0.6585959863813384
TLG,2015-06-30,0.2937443937688281,0.16260705686228935,0.023153930057073547,2.1825580203377757,1.2789199072094843,0.40295912898694997,0.6243995492442886,0.4618169216314289
TMP,2015-06-30,0.10731354090123085,0.5265293560781372,0.3868059990347449,1.673373827280479,1.1410572462847508,0.11282509249058068,0.6250756464007496,0.7702862548330769
TMS,2015-06-30,0.32361500706102053,0.3278338659749652,0.0950818983209306,3.474644588529371,6.620202578420249,0.12777134420451536,0.7280207685041289,0.7461869034152276
TRA,2015-06-30,0.07815609340853003,0.10991601121017446,-0.007173918167305322,7.102972229266852,1.5677682141542142,0.4307711014731453,0.7349811668888888,0.04946400644704672
TVN,2015-06-30,0.27984180057230945,0.06575285043856316,0.019028054720608326,0.1324838667861212,2.265106325038431,0.3639517529863465,0.42130464755977554,0.6277646251393508
VC3,2015-06-30,0.7044641238044542,0.04009853414987996,0.01760096501612961,0.18448420991477915,-1.6366469410238607,0.1121544974326077,0.16070147732907072,0.0
VCF,2015-06-30,0.2553014357620315,0.04642930261315969,0.025345893530105208,6.261337693281358,4.3708004456544085,0.2669354797343646,0.6469992170874395,0.45974296447122837
VCG,2015-06-30,0.16298595562604845,0.12057477351388456,0.1035031658651738,0.5231614495979694,0.6177853748539978,0.0822754550505476,0.317891740735597,0.3710390971897844
VCS,2015-06-30,0.18675913427735708,0.21950070469022653,0.0,29976039392.0,0.4391681892337649,0.24113144930902863,0.3155278636331555,0.8986865018690097
VGC,2015-06-30,0.018538931123667397,0.09820218184834248,0.0,114395587863.0,1.6307390195844176,0.14940171009288827,0.24200354475003563,0.25368764478775413
VHC,2015-06-30,0.11885291805008286,0.057821594744593474,0.02190507923568053,1.9761519757787114,0.7896952179490545,0.3558736871350579,0.4010553167659276,0.8252189649342182
VIC,2015-06-30,0.007970329311258162,0.1727917681450529,0.05660634470370703,17.494266531668067,-2.617447496251933,0.06051698598354689,0.27788456868074435,0.4324249003885664
VNM,2015-06-30,0.1800680003959068,0.24589640014812697,0.03365918201663293,1.3222998878859056,4.583098202437962,0.3927680954141233,0.7813894473560051,0.20359156280524318
VSC,2015-06-30,-0.1103836752459127,0.43933394693681665,0.0,75979488814.0,-1.6191811246206216,0.13604088862985303,0.8191608483371019,0.03203870311440377
VSH,2015-06-30,0.1566455693150523,0.6695756124169385,0.3928389779210162,18.12914348368112,0.7455175565488344,0.03891189877412051,0.7250173611737759,0.7921168538087032
AAA,2015-09-30,0.22785608574913685,0.06161191831366266,0.046903731636351996,3.3654094112792214,1.17434248439508,0.30526295107320367,0.519569531725309,0.7770494544252129
ANV,2015-09-30,0.2147513904407658,0.04850583153095295,0.04272741106844099,0.002402781120619361,0.49890751258653376,0.2151445217748153,0.39756710073574114,0.8213474705496022
ASM,2015-09-30,0.18282056940379457,0.13254991169899216,0.0,76808924.0,0.20062646230131526,0.07402773184787793,0.6742966997791129,0.704392962902839
BMP,2015-09-30,0.04062992940350753,0.18899804337802376,0.025845987177795526,1.2117512101810384,1.1662977933407757,0.33516573622898294,0.853572159121857,0.18316714970127226
CEO,2015-09-30,-0.9765166622219109,0.30327023162225303,0.0,184229622436.0,0.08652191702003785,0.023507127623625147,0.4819090460962816,0.6046309798455525
CHP,2015-09-30,-0.2398152103048811,0.39147272760873214,0.0,5095860.0,-8.003465818026633,0.03886543154378305,0.46678825308543714,0.8922938677425908
CII,2015-09-30,-0.09350089019005178,0.46059971340112005,0.0,1115287588062.0,0.4236742160257936,0.05976849162375884,0.3535371050356249,0.7852147424858152
CMG,2015-09-30,0.1584945109825551,0.056735436039345936,0.023059941880329237,1.786053748117535,3.2575846090423815,0.4451060959743126,0.5150685933368393,0.44401274725993867
CSV,2015-09-30,-0.050354490324029284,0.1298165351561077,0.08296026678879995,0.24495112264738653,2.033319868132486,0.4088981180644317,0.6086742510178385,0.3052759767400398
CTD,2015-09-30,0.31374619392726494,0.07183384483501928,0.0035083405546329455,3.441322884124288,-16.88223456374149,0.576597517353746,0.4432221445494269,0.0
DBC,2015-09-30,0.021102264186364298,0.06363481339167977,0.03092779236018383,1.140058029599181,1.0765986679247792,0.36234047776505607,0.44101171323916244,0.7226047330805428
DCL,2015-09-30,-0.059323626551527696,0.09812343565650315,0.03300831452297481,2.08846632748285,0.4433678628538505,0.19878299536118876,0.6600514031472866,0.7747781330457785
DCM,2015-09-30,-0.4668928586745663,0.06710073582290099,0.29379698566737295,0.12016074765963725,-1.2354470527331298,0.07594331375025233,0.4062007651277731,0.8281743377001433
DDV,2015-09-30,-0.17480382977487677,0.04349849665254281,0.0,-0.0,0.9760189545154532,0.2138808092972504,0.5197328353826913,0.7188509114978856
DGC,2015-09-30,-0.04995474656687294,0.2140702465429815,0.04135806804876147,0.6206538381292469,0.8612223668006902,0.3217067201891579,0.6431205594533833,0.6186176476852095
DGW,2015-09-30,0.008231104192369046,0.031156873912073967,0.0,-0.0,1.851136354991426,0.9534689453391204,0.48028465351423677,0.40068550940366143
DHC,2015-09-30,-0.029735995575418603,0.13701885572756506,0.058376026481906276,0.26052179411608556,1.2602754779033247,0.38962937420156635,0.7189925718835157,0.5357752594932834
DHG,2015-09-30,0.18745278353872896,0.19664644594468678,0.031194624299297653,1.132091631115786,1.3814246905629008,0.3260823652003644,0.7635319315579892,0.24501107345464523
DHT,2015-09-30,0.20495647764000854,0.046331442059673746,0.0,2010509564.0,1.2751932914702555,0.760363820640435,0.4630881926365882,0.6689659173514737
DIG,2015-09-30,-0.14766950025323852,0.09468979729824842,0.0,7218309222.0,0.08353913548932343,0.03614360123707316,0.5117616691609922,0.5360756482607552
DNP,2015-09-30,0.16284470494475775,0.08267668424324731,0.0,-0.0,0.8230933732442426,0.3994398780874224,0.36865583437239124,0.846117740477317
DPM,2015-09-30,-0.20373948355786115,0.21231859676949927,0.03586392000727761,8.235175604306928,1.4548981536925873,0.22203515135309984,0.8878430736907749,0.21335354840664275
DPR,2015-09-30,0.31077063093956814,0.16600731680990788,0.06478222379233109,1.1753825134146656,1.8687235176202495,0.08291031484038752,0.8117042070389924,0.3581950745577299
DVP,2015-09-30,-0.009019460841095698,0.5545393429883305,0.0,11421380000.0,6.891064554050236,0.1676697177398406,0.8536108002354409,0.612908078682567
DXG,2015-09-30,0.6595145251703751,0.3037932621216825,0.0024269801386832793,11.199787615555197,0.9268353471415353,0.16119318711530842,0.507276612599603,0.21503048391621182
ELC,2015-09-30,-0.020301121530342744,0.0683632252045134,0.05245659377667954,5.961232550324139,0.45614463364597746,0.14986537143813988,0.6437670810499612,0.3782415192551773
FPT,2015-09-30,0.025605525618600043,0.06953234215944838,0.012653315288590946,5.458027099682774,1.6094731453637012,0.40898818360600847,0.4211725544089985,0.5576829115205698
GAS,2015-09-30,-0.0005626255835368271,0.18942202537759759,0.0444072276236641,4.442621547379741,8.442436730794364,0.2922070102437275,0.7996482316937806,0.5396970510000485
GEX,2015-09-30,0.39070567391792266,0.03924028571099231,1.809292514605393e-06,3110.05342788426,3.145252133946281,0.7430293495256225,0.5998703906903838,0.2932680426114392
GMD,2015-09-30,0.048528662741423506,0.1728953545075157,0.06860802452857057,4.517216146296086,1.9560418813429619,0.10776681887142725,0.5547724943884669,0.47875629303463313
HAG,2015-09-30,0.05819231250371648,0.306623985238275,0.0596115882907067,21.85747908318446,0.3808950836065922,0.052217193063353325,0.35461877712035916,0.8283774208394635
HDC,2015-09-30,0.2340775043579983,0.12545384615382288,0.013829345947664065,1.3811604754403979,0.1095131751698657,0.0781931512847786,0.5183995293929209,0.7029658748907858
HDG,2015-09-30,1.7213029896657828,0.15847501633239727,0.002088866191149925,10.92324591431387,2.0837072107526455,0.3163885123266785,0.5346658494630988,0.17837784208419877
HGM,2015-09-30,-0.403596738900416,0.4058653259059684,0.21238073481608577,0.3216597495049351,-1.3259500372386435,0.07472230193091985,0.7881790725526219,0.0
HHS,2015-09-30,-0.6612247289702919,0.1157574995351706,0.000554913062655373,-1357.1678362977586,0.9669829295734538,0.4202538298534633,0.821716553523705,0.46305326780371664
HNG,2015-09-30,0.1465365364896926,0.25615024568266004,0.05603431462863067,20.778999111340383,0.4045597373281443,0.08165550006477108,0.4243692947548082,0.6792457812478142
HPG,2015-09-30,-0.10435928364269577,0.17508393872522132,0.051283849593035724,0.42545673417031765,1.2607522993415394,0.2847503792338557,0.571793010217592,0.6440691534228689
HSG,2015-09-30,-0.20751773426503325,0.07028042328602055,0.03270241845683797,0.5041940700197708,1.024334142185585,0.41871152814561047,0.30831918980133866,0.8409502038454568
HT1,2015-09-30,-0.0755478673731099,0.1513681083037991,0.0972316653981254,0.5152397782115339,-398.3691854506755,0.14906532540057868,0.34260026794969173,0.8133116728480743
HUT,2015-09-30,-0.4588584658998033,0.25756919709002746,0.18218217650179275,16.75638764758695,0.39049361106187314,0.024225827690463313,0.21932609411331078,0.603681896144589
IJC,2015-09-30,-0.35301229581616267,0.3482320475269022,0.10764467603216446,0.6377641770477631,0.03729526442110849,0.017732571174757072,0.3981274037443762,0.431603775708624
IMP,2015-09-30,-0.25282283668883093,0.12295217877370392,0.05942361213849589,4.508930657368069,0.3874159022669122,0.17099770865396507,0.8249011847186495,0.15780048145858894
KBC,2015-09-30,0.9034252164707931,0.26595779871944414,0.01639235948966324,1.4274790113117446,0.05725709027783959,0.04123882355142611,0.5796474037213865,0.48177584283760544
KDC,2015-09-30,-2.539848692444746,0.15926008498566355,-0.014099234662335756,-6.427228301853977,-0.7124990050243075,0.07609043013369708,0.7620485546807837,0.008970856717053697
KDH,2015-09-30,-0.004234415468258884,0.27583211644808675,0.003438814996510964,-1.023722349711566,0.0807784339878128,0.062042679448513646,0.5209716729393535,0.8747909546733359
LGC,2015-09-30,-0.09374673761193389,0.5928683905090367,0.0,158816244045.0,0.24971141263506297,0.02256726691173578,0.44002840459387865,0.8006489114302467
MSN,2015-09-30,0.2243480803162867,0.07526921070767044,0.060796535747985395,2.8074684924146385,3.06193928622176,0.13130729077479497,0.3677987864627428,0.8110931126520889
MSR,2015-09-30,-0.35372253682978394,0.4068985698945134,0.6418929448350927,3.323112417845502,0.4266558056819741,0.020126370817643745,0.4331871836630596,0.7183864505727008
MWG,2015-09-30,0.21594902645900493,0.056446207267151424,0.008180994374263582,2.9459102439769733,3.9697084490323538,1.3880645914042995,0.44697080948853884,0.33179853592221914
NKG,2015-09-30,0.07708577491261616,0.04365521788082265,0.024060725011400122,2.7324887031226206,2.8670777769244205,0.4223378336598938,0.178647028614948,0.5964414807917152
NLG,2015-09-30,-0.04528914399133861,0.09571087243631472,0.0182594104032123,0.008366017637721303,0.12215736058234487,0.05365985201432124,0.4941057897248766,0.24073332591763327
NT2,2015-09-30,-0.335068170016635,0.09028812907867081,0.14904092867508206,0.002501316159795326,1.872990873513586,0.10945819134459008,0.3901479750196845,0.9046019951334086
NTP,2015-09-30,-0.08589818650684714,0.11671738580578318,0.032711395137892556,2.0658636031800492,0.8877774372776421,0.29815980852413165,0.5293731609259129,0.6957966472921642
PAN,2015-09-30,0.09229292166916656,0.16782958366269357,0.03956400630344646,1.4577970794709192,0.7359205941843366,0.20678688930922523,0.54993105454824,0.34061383770964093
PDN,2015-09-30,-0.07012254274397088,0.23643973593881798,0.0,53776650219.0,-8.978223672542219,0.12948075384621402,0.5555490726868387,0.6909720014568796
PDR,2015-09-30,-0.09865800679593818,0.25824964861849703,0.0019610598098782762,596.5279218389855,0.021948911388954374,0.01630450571027053,0.3036481196320358,0.5216691326317777
PET,2015-09-30,-0.0629968663641626,0.029557988695506947,-0.0009731428080471491,-32.441719456092706,1.9301549428772342,0.5018104376937955,0.2884017763575693,0.4785443897397824
PGS,2015-09-30,-0.06258801631110548,0.05669372933666167,0.045521668095655894,1.1231097966040173,-35.785233051877654,0.5388821275286575,0.41616253530841196,0.29122491852976923
PHR,2015-09-30,0.1558382908075763,0.07199696046262027,0.041369804330538114,0.8379588563929813,2.0415104833704802,0.10600253874444278,0.7098580535513147,0.674327698780448
PNJ,2015-09-30,0.043900643375928285,0.044835380761031426,0.004616105167373799,1.7648823808378742,0.8911118791080913,0.5590827932781853,0.4347586109049997,0.8395523719340676
PPC,2015-09-30,-0.22209527033419627,0.05801977622255482,0.047751974545941,0.1653965143250073,0.40514646654423586,0.16966406590822816,0.5149405228514833,0.816079469104258
PTB,2015-09-30,0.022961214977753074,0.08514664804073539,0.030266134907300644,3.4282940702071167,1.9034713304659432,0.6478167372419489,0.38712295540131053,0.6901080725538428
PVD,2015-09-30,-0.039307158064741395,0.18605439919974745,0.11406043817194494,0.17394881815882177,4.425592005773897,0.14329706897754887,0.5008885595431573,0.49741150335025147
PVS,2015-09-30,-0.08519980955531656,0.0836252241545851,0.038743769444537376,0.35127139127800094,-3.2876699431650303,0.2524104992077262,0.41386737259478434,0.1396634706052139
PVT,2015-09-30,0.057370347637855194,0.08464151102217629,0.043918822622596596,4.371120009169167,-8.135887657640309,0.15971995920112908,0.4260680757125685,0.6668496762626701
QCG,2015-09-30,0.46791851484354857,0.17165769588195054,0.03267741790636469,-126.44272126087579,0.024132989045351966,0.013559850308145303,0.5118527714744168,0.5167681335379618
REE,2015-09-30,-0.3397463144628537,0.40442244222853646,0.0814012223856297,5.535591863399479,2.5172398682572132,0.07192450512606999,0.7097470009380104,0.4062354058881482
SAM,2015-09-30,0.2732225412660921,0.03784017503337301,0.017104115390873368,4.659794755952468,0.4364989416203171,0.1848924299572888,0.6860558402148632,0.6867894228660512
SAS,2015-09-30,-0.001318373261956034,0.0593248998759373,0.04147833860099581,1.4434025127465666,32.290279595181914,0.21819010441169187,0.6528266970565143,0.5063221277623473
SBT,2015-09-30,0.11074441650500078,0.12348661107885173,0.07620472658821895,2.0694142839178236,0.2967765686498313,0.12071125176328037,0.4722167051998826,0.8471023942012562
SCR,2015-09-30,-2.1209673692504194,0.13477735176174657,0.0,750000.0,0.029092836949961863,0.014115512443992678,0.5395082870558967,0.359071728113473
SHP,2015-09-30,0.7499494241118093,0.6695775710786519,0.5652668574315405,0.03757006950968132,2.9618351622018317,0.07529849512532472,0.37544640621268144,0.7930696073862992
SJS,2015-09-30,0.4262282540331575,0.3090754126866854,0.0,-3227810239.0,0.22153337637705492,0.04793952772134201,0.34073114739605237,0.3359992603164144
STG,2015-09-30,-0.13675784123125864,0.04445111230817233,0.007737176824693265,0.3638980561141546,4.072094149100656,0.5738606708903963,0.3677695169764227,0.6971385729115785
SWC,2015-09-30,0.19374885541576964,0.17702848396465054,0.0,-0.0,-1.4177507032933676,0.05879397012041826,0.8246530516639462,0.37526649034102116
TCM,2015-09-30,0.10616207300264158,0.06961712416050525,0.02367435389003021,5.38389592253765,1.5903772541693668,0.34542315823328695,0.36872350365453205,0.6770695729296943
TLG,2015-09-30,0.1631933367778656,0.1801878135753677,0.021523446705200525,7.85089563116741,1.6258229242149598,0.4489334291177085,0.644014558975505,0.5543819539478158
TMP,2015-09-30,-0.14304277743399132,0.4709642071929836,0.3850528856487502,2.20171498464056,2.978685710703018,0.09507927146042551,0.6399788459417277,0.7152254034508575
TMS,2015-09-30,-0.08359266741242721,0.423225493409082,0.11914316941837551,7.203533580764896,3.0941772265286276,0.10044160255122127,0.6543426369667975,0.8266912696476527
TRA,2015-09-30,-0.041871817851247085,0.1280918006407894,0.017595105991749623,0.7315773405266306,1.608702824571177,0.3814915885672718,0.7145678927079414,0.04060759612429299
TVN,2015-09-30,-0.1730219554508791,0.05868666661218786,0.022145444216569676,-0.1349766347272145,1.9334586405125573,0.312677968677195,0.4646170182838371,0.6446412535279555
VC3,2015-09-30,0.17467186194290202,0.09689487043655495,0.012325538801160985,72.75531834379566,-2.785871318566374,0.14155197152136945,0.18223368858230618,0.008447848566771247
VCF,2015-09-30,0.05290715554941693,0.08624808019097244,0.025143149488519555,1.6601953847487723,4.617779885657992,0.296590986286647,0.7027550532350703,0.44310958844889053
VCG,2015-09-30,0.1575117899303795,0.10709174591920743,0.03775558939732119,0.09057328163175786,0.7261929066348543,0.09912931190778031,0.3299510743666852,0.4055747370290064
VCS,2015-09-30,0.045371838344326614,0.21768555447432464,0.032532746499572295,1.061919974644633,0.4391569757246667,0.24813180273015453,0.3513657265626244,0.8811775600016606
VGC,2015-09-30,0.18111109684831417,0.0829961295017771,0.04887488724828558,2.168369901680562,1.8602841814059095,0.1785077320259416,0.25150699580888025,0.24616685486986412
VHC,2015-09-30,-0.13354563747677117,0.05644859483104873,0.02335313818460915,1.2537062928193234,0.7166090957997574,0.3228428642419506,0.4283952689694503,0.8235855825875581
VIC,2015-09-30,0.1590523235414413,0.11750562744481276,0.04787028603169408,13.336101975555643,-1.1665085431268136,0.06232775774876859,0.2510841733314582,0.35594105240162754
VNM,2015-09-30,0.004916711532144443,0.2383930234409445,0.03375981198636481,0.9908570554980829,5.728029643131532,0.413933521305439,0.7402755268371717,0.25732706914302195
VSC,2015-09-30,0.1500825366790329,0.43720013109137645,0.0,279328955730.0,-5.472760576385435,0.13690577128709908,0.7399674079958831,0.4902686786838242
VSH,2015-09-30,-0.4622123933257728,0.5140494398871549,0.42376786361190427,-4.296926390816254,0.19402847794743677,0.02079363747913602,0.6245713080874621,0.8669229389217269
AAA,2015-12-31,-0.022227808208182365,0.0726586886765281,0.04952837860138642,1.436685669669533,1.2430688547257716,0.2373179734351161,0.41922451200963995,0.5373413405534722
ANV,2015-12-31,-0.026278990685161412,-0.009604909217968019,0.0,-0.0,0.4751310465042483,0.21300378462149983,0.3963760223999667,0.8300887449388142
ASM,2015-12-31,-0.018034276478146333,0.16543898668522192,0.0,328500000.0,0.12386847844047702,0.06622453959137777,0.6230827798694388,0.6717776897105865
BMP,2015-12-31,0.03381117810078031,0.2197686058476058,0.028411163846886182,5.544263728924061,1.4213286876200557,0.32799477691085355,0.853278100885802,0.1720966660817074
CEO,2015-12-31,2.0279367409095266,0.43634355788232193,0.0,-309160049721.0,0.4817292647763448,0.13675083000478128,0.4118144077903409,0.6133026576165267
CHP,2015-12-31,0.9032392337672525,0.7080021532890194,0.0,180599970.0,3.96369596284475,0.09227664753071202,0.49855271039377647,0.8853651726348144
CII,2015-12-31,-0.31989251526635953,0.23674518946527712,0.0,-184390846739.0,0.34787268819367007,0.03785081426047109,0.3079780613713417,0.7689602460232502
CMG,2015-12-31,0.19594865022266547,0.06000861583686818,0.020140355459067748,2.4329523135132667,5.3844093994139035,0.5125913878028733,0.5125474564564357,0.37920373169672694
CSV,2015-12-31,-0.00968927132331277,0.13273695991819354,0.08453656340695355,0.13976467479471819,1.1672022022562893,0.3854504696262716,0.6168599540680187,0.5443272549524769
CTD,2015-12-31,0.36502856481623874,0.06267040505972878,0.0026004770707673515,4.4767860191698645,-11.596895885809827,0.7103398992045694,0.4153268432535458,0.0
DBC,2015-12-31,-0.08775801781461108,0.06494969672386232,0.033573649687062855,2.201334528623976,1.0886102354904017,0.31118606399345083,0.4217461891413256,0.6589048829462729
DCL,2015-12-31,0.15081163334027353,0.15608535199342677,0.029123483381134466,-0.0,0.613092823892388,0.24459510058589937,0.7250174843245114,0.6884734029099282
DCM,2015-12-31,0.4837150503931739,0.1922969422657606,0.22554373517890092,0.352649762733031,-3.420420820075388,0.1260950087813385,0.43357118624930885,0.863137828451389
DDV,2015-12-31,0.11820854069622298,0.04577769292029568,0.0,-0.0,0.8441168959325194,0.22805550763551413,0.49808176605741844,0.7755260501306581
DGC,2015-12-31,0.14569637184345904,0.14171248441063858,0.03313274651210204,1.9149923981756034,1.3324354298644723,0.3647369837450423,0.6778250327057721,0.5706224738240803
DGW,2015-12-31,-0.20912596215231782,0.031159660010681517,0.0,-0.0,1.017322310459657,0.7577542788567295,0.4853045087014798,0.690114426226139
DHC,2015-12-31,0.09750899023212006,0.11988511583964,0.0549822956375272,3.025386277957374,1.5418581566576368,0.4260914754481004,0.7344200323012955,0.4860672561990904
DHG,2015-12-31,0.15838771785996977,0.16486334018598123,0.025926108456696212,1.6093945209752916,1.5052456673237251,0.3520312232084592,0.7509137485468197,0.3234720605177237
DHT,2015-12-31,-0.1805418575307472,0.09194856966311839,0.0,-0.0,0.9454132151848945,0.5310124421499951,0.38975146137340366,0.5858160382598536
DIG,2015-12-31,0.10278152420745526,-0.04413645449086336,0.0,16075784407.0,0.08387925138235812,0.040414638435981226,0.5219680067775903,0.5731836463296396
DNP,2015-12-31,-0.03787235166816301,0.08474854670937002,0.02622594177520524,1.5845761453273235,0.8444716177853775,0.35797185793374403,0.3710585138612328,0.8914585811648588
DPM,2015-12-31,0.030615022485540905,0.17635017081608972,0.03061096957957401,3.4147213798071894,4.460888284441584,0.22371618601645224,0.7868184295497345,0.100306993423623
DPR,2015-12-31,0.09501012254888438,0.06438875144625018,-0.062143467238636556,-1.859632453027487,8.440937710947333,0.08922104074174908,0.7860541736069054,0.4295967259432319
DVP,2015-12-31,-0.09198574923962587,0.35122594300808657,0.13524014475211601,2.352233561196979,5.404431106951426,0.15496682003056447,0.8420962382297971,0.5429692740645835
DXG,2015-12-31,-0.06591432950900193,0.29163418707245886,0.0030201577366302692,4.8071806261955325,0.7008403785004103,0.140536475371258,0.4957142653607769,0.24340556610968436
ELC,2015-12-31,0.7294884066066085,0.2250391631186398,0.0,-0.0,0.7278740916620353,0.2857147826782606,0.644024686546809,0.4980569193122394
FPT,2015-12-31,0.09609237739057304,0.09260673271435582,0.028173817912405596,0.2820696023170702,1.696141715914826,0.41027974210415885,0.39172369512300625,0.557153785604228
GAS,2015-12-31,0.09182375176150759,0.08564708728714267,0.05242955716678536,0.7283126748189716,6.773457541857303,0.3098843214820606,0.7561825707944639,0.44047804010792013
GEX,2015-12-31,-1.6195097516527235,0.1463535084010676,0.0698439909313838,2.3461206601737916,0.8201998077139316,0.13922089483517647,0.6087008887961111,0.27092987952417064
GMD,2015-12-31,-0.011984982722279582,0.14666476114255877,0.10186909266310214,1.9541570937865287,1.7002966023979402,0.1092324807691411,0.6196427533340478,0.5674341061566563
HAG,2015-12-31,-0.6514098220497782,-0.17611164411104366,0.07290572073965151,18.80333049192576,0.1752656553088246,0.026660817543076015,0.32844080941355236,0.8302209825418438
HDC,2015-12-31,0.6187252406271252,0.2227222315216487,0.008857023403687048,3.5395299725895857,0.1856146780588326,0.14156051706836717,0.5301688667530454,0.7203089889490092
HDG,2015-12-31,-0.2577231502210224,0.10643226004180414,0.017659702534869683,6.9284604731495305,1.103075090704084,0.191918967191349,0.44175378000883286,0.472826062474517
HGM,2015-12-31,-0.10307565810732655,0.0782584591116976,0.13992335100964973,-0.19394425547203106,-0.7376873650889764,0.06673771580793357,0.7402032786357625,0.0
HHS,2015-12-31,-0.040462846990314244,0.09703297151061713,0.0006461422816615994,7.0929057184349364,0.6731396164000562,0.24661554559629822,0.9398512897778326,0.4244251139513841
HNG,2015-12-31,-0.7544788090910839,-0.021910272684002762,0.1264986858728971,2.1506251460444994,0.344397274762175,0.034033722984192674,0.363679094419872,0.7446736068177963
HPG,2015-12-31,0.03878939791298043,0.10436110099728357,0.061088703442733164,3.256371472897226,1.4820428148598035,0.2854247711898043,0.56712890485645,0.6210701864373267
HSG,2015-12-31,-0.004170981512502805,0.07983349631827359,0.03587099189024335,2.5888975014478603,1.2922764520269303,0.4469945262419374,0.3649456120815049,0.8129168278025514
HT1,2015-12-31,0.1363065652494017,0.17854123654614076,0.08769608822403215,0.14099783872170468,-4.121005960685601,0.17663367514842881,0.3725611454450813,0.7967521509475046
HUT,2015-12-31,2.1995457754511367,0.12039888713412186,0.023459054036678032,8.227908739287752,2.1423172200411114,0.22829004306927844,0.24306102317039086,0.6914840034949724
IJC,2015-12-31,0.681978667200527,0.282928593156939,0.04964864129641576,0.08919202409736018,0.08013156326308386,0.0351470150152225,0.4033083048662624,0.4252824002223226
IMP,2015-12-31,0.6083187392050873,0.0838891975782683,0.031785770116792914,3.426878391949611,0.8579265447647522,0.3122834474800331,0.8325050942958462,0.0
KBC,2015-12-31,-0.17785314314595219,0.7838466161374595,0.08624337066248958,0.5654320747741571,0.04654235312145719,0.03393372792399613,0.5891117727490741,0.455053867238901
KDC,2015-12-31,-0.1098735856623427,0.12768197995915137,0.026312259697750057,2.1043372888608776,-5.797857747555828,0.07992584000840867,0.7923582923317858,0.1087410506404236
KDH,2015-12-31,0.3211706265061224,0.2614038633060169,0.0011219198962232478,72.06823438378441,0.07245741235289063,0.049041331256580625,0.48869811423897547,0.4609282467778674
LGC,2015-12-31,0.32040891772112384,0.5749580498422461,0.0,383101014129.0,0.534813023692386,0.0261002092657043,0.3736604199476818,0.8795203150716603
MSN,2015-12-31,0.27842353735033176,0.19694540321909085,0.05413863997924422,2.3931775828238275,8.251396963446238,0.16680133667920674,0.37730214600756856,0.7961380493007545
MSR,2015-12-31,0.710484606170326,0.005077313902927185,0.18441377089450964,2.132300372594704,1.6222170589209377,0.041159584034785,0.4357810484716119,0.7129781315331358
MWG,2015-12-31,0.1517606073646041,0.05652649724922128,0.008343821173154074,3.008478554452407,2.506053443581518,1.0703660314773886,0.34181584923703257,0.4292881675568129
NKG,2015-12-31,0.25295119938134897,0.028653437497362138,0.020720140969551916,1.5125949811899173,2.2471281823751963,0.518612290801687,0.17908461574395823,0.674457636080142
NLG,2015-12-31,1.1122926303164045,0.25402945341745004,0.006565659424392165,0.09110682708013777,0.3045241008255607,0.14432548675715096,0.48273166584543453,0.24518822867797918
NT2,2015-12-31,0.35039190895161115,0.28804313874546245,0.13415412000360138,0.015346847123646487,2.022833960135966,0.15682072331578495,0.4094969901302751,0.8529979912797743
NTP,2015-12-31,0.1286145900879537,0.1285605595029756,0.030129332659908196,3.299121017635873,0.8744952074421589,0.31816998228073196,0.5286316302907612,0.7444781214004055
PAN,2015-12-31,0.16856967706384568,0.09470790662688412,0.031823470950168735,0.8873490559577568,0.9698083824885836,0.2474799477550483,0.5716990962565179,0.3406725328740872
PDN,2015-12-31,0.3148862988155859,0.137215094490235,0.26258022788704055,2.9055315611739356,-10.081258502674835,0.16225276068507477,0.520300754907049,0.7814804440165034
PDR,2015-12-31,0.8379184374269059,0.37421364360683934,0.0009710167268453491,-478.91785110156036,0.04868254760300413,0.03632067889339571,0.30317672753860647,0.5208770108366589
PET,2015-12-31,0.0291189757448153,0.02927395729412085,0.0005455594452212106,65.51573568207165,1.7501741627441947,0.5194677753610931,0.2922497830085593,0.4886386950192878
PGS,2015-12-31,0.019562901141084492,0.02938387412781745,0.0732230851294006,1.263009642697942,-9.540637705304263,0.5650537752074738,0.401998950709573,0.2756291498890206
PHR,2015-12-31,0.3877940603627237,0.3876446501152366,0.03305666557328091,0.948102885791118,-3.8112056943935753,0.1500641284447046,0.6645307480875389,0.5550400203152279
PNJ,2015-12-31,0.1138876056463916,0.010643964301543072,0.0039765567076176485,2.8073682938444855,1.0498021529501949,0.6764643120864703,0.4689615978525747,0.7985836283222276
PPC,2015-12-31,-0.07660188422565323,0.09359385976814742,0.015207623080950047,1.1041950900798738,0.9119588071861421,0.15661251538143572,0.5192410183664565,0.8191099200618366
PTB,2015-12-31,0.14435966618352544,0.09712541423507252,0.02761666795058212,2.0056965644109055,2.2527092300102907,0.7132825132335866,0.4166969581380798,0.6601003314304884
PVD,2015-12-31,-0.46378323945713973,0.059960218975079575,0.17470150816774271,0.3550734467969556,4.59918067615416,0.0954956537771403,0.5339262731496783,0.5500584805931814
PVS,2015-12-31,-0.5177070371698707,0.07550899950879995,0.05088652278963015,0.6930979972213748,-2.1554880328797847,0.15774976989499123,0.44689388081413295,0.15327396063191542
PVT,2015-12-31,0.11550878286718891,0.14947923397942317,0.03770183163833952,-0.46852457834362377,-5.753308942110967,0.18050522900447472,0.44751058104025593,0.676234463184239
QCG,2015-12-31,0.5656508947322167,0.04353425366344897,0.01454047950277859,19.05973291206403,0.04071099227858602,0.02297868423904699,0.4938569392016681,0.48278369620489314
REE,2015-12-31,0.18339215615469104,0.43157222202899814,0.0714122565462448,3.2935398081197547,5.218792866885779,0.08173631127338214,0.6954978950555568,0.3387064619112896
SAM,2015-12-31,-0.04736663514213811,0.07512697111022092,0.020561505684083974,4.633173663995991,0.4251702897204212,0.1767132471652703,0.6962888165504343,0.7852672301221005
SAS,2015-12-31,0.3063895390450323,-0.09556620382177228,0.0,-0.0,-10.53638742863224,0.3486115395127946,0.6657035780126418,0.25607072294358374
SBT,2015-12-31,0.6370967362577147,0.12707713041269766,0.04067066601463034,4.969159264528846,0.5740355237288248,0.19196367952475046,0.39018987708736425,0.7743275613879365
SCR,2015-12-31,0.42641251808860364,0.1327375562207855,0.0,-0.0,0.04678179459039908,0.02202824184433866,0.6033199103586373,0.28015413261459393
SHP,2015-12-31,-0.29209327693248666,0.4653643947658949,0.47316500561841857,0.06766662101710058,17.321907489955347,0.06105504712970689,0.42464028276441135,0.9212240048559363
SJS,2015-12-31,0.3916660185738895,0.3971621662710628,0.0,-34450585238.0,0.25972320912122654,0.06745889908523461,0.3436085301909415,0.3209124690530125
STG,2015-12-31,-0.22702883944268087,0.022209362447174696,0.009437383198541855,0.0432402634984786,5.433401855529573,0.30862218240516903,0.26590875531611924,0.8386979826889746
SWC,2015-12-31,-0.08347855897096865,0.6176534420071688,0.0,161883954.0,-1.9166491802350425,0.05700228153028572,0.868223588504515,0.41782795464262995
TCM,2015-12-31,-0.2226179210073041,0.04833702435549397,0.030414150148795074,-0.4019426761820114,0.9849966488432786,0.2611333295019304,0.3569551108982114,0.7177075153993556
TLG,2015-12-31,-0.21627377886234592,0.0761129922516637,0.023886469526321185,0.6195053487804496,1.4300691510970667,0.3614854253839673,0.6352586033524498,0.5155221782543635
TMP,2015-12-31,-0.6117939001899078,0.44611171619313794,0.7512211725169673,-3.166757698283637,4.90358857386273,0.052232438599307235,0.6633890305448791,0.8060755035165131
TMS,2015-12-31,0.02373351287103018,0.28287991403785984,0.09742276928494105,16.01035601475138,21.91212073910021,0.09566018510493923,0.6141894187439826,0.798206529153659
TRA,2015-12-31,0.12738483520789348,0.14706978617386993,0.015908520388739127,0.7315039435899745,1.9146376351360996,0.4217909345180309,0.7441442908285449,0.04500079826397612
TVN,2015-12-31,-0.11544044653954817,0.006706383239362534,0.02371359618755022,0.3503035766662578,2.6579682412924397,0.2988192755122168,0.4958898243621004,0.6426150532567575
VC3,2015-12-31,-0.4968997991690811,0.2545536439537323,0.025994777218934527,-31.686618088774086,-6.514054899123493,0.08412236078784789,0.19660885385516869,0.03179167065502848
VCF,2015-12-31,0.6583553128170294,0.17636584254305865,0.014616775264044389,0.6622246315810734,-8.417410727222606,0.504477500239624,0.6992384954176918,0.33794450710818197
VCG,2015-12-31,0.32711171350756446,0.08363269419534823,-0.001648147617923925,-62.259480798056565,2.5728897052109168,0.1370441426930056,0.3321183110321343,0.30449208428164637
VCS,2015-12-31,0.15074001986768945,0.2231683360425607,0.027845242284252874,1.3119936437614002,0.5493395866255113,0.282421367625295,0.35901434692980483,0.8428949962976291
VGC,2015-12-31,-0.09744720736932536,0.08617915434343378,0.062357706185947645,3.894394726586164,2.255303830495896,0.17290418573971467,0.28312170437565454,0.2679479229714903
VHC,2015-12-31,0.20962888801144947,0.056498673219522885,0.014801355488031267,1.065148568612834,0.9147571198010452,0.42887569011360505,0.47758343398743075,0.7754526076569467
VIC,2015-12-31,0.6518229962296707,0.11966522407285857,0.015024443560249252,13.046945737055932,-0.9652070106390229,0.10313022107919041,0.2564325769051264,0.31837545508653736
VNM,2015-12-31,0.051292912931269724,0.2028456334975986,0.03135297588387212,0.7331182552191113,5.198331942084157,0.4116293863493469,0.7614739708326893,0.28127181874322776
VSC,2015-12-31,-0.07112852804963085,0.28598372288818774,0.0,-54777767460.0,-1.2189990490367322,0.10579683723681435,0.6435092234010066,0.5355293219253657
VSH,2015-12-31,0.23383278569223273,0.4603433942055669,0.0,-0.0,0.20085937025306402,0.02381948896925243,0.5528100444594223,0.8969511819682177
AAA,2016-03-31,-0.07648971872976856,0.08916563939360692,0.05469210946390361,14.152867434711608,0.8129175825752091,0.22560509978221485,0.4436972746595199,0.5512334353084148
ANV,2016-03-31,-0.17617929079488215,0.04570921560724132,0.0,2140000000.0,0.39408497581914714,0.18047241741289533,0.40119558794508997,0.852016611792211
ASM,2016-03-31,-0.29202177625533343,0.18463198188446664,0.0,3436455000.0,0.09262612475154794,0.048279687686012436,0.6147567807426313,0.6372740029969612
BMP,2016-03-31,-0.11025945473682923,0.3000203736865438,0.044764466378952074,12.649513541817583,1.007614538899385,0.3016088962373908,0.9297652794937021,0.30116332463958095
CEO,2016-03-31,-0.3847097743541348,0.24840652352573409,0.0,112496854904.0,0.34870181895257685,0.08939037071209904,0.35646890800910214,0.5446314659431978
CHP,2016-03-31,-1.1222272959213655,0.3557624652531397,0.6065451933302646,0.004291090556723972,-0.40506920025848614,0.030888987998203544,0.45271877301336194,0.8031223197463341
CII,2016-03-31,-0.496315253045317,0.6359418620003521,0.8317228723307759,2.4218768471541314,0.22234019298965627,0.023209549324376022,0.3786330085924225,0.8097692674196239
CMG,2016-03-31,-0.1044272182990471,0.04358147626957866,0.023742957635548883,0.6095446019774436,2.884180273790543,0.4455265643026943,0.4998472724390392,0.36578526903964553
CSV,2016-03-31,0.036497375664824666,0.16580604670495183,0.07528622630942004,0.08447282257589345,1.2541469142987383,0.3720219806258024,0.6210098187366446,0.601339085211521
CTD,2016-03-31,-0.5535331970301509,0.09095063509393611,0.00424254734805458,0.043425536551355864,14.79438699398762,0.41809811058593843,0.45674759217487404,0.0
DBC,2016-03-31,-0.12221833769540769,0.07898061275024792,0.039942367510670325,3.5716781295931477,0.592761896972307,0.262187815236948,0.4099323551458674,0.7609402592706197
DCL,2016-03-31,-0.05267011654814947,0.1549387433771934,0.03214949190034563,0.9549570212580307,0.5648300985318392,0.2328319652904784,0.7523897516829805,0.69303979156931
DCM,2016-03-31,-0.5409630101163666,0.1682366585303936,0.3621579025699081,0.08493258286497805,-3.2432804297961297,0.07600905823610964,0.45451209503693457,0.8621234173164137
DDV,2016-03-31,-1.7917460301445804,-0.21452458136716127,0.27330613864319414,-0.0,0.12417817763019445,0.03581682133514663,0.45774275601477277,0.7106322105973488
DGC,2016-03-31,-0.08493717475781291,0.15005596626292741,0.03585348690508989,-0.43074573779533754,1.2048715361390503,0.33337959357207914,0.6586501772295672,0.5454653370996517
DGW,2016-03-31,-0.1523919123171806,0.037909004334465146,0.006222311697916824,0.8842714702858916,0.7708292576713485,0.6183936459439004,0.4418796345273319,0.7925917758858817
DHC,2016-03-31,-0.20940830007878444,0.15532793623867175,0.07530430963031005,0.5021185836759868,1.037039132209577,0.24341755794230252,0.8324142425447212,0.47906069755229186
DHG,2016-03-31,-0.3409679608426593,0.20618800602989334,0.03567830203322705,0.7470030248315096,1.1024009033537918,0.24602282359379135,0.7820154071949836,0.2478728390152274
DHT,2016-03-31,0.17638637008554225,0.04038651032351361,0.0,-1148626301.0,1.1335345921716322,0.6651081377209426,0.42351316136260136,0.6834347484097203
DIG,2016-03-31,0.3615670425815919,0.05215267607512197,0.0,3096358354.0,0.11156400154033413,0.05524336906999571,0.5003134791806483,0.585092630230763
DNP,2016-03-31,0.13768524080104955,0.12750485690838256,0.06534215702558324,0.16592260421609062,0.613789681480702,0.26971782983075393,0.29417993819626576,0.8441188908226486
DPM,2016-03-31,-0.1776777288182869,0.24229625419791595,0.04074809489015337,2.920478038699915,1.4220500378673533,0.19884767729254496,0.8794162898734782,0.10266898470704904
DPR,2016-03-31,-0.8334851160262449,0.3187970138921583,0.14883264147515315,1.1781389603753463,0.8435880055256049,0.03965986303806986,0.8198199172948993,0.39791785026172316
DVP,2016-03-31,-0.1615615358290904,0.47716855647478496,0.21357254705596093,0.5624691549043748,-0.6628821175119106,0.12410505465091808,0.6662669785151806,0.21946112501194595
DXG,2016-03-31,-0.4413993517800063,0.13653674485851078,0.0053608360821408504,1.7942410698753959,0.39752066313719336,0.08683779435614011,0.45953088077824006,0.2701868825982928
ELC,2016-03-31,-1.3786541905052858,0.0797594044361361,0.1145092238117948,0.16206432520609218,0.1704887424459977,0.06976913612855884,0.6007467499289074,0.5317046406732763
FPT,2016-03-31,-0.20937284105503728,0.07246205368690446,0.025827003408605456,2.0661980664398203,1.3852890792930141,0.35012757379354514,0.4309728788367143,0.5815895652652197
GAS,2016-03-31,-0.2047473086799961,0.1411122296007416,0.05943651344549779,1.344315123914133,5.045811506862368,0.23988910213579825,0.7304165436433484,0.43802542238860165
GEX,2016-03-31,0.8998564478753591,0.08281483703588413,0.016041030678914804,2.6346213350887964,1.7061486187868737,0.3555228065424133,0.5867710537959886,0.3131389411289951
GMD,2016-03-31,-0.09070327525319313,0.13805820333525143,0.09257448624623603,1.6775288117588298,-6.607080672996159,0.09400023546073938,0.6176114142806712,0.5539662505118294
HAG,2016-03-31,0.526401624832623,0.16839536591271995,0.06994995718111398,6.508235275111184,0.3052372971534713,0.04205593738605258,0.34624703518584016,0.8242642579369688
HDC,2016-03-31,-0.290453567184249,0.05080334035464597,0.01023441875910148,-0.0,0.13466434558057533,0.10196840161663381,0.5135242305165121,0.7103337889378961
HDG,2016-03-31,-1.6391096838472372,0.1422903348924837,0.0665760320594594,2.0322492838979076,0.11728766867360595,0.037532950693219796,0.43390964055749315,0.5053639966977658
HGM,2016-03-31,-0.03482777195148525,0.041752453752769966,0.12849623011143294,0.02441309787230291,-2.521090714740985,0.06864677529498463,0.7906296208117086,0.0
HHS,2016-03-31,-0.35601873811287676,0.1128905392065937,0.001061223009980938,0.43032695091451606,1.1916176639989735,0.15596302742360266,0.8659645162402314,0.0
HNG,2016-03-31,0.41949497230005145,0.1535796385921035,0.10868483764264532,4.701598028918367,0.5087849815891682,0.04484145214718748,0.385488496700119,0.6986705130572196
HPG,2016-03-31,0.0024634693828064083,0.17706843361346236,0.05888054115763573,1.8945195681812623,1.5719404694391177,0.28675498172090447,0.6070508817491115,0.6445772333477745
HSG,2016-03-31,0.11211686920667921,0.13285257676042764,0.03472621124471882,2.2108851620459613,1.8906919673348603,0.45946353842732246,0.37283750343623906,0.7332187212858229
HT1,2016-03-31,-0.18161850568921958,0.14350455344704338,0.10184663101532998,0.34839323287094914,-7.924869759884329,0.14835967190244206,0.3850736614091951,0.8142756245590578
HUT,2016-03-31,-1.0176735386595028,0.24563922653807996,0.08547101916463551,7.523884081986546,0.7165557692973205,0.0781658283195158,0.2442712595060785,0.7200597856342478
IJC,2016-03-31,-0.7322475977727697,0.3002430473018903,0.10463281617543577,0.057333039915036695,0.034783755235401455,0.016943762552615163,0.40700817610887585,0.43379222124191374
IMP,2016-03-31,-0.5534129520499721,0.13606474057048704,0.058434218531755476,3.665168782466087,0.4880982404512898,0.1869897491128077,0.8878803910998699,0.0
KBC,2016-03-31,-0.006284856412301699,0.3380753648230313,0.024048669047920305,0.31968834916129435,0.04573064431823671,0.03346596124260571,0.5910359378388902,0.45082103917063043
KDC,2016-03-31,-0.23780531043452402,0.07594268861290844,0.034423038549798536,3.95939461258224,0.5300109370211822,0.06715837267006562,0.8483185426173905,0.38939589305219546
KDH,2016-03-31,0.31740964933120014,0.2444868508939768,0.006258452330111657,14.548320406965507,0.09450452580650846,0.07100552975863715,0.519203006823547,0.6928646253435871
LGC,2016-03-31,-0.24553069457144655,0.6741929904261811,0.5945408752215493,6.63474012804459,0.4298800075698553,0.01990273557384474,0.35379577623676545,0.862026065439951
MSN,2016-03-31,-0.28767367283681694,0.13391677963452372,0.06850864270861219,1.523617736174505,7.702372097646583,0.13315627545785322,0.3486349228001156,0.821495324573442
MSR,2016-03-31,-0.2959586787286989,0.21743483243316455,0.33616311547146976,2.031396187834537,0.725715896703382,0.030598174756518718,0.43576760282876514,0.7391800827138516
MWG,2016-03-31,0.21701959268690624,0.05741561433395715,0.007687418662359129,2.3052107390307808,2.940234829220657,1.2130631269644567,0.36427610943463656,0.3947539825509717
NKG,2016-03-31,-0.012496141732715233,0.057413225320173664,0.021683724445865485,9.777046031995097,1.5590327276610436,0.4629436484035627,0.1785430583718364,0.8188592785546921
NLG,2016-03-31,-0.6516925014417968,0.15695579247209887,0.011562226870962049,0.1659444626033833,0.1423041081916261,0.07938938207060514,0.504476559759172,0.28759568979795275
NT2,2016-03-31,-0.26485993358487253,0.2720097241146529,0.16917315432396082,0.008524147775577577,3.166060539043547,0.11753168271220274,0.3968300181611931,0.8238881144972277
NTP,2016-03-31,-0.24515190278480725,0.1307665828506374,0.0647960451192468,0.8424022382738349,0.6828622725924032,0.26195703487295724,0.5283101092499874,0.7313454466691165
PAN,2016-03-31,-0.16671743307758005,0.21640555996454217,0.04066512228647887,-0.15090576139055628,0.9789447234942471,0.21446208804759068,0.7707510215673341,0.5569930193050714
PDN,2016-03-31,-0.1781353132750741,0.22499910639106296,0.10873611526851375,2.0579224042399122,514.946028066066,0.13045024362741017,0.48622746280347384,0.8037537701224862
PDR,2016-03-31,-1.009613363418493,0.3235468050796016,0.0022071017966091167,272.44762342178615,0.01626109598881299,0.01228772347211384,0.2832339417912185,0.5327471127382445
PET,2016-03-31,-0.1833831114006921,0.03675809435284629,0.0047746899921034145,14.45597161421816,1.4483485414439978,0.46384657690047276,0.32002639583394993,0.5133363665048035
PGS,2016-03-31,0.003922422058164388,0.17599960954885946,0.029886458602211684,1.3143491068592281,-5.891046566250903,0.5833051630714858,0.41280752739618715,0.2573046460692565
PHR,2016-03-31,-0.8173920540867828,0.22184709369733838,0.06491018465392678,-1.8623122836486108,4.993523215552706,0.06726138985987277,0.6835895675522452,0.6117307655666009
PNJ,2016-03-31,0.1468489542143267,0.07570212640803778,0.003817596948850772,0.8688819203663666,1.181924938140675,0.7699746504818886,0.4849467761675242,0.7408848791138906
PPC,2016-03-31,0.04042821729448161,-0.0715491597034168,0.010445339060358473,0.42917866652780323,0.7260872174698795,0.16517499045928394,0.5104297398532529,0.8301468541294417
PTB,2016-03-31,-0.0867675871797143,0.09357170852363825,0.048385834119548866,0.6706498926025596,1.379525551092108,0.6049956896265357,0.4073130577236648,0.6876202232478434
PVD,2016-03-31,-0.3672410650144402,0.09083630110522822,0.1011388883489853,0.04368692457348002,3.5077444429318936,0.06804754409182548,0.5459686509217382,0.5471057716345893
PVS,2016-03-31,0.07608686925339102,0.07347549732214585,0.05497259417698633,0.49085513309014217,-5.1709969904199795,0.17399644119330587,0.46725020442832005,0.14324380253976007
PVT,2016-03-31,-0.09290999501118294,0.09496955833934909,0.08357857986603945,-0.0043032876511988,-9.702675540029134,0.16403872275359876,0.4566877375858442,0.6504334237264794
QCG,2016-03-31,-0.7538460019443991,0.07378001086102624,0.03680397609039581,40.31778573504361,0.01978872048266313,0.009364867382749912,0.42773214043270125,0.4380714954098156
REE,2016-03-31,-0.18336524512133406,0.25311399051865974,0.06568394433334643,2.0792632964069773,3.4374915280936333,0.06991081059038039,0.6975443543569672,0.34117820352563
SAM,2016-03-31,-0.38275666564515654,0.02430064119496567,0.027546731989983975,2.5759875619556714,0.3207159706382858,0.1287616307613881,0.742961831199222,0.8284225421587328
SAS,2016-03-31,-0.21429967206125938,0.09500000792457775,0.02362900387609887,0.009571218623277982,92.36372056231689,0.29747693382353896,0.7264443313067601,0.2626297827175298
SBT,2016-03-31,0.04030074309745986,0.07760600660647556,0.04062240609478236,1.1894075128073018,0.3642439873545732,0.17898044124942128,0.3700960431857176,0.8898542343615464
SCR,2016-03-31,-0.9418589931544374,0.3295953504168248,0.0,-0.0,0.015451691634975472,0.007456838854937888,0.5294177280489392,0.3826535136414876
SHP,2016-03-31,-1.5869488851299467,-0.6293694724984537,0.7538234463561567,0.05361081668130724,-3.2053308209390394,0.01306257419098266,0.42464544617647765,0.9367020310401563
SJS,2016-03-31,-2.932908657858901,0.81328893426198,0.0,-0.0,0.013909997910051975,0.003649475604397359,0.3554652225442561,0.31284188767402404
STG,2016-03-31,-0.049500158592415196,0.10268248535548236,-0.00899701595150216,-0.0653859644197279,5.778566395078024,0.12241746128368641,0.5202786804686804,0.7445140324271543
SWC,2016-03-31,-0.06121116653708372,0.3960556688611164,0.0013645097439275208,-0.0,-3.5310308740252148,0.05302377911740375,0.8738938214572699,0.43444363938860925
TCM,2016-03-31,0.13281873960711466,0.046488971492307775,0.026851685730560466,1.8905755585802895,1.1173908675553244,0.29520021160402066,0.3524240940956526,0.7474178062996555
TLG,2016-03-31,-0.07152727849176493,0.14622152550416515,0.026498782664356943,6.198363072212583,1.131833904307481,0.3450948125124635,0.6820977649097986,0.5316173202738466
TMP,2016-03-31,-0.35054333358404316,0.1514676711922994,0.6410152444555363,0.0015025305602236081,1.5061131491223472,0.037748341718648944,0.6808532450626438,0.8577526771057203
TMS,2016-03-31,-0.003696623204816412,0.3653152468494841,0.11593271934319033,7.948887638843314,2.5058541811910056,0.08560565095983289,0.6096617473299024,0.8323959870416577
TRA,2016-03-31,-0.09171521972588725,0.1259907624473536,0.017372676423790125,7.721657860349127,1.6133702608944729,0.38333263129586814,0.7103375651127123,0.052913343943082836
TVN,2016-03-31,0.07637220675044187,0.019458563418646335,0.02344912718833675,-0.15227777649028934,2.5434231370022116,0.3166690204260714,0.4828413528742388,0.6232368838173657
VC3,2016-03-31,-0.4440916735396941,0.15900328094918395,0.033010227903279454,-0.22193132526559864,2.815974644615723,0.055398158543330335,0.2088968293396034,0.04880000962526243
VCF,2016-03-31,-1.02308000741692,0.004169551150510025,0.03236452965350012,0.6727142313761981,11.437220294018948,0.18721307421715044,0.7207894907252809,0.4824094700475192
VCG,2016-03-31,-0.8423363556533188,0.14048912017339116,0.09398452292033209,2.1960282206245823,0.8989853503979685,0.06224096363473395,0.34972048406107986,0.3311549146196857
VCS,2016-03-31,-0.07595235478206062,0.26075126807538485,0.030979048987232003,1.419699586494354,0.5183689384928636,0.2883209481672774,0.4435789008574281,0.8650420748536286
VEF,2016-03-31,,0.42885680734890436,0.2593444798521617,0.5336139618652483,0.020194577023538277,0.019015961004035527,0.9959823782890682,0.0
VGC,2016-03-31,-0.04167921852979312,0.09171302370851134,0.05939382169035632,2.0101101532529784,1.804071304478482,0.16413813319300014,0.2895245802967711,0.2819246199845781
VHC,2016-03-31,-0.14937816135135587,0.0847079467221105,0.016432401455084705,4.241580052500711,0.7708052681232637,0.33499760871036666,0.4537508892183957,0.7920251585912508
VIC,2016-03-31,0.018324485865758203,0.18938025243576415,0.0653335488667106,2.9648897912834062,-1.7062518980564079,0.10301663749824119,0.27517314007514543,0.36513259186525526
VNM,2016-03-31,-0.07004623136515535,0.24984950009414544,0.03660202864371627,0.5891220773015542,3.28614249650555,0.3627821788410828,0.7868542071909624,0.28327094186792107
VSC,2016-03-31,-0.02017108381971931,0.29111460905301345,0.2375439741082498,1.732262559249298,51.517969131647035,0.09620692249426294,0.6661959577995794,0.7502903427466698
VSH,2016-03-31,-0.046031584944515196,0.5901119374607284,0.4275141219985002,0.0002686487742182911,0.15097169413718747,0.022430607124845795,0.5576091296717471,0.9021212307705713
AAA,2016-06-30,0.209163027196566,0.08644724924338126,0.04740982720747759,9.911041121963313,1.1540321950820354,0.24728587770182212,0.4061111616120386,0.560364953397933
ANV,2016-06-30,0.2962973648025954,-0.12367209806731073,0.0,15625295710.0,0.5168807538098403,0.24845117117224239,0.3736986890801406,0.8254703390816851
ASM,2016-06-30,0.23980957241865872,0.308152184232319,0.0,112073234.0,0.14831200175884518,0.05711318362459179,0.584123186533601,0.5298998067208247
BMP,2016-06-30,0.24631277612437186,0.23423688421256098,0.03205651309502855,-5.935963979518123,1.4328511602719929,0.362790903058923,0.840337423274304,0.12492581017406335
CEO,2016-06-30,0.37213545524152947,0.21877482515331476,0.0,118901861450.0,0.34706091981262865,0.11630537316109867,0.4492345278892772,0.5818966472461721
CHP,2016-06-30,-0.1546398718129467,0.2837333732639559,0.0,41221524516.0,-0.7209857264246409,0.02811373676629593,0.4786001194057365,0.8774125303105657
CII,2016-06-30,0.48649518567100225,0.6146269800392674,0.4971891694949242,5.572901973771077,0.327865421118017,0.034589341245005456,0.3692015693934233,0.8074902738699495
CMG,2016-06-30,0.018492400349402218,0.042093025849587525,0.022363670296016436,1.77180003409492,2.7691762256052423,0.4195162929440122,0.47200545114206444,0.34718888603963965
CSV,2016-06-30,0.08477343606821189,0.1500948012122582,0.05373942169496765,0.03243542643550643,1.5880742380845425,0.42641745148029125,0.6493774927346514,0.46533456212522184
CTD,2016-06-30,0.4607937680713942,0.08756664976308827,0.003078930642139194,2.3389084840747825,-20.986449972862477,0.6142676295375901,0.42919535967872213,0.0
DBC,2016-06-30,0.32239243833106507,0.15204253887076177,0.033159287830909816,7.040080587184519,1.1359906307968106,0.35195184811139396,0.43861006009026837,0.7064117742551035
DCL,2016-06-30,-0.0051904880039913,0.15424101264451423,0.032842968680089735,0.5998261423022873,0.5177875456480218,0.21731796124873115,0.7308249713792455,0.644807943457376
DCM,2016-06-30,0.3099907069369499,0.2032245466031148,0.2718775927021223,0.09394109428409685,-2.3510563680799974,0.10733309615075301,0.43210709740478204,0.8399348534623247
DDV,2016-06-30,1.396443076089205,-0.3322718147066444,0.0,10243736724.0,0.7445539673446131,0.16086983563067286,0.43413269376835956,0.6680609867048343
DGC,2016-06-30,-0.013852464945728912,0.16958276018914886,0.036214314371470706,2.0186272273599877,1.4669160253705569,0.3292614424789975,0.6736865334527835,0.5011651752963789
DGW,2016-06-30,0.14477434110676224,0.025157156578072166,0.0,-0.0,0.9860345710724729,0.7391855779639773,0.46602852074131007,0.6827717123982178
DHC,2016-06-30,-0.012529406823573404,0.1750979242423468,0.0,9700033509.0,0.8273136709508347,0.22897400435623147,0.8209950162393743,0.31005069574911787
DHG,2016-06-30,0.0708293155113878,0.1891216502709283,0.03230707863382033,0.747393827385502,1.3977284905140945,0.2583820021104057,0.7018382156085228,0.37101525551953896
DHT,2016-06-30,0.03772893117232628,0.055445269052084606,0.0,7562606760.0,1.1827340034125313,0.5910590309562537,0.3640376485978253,0.5298978155978707
DIG,2016-06-30,-0.3593343315238197,-0.011501915598669362,0.0,6764304872.0,0.07380321621324894,0.03802072479396368,0.48977911802532087,0.5998481441025554
DNP,2016-06-30,0.33019232396833953,0.11482394069470352,0.04585727223068666,1.9502499512799338,0.7308206003656452,0.3482667095824204,0.29440247215587206,0.9005125852240838
DPM,2016-06-30,0.21065721708605695,0.19300268644319102,0.033204604082188935,3.53210943192334,3.114018067610131,0.24199291929305167,0.8395621529011544,0.07954179998410826
DPR,2016-06-30,0.43077360472819226,0.16561041512100128,0.04471867868914921,6.572330505967458,3.4057881236758334,0.06178416136253839,0.781546922732394,0.33041936926097515
DVP,2016-06-30,0.20785203078277273,0.5101586797439799,0.22495085394001232,1.7162318539314827,-493.0867467245696,0.1755779634377366,0.8440190396509922,0.48077214767185783
DXG,2016-06-30,0.8816627205362206,0.22394835852213246,0.0039242433158494265,6.488655451507494,0.7994344480069999,0.2382837437133849,0.5663022254211993,0.2797269947543862
ELC,2016-06-30,1.2535563450665084,0.12321191625003053,0.03891787338432181,0.09540378846569782,0.4496811617535965,0.19897426711607247,0.5076534721878797,0.44009496704674544
FPT,2016-06-30,0.05656355961346794,0.08765573451103167,0.025201785371828763,1.8503388613148108,1.711678426640262,0.36101458385105406,0.4304835636614159,0.5761354989562095
GAS,2016-06-30,0.10837411161943349,0.12979174111609407,0.07293761245574219,0.8987108064514681,5.50247086455491,0.2681675705233568,0.6936982201307238,0.42408007361049715
GEX,2016-06-30,0.22439637366403783,0.1180109068468021,0.015060943117964517,4.992359266504964,1.984200084850558,0.4283840303870235,0.5984707450751184,0.3873855360138015
GMD,2016-06-30,0.1072836990851588,0.18074016961152156,0.08890566767496082,3.8003290260117786,-55.15686153332598,0.10444156945376909,0.6015470671511396,0.5714630882537174
HAG,2016-06-30,-0.07220367857003883,-0.33828388432804374,0.068082768127653,1.024855352619588,0.39773414765088866,0.0399336182467597,0.3543630644251322,0.8087071311947444
HDC,2016-06-30,-0.6696470765115858,0.23596925087093157,0.025474730763985497,2.025685573287022,0.06492216717672152,0.04890780199783069,0.48608779480120523,0.6990350021171319
HDG,2016-06-30,1.0480908491009513,0.3087256343453693,0.14508732159257406,6.489052628325741,0.19890375226036044,0.061685549874861564,0.2925158480256595,0.6786386815946692
HGM,2016-06-30,0.17958346628497346,0.09295952518043342,0.11347372081808836,0.3365399147384214,-1.406013512327394,0.08236606227241607,0.772699217568922,0.0
HHS,2016-06-30,-0.0733405662888225,0.06388060285284396,0.001093412864853888,-0.42591054700859005,0.7455181005543444,0.145216008563715,0.9600771649721761,0.0
HNG,2016-06-30,0.013933560529689684,-0.30318806183379804,0.08203436679566023,6.196191229741607,0.5058339729347378,0.04711172687667692,0.3729833789160139,0.7648280096209957
HPG,2016-06-30,0.12043877979051378,0.2974684435921461,0.07472271122587165,0.714910586159735,1.3343943775266902,0.29749058574722526,0.6332617395544946,0.5764638497254861
HSG,2016-06-30,0.043509005073585606,0.1359496671357507,0.0338330682702303,2.5238248919883395,1.4315477188530645,0.4829630713231861,0.38736120418877235,0.795136718974752
HT1,2016-06-30,0.23017977271694912,0.17724928891346692,0.08432519940726882,0.06064121321292487,-7.10535124997343,0.1846320725867375,0.3913299066528976,0.7822033348684939
HUT,2016-06-30,0.07060451119010952,0.2286799134500696,0.0826028521043589,-0.09398537364039933,1.0661023012639166,0.07729920885847326,0.282728746957301,0.6991631400556838
IJC,2016-06-30,0.066816588148599,0.2799406291605125,0.09629707607630644,-0.013690192706776209,0.03871472700132064,0.017720502953143962,0.38431803455770197,0.404283933100233
IMP,2016-06-30,0.20639672277854068,0.1001634331594361,0.04671324765356972,3.2522226582843543,0.6626077835683919,0.23174060747526265,0.8541282050847848,0.0
KBC,2016-06-30,0.3825213374476826,0.5960328693638636,0.026545271070906776,-0.277502213679306,0.06719527097915577,0.04593831148270636,0.5746576204096627,0.3685510344279889
KDC,2016-06-30,0.4300918962682298,0.22325788339741787,0.03050538655952444,19.663601266745328,0.6553113547251332,0.10385073234074044,0.8390876457327475,0.6325131530540389
KDH,2016-06-30,0.17392431375511191,0.23004623592250767,0.004594511199405354,2.1995310743181395,0.11856123398321679,0.08566017763985517,0.5443068868363682,0.6210173118862136
LGC,2016-06-30,0.19196918212022812,0.5955985988087441,0.402000036430502,1.4167876460686286,0.4123319446189904,0.02383848151930241,0.35743616052376354,0.891198252442769
MSN,2016-06-30,0.15943962450239474,0.18841174831245638,0.0671957090043517,1.2237391376925928,18.01363550151477,0.15401494082455122,0.3378801061255347,0.8148899369060485
MSR,2016-06-30,0.2510756962943247,0.05531084126494502,0.24291208223727465,1.0359562898209542,1.11134147312644,0.03943658525997463,0.4393931449158549,0.7467550011423847
MWG,2016-06-30,0.03954463686251243,0.054804159988675695,0.008675861348351736,2.8471178779621007,3.4854828444073163,1.2573043286466687,0.3875389031046277,0.3658642330065433
NKG,2016-06-30,0.18564683153950423,0.14088254529586164,0.019724780779622666,8.742834125325837,1.5166067203281146,0.5132561493074359,0.22048710057626505,0.8630156355553258
NLG,2016-06-30,0.6180106759826132,0.17500294869479582,0.007957240664467681,47.06843631178689,0.2536482651080695,0.12533253543394873,0.49044366690923236,0.2413003114600504
NT2,2016-06-30,0.11996832885570526,0.2760591055768002,0.15098899397658103,0.039906185039512855,1.8960433371715164,0.13770930299743206,0.44522607308808504,0.8348285851473156
NTP,2016-06-30,0.38110012336698956,0.12121217987806691,0.04884379458097779,1.1772941914919828,1.0238106649982408,0.38692628765128123,0.5702905215703196,0.7009009600759603
PAN,2016-06-30,-0.17793571979419304,0.10886199664391195,0.0433977454193061,0.5145366995539428,0.7050679007475789,0.17174483384732925,0.741084868750749,0.6524537560907521
PDN,2016-06-30,0.14712626687152652,0.22473388864661392,0.0,29553044176.0,8.588921712498417,0.1541172225844997,0.521451488126239,0.7725934798707237
PDR,2016-06-30,0.2274306735404096,0.3308677823129668,0.0017926284440848322,1987.278046712207,0.019920242042599155,0.013931091318256119,0.25937876120108555,0.5006183124057393
PET,2016-06-30,0.07055073989653814,0.032285909623480546,0.0024286655904673517,25.558969935309282,1.6960946709048097,0.5092182920342324,0.3322905765239109,0.5922516053224437
PGS,2016-06-30,-0.18604213897451022,0.028306436116175716,0.03392558404242409,0.4515471504758649,-16.521915004495284,0.5467610321138452,0.4285775444821617,0.2853045408578719
PHR,2016-06-30,0.18055166414972826,0.18129905422870599,0.05943759034968815,3.852357295133794,3.22810606892503,0.07583323655299033,0.6445460947436066,0.6141472268767877
PNJ,2016-06-30,-0.3436610031063672,0.10163638834713759,0.005600391413407474,-16.295071524648733,0.8523070617955762,0.531080090543458,0.47285616170975114,0.6926429753459784
PPC,2016-06-30,-0.11293020529573959,-0.09546215275021123,0.01069178933597348,0.32963118909242667,1.2907765785613947,0.15518567440794534,0.43795174452240476,0.8317663956575179
PTB,2016-06-30,0.16368668958982288,0.07858093345507568,0.03135178354707238,2.3871391288618518,1.4190451364672896,0.5943691828466793,0.39146088266343015,0.7203414669097191
PVD,2016-06-30,0.11397571476888177,0.061636120842482794,0.12012255953027459,0.7365760259965263,3.510873647740609,0.07679876175125623,0.5499239576879713,0.5283057318163135
PVS,2016-06-30,0.08197373913229959,0.11263541772253269,0.05246833950662043,0.4516609854285873,-3.0152717646822547,0.19000330582398223,0.4568886244139636,0.1289289605155214
PVT,2016-06-30,0.11075691826779467,0.12049299009873833,0.07580475696647151,0.13742477691411473,-3.214088415875375,0.18604689199983643,0.4499011924479852,0.6186880097530764
QCG,2016-06-30,1.0952813948210507,0.20812005893195146,0.016406498432168563,-33.527076781251125,0.05230876570989058,0.029339007945866843,0.45161718975995113,0.4393399689486846
REE,2016-06-30,0.6086354387422475,0.1829395592141098,0.03654786746218015,1.660710318442365,6.907203157438791,0.12530510979290427,0.6937127333390716,0.28446860059404006
SAM,2016-06-30,0.35797092693253857,0.1264346912562302,0.0,3258670819.0,0.6428149744411549,0.17761937413140003,0.7290238165566105,0.7485377260028071
SAS,2016-06-30,-0.0591535872757518,0.10891556794856626,0.023212127660375496,1.0827434244355716,-27.722202369098092,0.27234939884374065,0.7256341638276262,0.2218434507885352
SBT,2016-06-30,-0.16418131607548495,0.12745230713892963,0.04855902767496128,2.3413618203142943,0.34750312328854216,0.15555176944567006,0.39527798603140707,0.9385324293700198
SCR,2016-06-30,1.332993129314456,0.3087165599974193,0.0,3179240363.0,0.05996558695277604,0.024486856659167763,0.47081308877679234,0.2873236921515262
SHP,2016-06-30,0.9564824792793024,0.30175643447722833,0.6752014561243282,0.22838455349679992,-0.7764247983872381,0.034592971053265906,0.37489321017009203,0.852141208480719
SJS,2016-06-30,3.131413121925921,0.39344996556017997,0.0,2006318148.0,0.4112681628480991,0.07665836251944401,0.3400088070958751,0.27968303103742015
STG,2016-06-30,0.47648620589131,0.2093105629094114,0.035590749107786084,-11.302175123317493,-6.827629224752904,0.15193155475063377,0.4208025761328712,0.6508710697581819
SWC,2016-06-30,0.2762365133985854,0.26447924684962903,0.0,916000000.0,-7.748016041133999,0.06894027999529641,0.8545738572261168,0.4074705550316712
TCM,2016-06-30,0.04841401463859629,0.05057437465039618,0.027476202717882495,3.6888287984209076,1.5289598689532264,0.3079458354973698,0.3335190643943254,0.6968561756672397
TLG,2016-06-30,0.3652023088800026,0.1786157175088816,0.02042852585675212,2.829383207155991,1.665631340208398,0.44142945967746333,0.6320284090012028,0.41433905927081494
TMP,2016-06-30,0.9791145510985215,0.28326544750217403,0.2936555246469255,0.2748811835083162,2.051633969408044,0.10587890133382082,0.6175297439873959,0.8552414683825448
TMS,2016-06-30,0.11108990608645743,0.3819839478404318,0.1103675541226574,8.52595751062996,0.4664268533643625,0.08002811708900526,0.5226847214433504,0.8352381322106387
TRA,2016-06-30,0.058836865456265104,0.14244014736675303,0.021449946215041454,3.4986308758413194,1.415428010074554,0.3878851394018833,0.719801819918097,0.0637646619849345
TVN,2016-06-30,0.011000127511223487,0.1290046131716908,0.027210455857402574,0.47968251917571697,2.046581782378477,0.31271186940205015,0.5017278395650833,0.6602938435567334
VC3,2016-06-30,0.7968181902175057,0.10013110335930465,0.013558675279455807,-36.243362974679016,-1.3782763173678476,0.11648402447495444,0.193236598387445,0.058894845182610636
VCF,2016-06-30,0.5210301023630721,0.0583531318841856,0.02071533644137364,0.43596963507482894,-14.788519399553586,0.30163396314717494,0.7099639672230187,0.33840159410626863
VCG,2016-06-30,0.45818433641214,0.1248275605122854,0.05058703080258553,-1.0086855527694898,1.6839780905646096,0.09892178670576875,0.34284124494052604,0.3382568225990691
VCS,2016-06-30,0.016775144060119315,0.26507406155567065,0.03052622011361652,2.953464377563324,0.53732341017935,0.26993395011317267,0.43357020311744204,0.8909273753802676
VEF,2016-06-30,-0.1817229987924435,0.4347747213345955,0.3142836095156735,4.525080133750038,0.016517990762000258,0.01578390102970779,0.9969358602152268,0.0
VGC,2016-06-30,-0.03888335810741575,0.12628515972307025,0.0631602090669274,4.292671646842461,1.8984969045087914,0.15070381856437343,0.2767333018188285,0.27355753196544813
VHC,2016-06-30,0.26279907834171345,0.13344655768727443,0.024530787284070325,1.0406904608996295,1.0751920064241853,0.4097524852585218,0.439201471666533,0.7692843858003048
VIC,2016-06-30,-0.2560308006942959,0.2235078973033655,0.08822725596471538,6.144237876903299,18.436284488310964,0.07508648554763526,0.28030229534857654,0.34097892904664484
VNM,2016-06-30,0.18236670643083142,0.26635159404330666,0.03190085666331291,0.39224290321848043,4.406640492856574,0.4247049285655967,0.7700966652252261,0.24968802303328624
VSC,2016-06-30,0.21582908970336004,0.3621451324527295,0.2585149855012474,5.051666952593735,-28.6317665110777,0.12316891265638577,0.6147628873180795,0.7297418150647874
VSH,2016-06-30,0.16555005112176874,0.649336661555697,0.4143635933549027,26.070266389340766,0.1516806655346937,0.025436579960719883,0.5111461913402557,0.9136807287945102
AAA,2016-09-30,0.027669267003267415,0.09946710649415946,0.04933250241695424,10.56273146177754,1.0787261431482247,0.22176173234379037,0.3701716036680393,0.6148545333599666
ANV,2016-09-30,-0.07333093735304991,0.20955968099692784,0.0,-14321018950.0,0.4840364654342463,0.24424641917458662,0.43626072817743494,0.8758275378136221
ASM,2016-09-30,0.8504537622989979,0.22858525793740192,0.0,-227272227.0,0.31906856093833735,0.12947325301797163,0.5872234951171231,0.5520281296503304
BMP,2016-09-30,-0.02822308534123552,0.27094050717597173,0.016188407268430256,21.08273955484651,1.0505478809157998,0.3274726617785656,0.8521954888632026,0.13020241751133832
CEO,2016-09-30,-0.11430903003359197,0.2795500450459469,0.002495105229925558,386.2560714817476,0.2966907523712184,0.09472640875026661,0.4374473053798136,0.5173109789680519
CHP,2016-09-30,0.3349845744176072,0.4128691884986926,0.0,230666894.0,-3.782775302706815,0.04052109967724904,0.5014175772864878,0.908795213791599
CII,2016-09-30,0.7211400023299261,0.7863212296693615,0.6335165236012079,-1.0608313418797974,0.6187081008997956,0.1134917665422641,0.42637638837944963,0.6516169384929136
CMG,2016-09-30,0.1635356561221013,0.04863889867691416,0.020661416938388147,1.656510679350593,4.038414338750432,0.49022155698576625,0.4577937336257627,0.3533792541903934
CSV,2016-09-30,-0.16051552525083246,0.10185875003594638,0.05473097372301605,0.36942590773260103,1.4679649243465114,0.3557099285230806,0.6629646721375483,0.4682937529150518
CTD,2016-09-30,0.06108041411905811,0.0847945508237982,0.0025529715796789756,1.1792432887600788,-6.090766238621007,0.5867787167874685,0.43996726097323685,0.0
DBC,2016-09-30,-0.09133849323358231,0.1042258857919309,0.036236080696467984,1.8261547751444398,0.8776506781301208,0.30853114404021353,0.43923697945329215,0.7108671890084841
DCL,2016-09-30,-0.013307313516866325,0.10517638516146365,0.03166828526247247,0.08124366257466843,0.5378759948804236,0.2248591600204161,0.7831446449446401,0.6169353977517401
DCM,2016-09-30,-0.4613954182065345,0.09376354974019244,0.39281789372838033,0.1579402345106876,-2.983185386516472,0.07092246294209255,0.45481570052595105,0.8543577236673732
DDV,2016-09-30,-0.5738555563680058,-0.367656587154072,0.0,-10243736724.0,0.9263884824941236,0.10389425788399755,0.45336660759200864,0.5920319585771812
DGC,2016-09-30,0.07640906497837684,0.13361584611849822,0.03154704404559631,3.2061339698663915,1.7106267471173018,0.32392736298211994,0.6540652735264829,0.5662871959965943
DGW,2016-09-30,0.1035646461089177,0.032219855567451175,0.0010149682029416717,3.084957065335835,1.319828519987956,0.802614720191863,0.47446005092687266,0.6298456085555233
DHC,2016-09-30,0.358162275515851,0.13460688970223958,0.0,-3332024250.0,0.6693520320180899,0.31365355305236126,0.784528709048483,0.559589496562232
DHG,2016-09-30,0.0174998255052682,0.19484588506155204,0.031221272914336518,1.2600522218385932,1.270863927177555,0.25895580786912287,0.7474329642859252,0.29078718201658815
DHT,2016-09-30,0.11713156384087428,0.036384183529759646,0.0,1117454546.0,1.3427997508744003,0.7261110416074396,0.4189206145258766,0.556014086927075
DIG,2016-09-30,0.5204658954569888,0.15305211452693762,0.0,3844720156.0,0.12251841448417587,0.06371466005715522,0.49495594491985245,0.6060059904729382
DNP,2016-09-30,-0.044164364142883925,0.08840599269564739,0.07440051916190485,-0.5895804685693072,0.631125889611718,0.17566089107714128,0.19659469460087228,0.8233543310919067
DPM,2016-09-30,-0.2879133594337223,0.13750429698143612,0.04181412276932348,1.6759133314041836,1.8295036055143354,0.1853564662675473,0.875238205475449,0.0
DPR,2016-09-30,0.1521625783597515,0.13545977010570198,0.06481492884641507,-1.4272570121370889,3.7885558499988035,0.06994116016860631,0.7702950151870728,0.36904930918642354
DVP,2016-09-30,-0.07340461226906378,0.5006211939924614,0.27022204249905624,0.59725099990845,-139.3587308076939,0.15365844458358865,0.8649893491233016,0.46374370059316744
DXG,2016-09-30,-1.1087053612331432,0.07869265417670006,0.008657013339536652,2.744985062251262,0.2545629868514296,0.07203012007600544,0.5243104319942595,0.20122434096609088
ELC,2016-09-30,0.6854948015736935,0.08491854289336263,0.015688926170022047,0.6134269543502782,0.7646679558980435,0.4014649697015843,0.5409434619433162,0.572313075175187
FPT,2016-09-30,0.08002263108326647,0.08660014464784282,0.02848550734316303,1.3178345959807936,2.1019751179758193,0.3754845867577041,0.4153087014406582,0.5526050718398868
GAS,2016-09-30,-0.12287719574105091,0.09595076320909521,0.06138887695410095,1.1086267316899745,3.7967381795788646,0.24295342485299934,0.7263157480176525,0.4529065698106534
GEX,2016-09-30,-0.06272216770935189,0.124258413005872,0.012217555456634091,-2.46823227589731,1.882955323158351,0.4044621776949758,0.6103519716432004,0.3288565133319657
GMD,2016-09-30,-0.04377166410688156,0.166977180621255,0.08866866447752882,0.6410767239475632,-11.072503069788304,0.09772419336620465,0.5991095968953506,0.5684964242501741
HAG,2016-09-30,-0.27707595729124535,0.1991282396238223,0.10388002498098102,4.4888265943100825,0.33167980571561,0.02957614823012002,0.3328719409523776,0.7408159242476074
HDC,2016-09-30,0.429689002662217,0.10426149304578822,0.014391677244153009,0.2019298615266554,0.10031786075190818,0.0771695924465183,0.49316154453415,0.7271053145984078
HDG,2016-09-30,0.16310565973503452,0.1203984044929911,0.026551129445343304,18.128233291295647,0.35365696980283995,0.06470343867023187,0.2647392351606426,0.5645413407200731
HGM,2016-09-30,0.3426688103337365,0.1688151352851471,0.08703991346050109,0.9316219236133328,-2.123811892869637,0.11693289883084242,0.7946917399735689,0.0
HHS,2016-09-30,-0.4013823688271657,0.10077041429770159,0.001700446546028546,-0.0,0.5300495492834288,0.09719701529768443,0.9687434092101384,0.0
HNG,2016-09-30,-0.1918847877027999,0.04762935410052643,0.09928347573744062,-2.4394233636732388,0.8101844702781891,0.03766136704330692,0.34866683932700265,0.6698229110885459
HPG,2016-09-30,0.006745185721569197,0.23221118610763294,0.06605953115184098,1.5443373125932889,1.4034881496857647,0.2911592688292106,0.6346514816502985,0.5384970940142874
HSG,2016-09-30,0.08469360633031282,0.12000033959766392,0.03443780957933222,2.191550193759534,1.2240125165968745,0.40664514668762347,0.335497748406429,0.7071803580361915
HT1,2016-09-30,-0.03199013624376122,0.19088100310268236,0.08953931986914578,0.35282029062538656,-9.442968231114667,0.17883215850393658,0.41291135290234615,0.7656791843797447
HUT,2016-09-30,0.24925748710689857,0.26220346160350644,0.07951013145007135,6.757546916576325,1.1957505859786552,0.09517887271346732,0.28724575026305477,0.7157158592845873
IJC,2016-09-30,2.3612619137314717,0.06698495655061161,0.006947680440687681,-0.0,0.2980490889549187,0.15996107051984185,0.3346834932289457,0.3101586258281285
IMP,2016-09-30,-0.10625637021304209,0.13345185149216945,0.04773428860721915,8.33597246953423,0.48355641180782655,0.20710938703174384,0.8710322734983131,0.0
KBC,2016-09-30,-0.37497689480131363,0.6074250623547298,0.031993103105207706,1.169227010234711,0.04636304739956741,0.03165124109694989,0.5902269839900618,0.35370551222227287
KDC,2016-09-30,0.9634132029890672,0.6628723497645441,0.02726219341012801,-7.872605813913865,0.994064847582261,0.24075974079294304,0.8365165767785362,0.41717128230158396
KDH,2016-09-30,-0.5020199433968203,0.23233339876045841,0.0041374279319999875,-4.956337555854885,0.07227522664559895,0.048541988374704706,0.5161409225397873,0.5869082860537301
LGC,2016-09-30,0.672404221165138,0.7421851793883177,0.5095899209378175,4.7712930880685205,0.8797138852999151,0.04388447215174687,0.3557825861384224,0.8607507533691388
MSN,2016-09-30,0.05835993395481671,0.18517603843591304,0.06847132778728766,1.104267538701817,6.678836919528003,0.152718243931465,0.319091024697539,0.8262486009476128
MSR,2016-09-30,0.09385822544122999,0.2404253731673096,0.32255685874506285,1.1216390991538494,1.3948852609879585,0.0436262966478011,0.44401457504254677,0.7743388305022764
MWG,2016-09-30,0.10448981195856191,0.04693062832731518,0.010006186174187841,3.8232190934507018,2.945958576471584,1.0965440225756813,0.3425243209350326,0.41762269377603245
NKG,2016-09-30,0.1374186206076465,0.07944014143533686,0.017740464632021138,12.948711479759545,1.6053453437608816,0.4736955680766822,0.20424888190135898,0.8237381663630357
NLG,2016-09-30,-0.1365329431624071,0.1117379267974095,0.006848834936337528,-62.25471482880142,0.212890308665226,0.11004741611417264,0.5085558498092426,0.2522970929620234
NT2,2016-09-30,-0.03509545969406642,0.1388992744930364,0.13288133751832806,0.0037393057706450296,2.471304259673158,0.13400327224832756,0.42569090155428624,0.814191948030727
NTP,2016-09-30,-0.06621990128942025,0.09933831760001854,0.05438387564877886,1.53269459349333,1.1066399074588222,0.3475927445417423,0.5743468460008481,0.6871849726222725
PAN,2016-09-30,0.11086775561478707,0.09667324345956574,0.037667410492742776,2.300502290342047,0.8244981787401994,0.19761755171141526,0.775806461173327,0.636280637983342
PDN,2016-09-30,0.1079561034096445,0.2343892575882231,0.0,26124203782.0,-4.446709177656219,0.1622036584983963,0.5223080241073361,0.7331979101524965
PDR,2016-09-30,-1.2863324906791997,0.395408708068113,0.0058903838972265005,208.32075112576337,0.005488085349083994,0.003674562119352629,0.2487301463469888,0.46675497266424176
PET,2016-09-30,-0.09162635592896118,0.02936943811231481,0.003887079124373594,16.047851258175815,1.790696173978101,0.4281973616721464,0.2978829980489661,0.5619798548292836
PGS,2016-09-30,0.1098975379612985,0.030385930491096988,0.025759576659186205,2.1142092855659986,-24.407001523479877,0.5578768152014302,0.4011611373913507,0.238160014626507
PHR,2016-09-30,0.5071983060009797,0.19829053184036405,0.03651766387163042,7.198961653926638,15.013855360112661,0.1212279776931408,0.6286419106743653,0.5564251437450641
PNJ,2016-09-30,0.1823084534381806,0.07882539334115374,0.004740143555901569,3.4433724670218857,0.903954386164931,0.614120775176009,0.4901104982789015,0.7509578054283049
PPC,2016-09-30,-0.16327710574959256,0.023651154519343832,0.01381062024123291,3.366557687656068,0.9162520094997392,0.13624852806793974,0.45277347838955123,0.8624660744098015
PTB,2016-09-30,-0.16438051956867075,0.11286138280137001,0.05156057659599971,1.9695716421518807,1.2880265692534867,0.4801936900303085,0.41234332077384134,0.6795600826093284
PVD,2016-09-30,-0.41072913959395146,0.06988116529112902,0.1991458368863175,0.26643699532899906,7.126427866270667,0.05254298309336672,0.5669853084892661,0.5358682403170845
PVS,2016-09-30,-0.007695227045434885,0.033156079500884963,0.0453265786400181,0.5452360537997335,-4.1867483716038345,0.18811076658331852,0.4575027995135837,0.11840394694535082
PVT,2016-09-30,-0.07372001082951082,0.1078079841034837,0.06915348883489808,0.577345605583245,-3.279541309449236,0.1726641215049901,0.44236493201728183,0.5999899138695148
QCG,2016-09-30,0.9091530122086015,0.01909447300843061,0.004174276013466916,28.15260584083796,0.13064868429843007,0.07474750961463976,0.4666477499807853,0.4491069477926834
REE,2016-09-30,-0.16235013266486903,0.31839538289618297,0.045850806868780104,2.433212405399815,1.1714695436598195,0.10115730519460352,0.6874688825897153,0.3623417218175006
SAM,2016-09-30,-0.6486962721432279,-0.03554471872867713,0.0,8680269591.0,0.35903323911301616,0.08639991713244101,0.6710567628289056,0.8345558322740996
SAS,2016-09-30,-0.02911682082319215,0.11649425244368442,0.021563495045171896,1.7673761833353976,15.589231382185808,0.258563275821243,0.7332011101452135,0.21518645295401842
SBT,2016-09-30,-0.09873357626515741,0.15545676968429792,0.05836185505933575,0.6976486451535149,0.34045283673603527,0.14491327511583124,0.43294675923811193,0.8894527126138048
SCR,2016-09-30,0.6123571621849946,0.4291760688374248,0.0,-0.0,0.09822397618316929,0.04425072883001349,0.47932780097231537,0.3129655586103567
SHP,2016-09-30,0.8011693272850694,0.6050489317490718,0.5351681642015665,0.0092826085060848,8.874617550031996,0.07759692143466833,0.4134224261144169,0.8834744668237635
SJS,2016-09-30,-2.7597099015327253,0.10503750825656147,0.0,-1864027448.0,0.019523365574240333,0.004835650230984212,0.3391024530570956,0.27833549053849016
STG,2016-09-30,0.2306163504041894,0.22018287968236744,0.07684363083090967,1.8025734038472772,-8.545494953667193,0.16846637847177412,0.5466106341568377,0.6303933767077353
SWC,2016-09-30,-0.07754590188669472,0.5007947903688484,0.07910911522098896,3.089171287792208,-5.3710071109821556,0.06319447261389034,0.8583777180723774,0.38345870258102727
TCM,2016-09-30,0.012338287136224492,0.07019262158977689,0.030295769506619986,-0.11293627305317021,1.3752955250442402,0.31114969565112305,0.34846101710440935,0.7401934230877839
TLG,2016-09-30,-0.027016614193660325,0.15877008642877494,0.022989140661063237,2.653209057917748,2.055660265741706,0.4256540560884534,0.6679205955895802,0.38487561178367596
TMP,2016-09-30,-0.09472502276772331,0.5119871058812677,0.5267907687506591,-0.2429542139098235,1.578223888884878,0.09768438592525162,0.6615180095337311,0.8333401398287011
TMS,2016-09-30,0.15027450184436833,0.34656854908549234,0.09749810451114906,-1.2235837694682996,4.348757188757435,0.09041906857033331,0.5356500700829113,0.8635036083636985
TRA,2016-09-30,-0.08416601080448843,0.14859005109364876,0.013783356041469215,28.83527671305762,0.9206479868568113,0.3741418323041878,0.8001009622113346,0.059819938391245026
TVN,2016-09-30,0.08232563716837701,0.07059302146651131,0.021445863394139175,0.2288896564960562,2.2695382376466666,0.3364797166758676,0.5116671865708929,0.6742785926758308
VC3,2016-09-30,-0.2415625273952479,0.22196941473749598,0.026794338689724476,-0.0,2.291130290504869,0.09381955727856724,0.21342271157189957,0.051170568220844814
VCF,2016-09-30,0.08061587055002237,0.14980564228691584,0.02226852070130128,3.0551353294618515,-6.715441882937175,0.3001494446045754,0.6894780327650549,0.37247086312771843
VCG,2016-09-30,0.1902512121595601,0.11982519688871708,0.01709106906329135,2.506423567827119,1.6008169382763584,0.11508702096239094,0.33715657720484704,0.3397095856047599
VCS,2016-09-30,0.04276738291017545,0.2800936780960634,0.0301085320188167,1.8391172075750015,0.5859724678904915,0.26644450063670005,0.4665980869665441,0.8422786777503676
VEF,2016-09-30,-0.12368074090532855,0.4736468979583818,0.26145282535135167,2.946026000822314,0.014505222511852562,0.01382914953262164,0.9937071619342898,0.0
VGC,2016-09-30,0.03083856911128013,0.1427154520540166,0.0633849634813491,0.49816849303690686,1.4958281235806539,0.14626518992781468,0.319324169297173,0.2700381965577883
VHC,2016-09-30,-0.10134237577611681,0.0927926181812571,0.021575508055805905,2.238837859697217,1.077481964114824,0.3980465801412047,0.49964447707292337,0.7389165362787996
VIC,2016-09-30,-0.07213540421693504,0.10231246849987735,0.07893066647879032,1.7783110920530072,-1.3936766683783994,0.06378401952139581,0.24189595331930008,0.3408299377476151
VNM,2016-09-30,-0.0202385869124552,0.2463173801468488,0.03201014519906762,0.8545937225946005,4.804483521365701,0.4484192448913571,0.7504437722526355,0.24342827901677883
VSC,2016-09-30,-0.0009822470915809782,0.3028441238294744,0.18591810880911738,2.528154185456225,-25.71712539382935,0.11994433455604052,0.6245368243376267,0.7242209946470525
VSH,2016-09-30,-0.19717058882665883,0.5610059750856567,0.40105383155932023,-26.181193251071196,0.1007767540054203,0.019069935991526052,0.4765453956673664,0.9263342529575794
AAA,2016-12-31,0.21915330907278086,0.08200851471758562,0.0392130436972403,9.747645449036105,1.1016009464433487,0.22030464512412778,0.3102245728252989,0.8400792935199238
ANV,2016-12-31,0.045580972072287694,0.02927098009233323,0.0,11550000000.0,0.48827380246016994,0.25371112172383276,0.4338943065444581,0.810137202044928
ASM,2016-12-31,0.33877658809267097,0.05214035725805691,0.0,1555611186.0,0.5111250657817293,0.16420503107561266,0.5428713556923883,0.5017949400916335
BMP,2016-12-31,-0.0405203099410318,0.1280816643507705,0.03067611327837457,3.022721103439463,0.9535279316723002,0.29420893635661505,0.8260531878089582,0.21117321850480497
CEO,2016-12-31,0.3890780569040121,0.25377709314600416,0.033964625985372865,7.214873339934668,0.45918510001155366,0.1232843791997454,0.4070565648300505,0.5467119336259413
CHP,2016-12-31,1.1252643799609716,0.7267749784801775,0.0,-0.0,2.3784332961626475,0.11701453581783922,0.5415988424320336,0.9064962130363869
CII,2016-12-31,-0.5604263028103023,0.22558618319502352,0.1596170132373153,22.503912641896747,0.7305303986231362,0.06531336577351463,0.42487904042873786,0.6115370682900025
CMG,2016-12-31,0.00033767425878885893,0.05829199836188709,0.021600283301454627,1.9579275345355975,6.480035018602995,0.47293413180785715,0.46307622914307756,0.2960535080214491
CSV,2016-12-31,-0.08731433414459376,0.16294493284985562,0.06308372776734045,0.1426154991013563,1.2751981127603944,0.3409246592571219,0.7010156251151736,0.5213585448848952
CTD,2016-12-31,0.3200769217809465,0.07766876277957725,0.00205056970746669,9.90911658627181,-33.049929519858225,0.6302588715187415,0.5309215539193961,0.0
DBC,2016-12-31,0.1305373819167665,0.05459652741537396,0.030802260364363395,1.7582805552440735,1.068110865413914,0.32999100548733035,0.4230470085731253,0.7253818330394435
DCL,2016-12-31,0.17037753088067556,0.2183186612390325,0.03057030635306681,1.0977714105175231,0.5867810061014975,0.2500611648333867,0.776736702559542,0.6153388092636729
DCM,2016-12-31,0.6764637808691384,0.17113512805727696,0.22457287247516197,0.1915657820782326,-7.024006657628073,0.13975313403651884,0.4554317392090655,0.8430564164115616
DDV,2016-12-31,0.46537600923387584,-0.3223038320871256,0.0,-0.0,-9.86659994247282,0.1930144974870018,0.4613571857567839,0.5086750701996877
DGC,2016-12-31,0.22230108553116673,0.08042903958200678,0.02400561139256001,1.8194461569410914,2.0611794877662803,0.4047354568827643,0.6822785672652598,0.5987271721013915
DGW,2016-12-31,-0.027968505788610556,0.019106440199327106,0.0011169730592956958,-0.33623287383399114,1.1955428814571376,0.7788373088052871,0.4822379867367819,0.5062186630139677
DHC,2016-12-31,-0.0072510763402265435,0.13887282425506461,0.0,135674164250.0,0.728991736647608,0.3129781433271772,0.8277373554272347,0.48040312858921325
DHG,2016-12-31,0.26086223848759416,0.2062733736873518,0.02446194664437732,2.6024868984852834,1.4693161847120497,0.3019464793323766,0.7327738762889929,0.3361399080053341
DHT,2016-12-31,0.07455355054184876,0.10913441008664722,0.0,-0.0,1.304995586779926,0.6767926181864841,0.39369886704814944,0.5416776650531773
DIG,2016-12-31,0.0359570811128366,0.20379808902106478,0.0,10299568854.0,0.12050351976905803,0.060766047373973876,0.47808543827728983,0.5641499085077983
DNP,2016-12-31,-0.03874649606396466,0.03979102009953187,0.031682273404849165,10.789463238743913,0.6144313595562667,0.1489644446151882,0.2268566935005881,0.7639271786139689
DPM,2016-12-31,-0.07845509913382162,0.0924201103157389,0.03139571019536813,8.64395292252863,3.461056781522921,0.18195997631537575,0.8586107422631106,0.0
DPR,2016-12-31,0.3878911187476192,0.273998757624086,0.0705057197388614,1.3259852542036101,25.08869485585627,0.10125222239948826,0.7687538283024024,0.34175421984737875
DVP,2016-12-31,0.20417373377822198,0.35367874303218877,0.0,1783814876.0,-14.123793507926527,0.19285947164578607,0.8539279276531329,0.39050160340491785
DXG,2016-12-31,1.6167689840648942,0.47275926495099063,0.003083966873686319,13.36859306979024,0.8811824405049338,0.23303689818958187,0.6358957153496071,0.3377358720862884
ELC,2016-12-31,-0.3985905988680822,0.08447363473325029,0.022491590261691164,1.054713012433138,0.7220953698010821,0.3275106808429815,0.6763230057901507,0.3771233995670219
FPT,2016-12-31,0.2457546678406689,0.08717575383068746,0.02221571132233567,0.7063807013940236,2.9615896296591333,0.42368178785534355,0.3827171961696766,0.5383033469061559
GAS,2016-12-31,0.12170984361587288,0.25596022360435133,0.04578098690831914,1.1263379887364695,2.7525841822743877,0.28023129726710005,0.7180925582633862,0.4704691508665092
GEX,2016-12-31,-0.11104882151175346,0.07214526564182407,0.018558631706012373,-0.9317952903709317,1.059565904500001,0.20149714543228844,0.3722920044108532,0.7049791714252477
GMD,2016-12-31,0.15492729279886128,0.14171030512842386,0.06936647018372533,8.334894381548365,-126.58559517581989,0.1065985307744285,0.5822394711813161,0.5926804349782526
HAG,2016-12-31,0.15053008746448568,0.09734648670110135,0.15963266001694376,3.1417496581318898,0.7207946962745599,0.033919247482309164,0.3190108325792789,0.7580133485113741
HDC,2016-12-31,0.649857915333231,0.2308237541846732,0.009846070001991376,2.292193138254653,0.18976852264886074,0.13404651853429614,0.46910516259331747,0.6321249506872579
HDG,2016-12-31,1.1915802811044087,0.19830326511829618,0.027741103703576492,9.274305437979415,0.8174220998320033,0.1918208036558847,0.260558675708492,0.5395832459495635
HGM,2016-12-31,0.39526605947295546,0.23342735151394484,0.06375767368130296,-0.00634746252825677,52.16496984939764,0.1771578676567601,0.8469391960623476,0.0
HHS,2016-12-31,0.14679583943140576,0.10536811597390604,0.0014834039747613484,4.284984449010132,0.7688038895412872,0.11590763850696525,0.9729666262897698,0.0
HNG,2016-12-31,0.16829049400535398,-0.09210043113955366,0.153646863438475,5.647277340183739,0.31842011991460545,0.037775890756160155,0.2964381779635291,0.8018390825241568
HPG,2016-12-31,0.19796467620834018,0.22918433729766094,0.057522671245588596,2.7944294098140885,1.5726401594176793,0.3040785410190613,0.5975327633636353,0.4831050453186864
HSG,2016-12-31,0.15250708657690654,0.09943240370281023,0.029706851843123383,5.167593563396271,0.9251071880641609,0.41775198284745013,0.32945062302463735,0.8472838635564806
HT1,2016-12-31,0.05206796815118463,0.13923299671641512,0.11156315116222298,-0.10462506873924896,-14.37548675936732,0.1914541788204202,0.4413704956874711,0.7824721375756455
HUT,2016-12-31,0.0086192658879257,0.218268137918101,0.08362685286728931,23.715095445813787,2.455211340677926,0.08713410482615216,0.2718064993139469,0.6748156947481457
IJC,2016-12-31,-1.5428114611802057,0.26461785249569175,0.040996143240737526,0.01449807386722325,0.06862695898770206,0.032906171653457945,0.3264746896599753,0.2938691486457562
IMP,2016-12-31,0.5361372638235732,0.12703382848008843,0.026113869987686517,6.39505074233945,0.9064030145048819,0.3196382949996095,0.8099261190416934,0.0
KBC,2016-12-31,-0.10792077846386999,0.3900451814737733,0.02707523958705829,9.731382233629658,0.040698123656182576,0.028454279566600117,0.5882345820698985,0.3259951463615721
KDC,2016-12-31,-0.4929047221532287,0.1873557057429379,0.032688507281961654,6.7103726709071845,0.5087439188099606,0.11843791912691104,0.7083860936547692,0.7123318352050928
KDH,2016-12-31,1.6698373539086353,0.0884172826166751,0.0007126411823214103,-136.39630190836465,0.4371664617683839,0.27867617751866985,0.5542011737631996,0.5366171654481282
LGC,2016-12-31,-0.43084719439325514,0.48516631576811436,0.3936594101336011,-0.5188225691323883,0.41325071432117333,0.028420748171345222,0.3592061641089765,0.8803617771263744
MSN,2016-12-31,0.1795874731940998,0.17192570460107157,0.05846411197596594,1.0851368444446219,-10.102633461419636,0.18311222828537255,0.2781064148188808,0.7793198069438177
MSR,2016-12-31,0.09156198595161068,0.005318811015091555,0.23205024486962977,0.6802876200102403,2.0964921352016934,0.04749913687969555,0.44131374827976194,0.7520997318958699
MWG,2016-12-31,0.2201932994464565,0.035675127009190594,0.008253703434154167,4.132982420599377,2.718859503827457,0.9392776590473639,0.2594372460516283,0.4367472737806399
NKG,2016-12-31,-0.014747028151055216,0.047128639199515106,0.021204918780065717,19.963267698698314,1.1228115635650222,0.3929589593834747,0.2490901598721119,0.8653284267582692
NLG,2016-12-31,0.3604397232436426,0.2899693278373382,-0.002416405856244493,8.8227753800394,0.2893897285233644,0.1413222198852085,0.5069045243259185,0.22971082108203764
NT2,2016-12-31,0.8533963268978654,0.0768065636964068,0.05281145127682624,0.009299291956051718,5.482765435265758,0.27587784405155924,0.3781561341343073,0.5875327271572611
NTP,2016-12-31,0.12002384247103673,0.11338179237830501,0.047963697956210145,2.423317963150177,0.8967833520908225,0.36484849935170843,0.5346079278105361,0.7333190386333343
PAN,2016-12-31,0.10288798815157667,0.11310229155906258,0.036484011665117735,-1.2813688599730049,1.0949888204313338,0.2132683132233039,0.7770269337371517,0.58236146072554
PDN,2016-12-31,0.11923829520616741,0.15925888674214983,0.0,13457618130.0,-8.77040968188531,0.17359312186653517,0.5100472221293522,0.7362530361234098
PDR,2016-12-31,3.584068004674144,0.17715093129497436,0.00018009106461627564,-1763.7311806402402,0.185891541018557,0.13779498823744973,0.267081156810395,0.4914933129333447
PET,2016-12-31,0.44587224227829847,0.017615674481427483,0.00463783761145556,63.12484943992523,3.165685130811703,0.580294751088046,0.2635517678085832,0.5477607051949536
PGS,2016-12-31,0.08605023504594488,0.019241654458976135,0.02313370209980048,0.7361731894895295,-12.860466124064768,0.6737517147383297,0.42844308606540726,0.2495080882599764
PHR,2016-12-31,0.750741402618794,0.21488794252500015,0.016978006868018338,-9.018406988102532,52.810763011537404,0.23914057339445663,0.5971557232333081,0.5380558098226533
PNJ,2016-12-31,0.28962477157100647,0.061521022889535044,0.003663479255088912,2.1947692268155876,1.1158711743722987,0.737409130439556,0.4175797853814199,0.720506958290036
PPC,2016-12-31,0.15726895999552695,0.6088103640311752,0.022882758374967577,-4.8749174935256026,0.7654950666505813,0.15134635914871056,0.4901926210027443,0.7791530930142425
PTB,2016-12-31,0.3069358476581369,0.10779721747747832,0.024182668951564214,3.100128239199988,1.5547880693666598,0.6102685731856298,0.4387285327749363,0.674757753131299
PVD,2016-12-31,-0.23332818590074383,0.11524130944060888,0.18280574210899805,0.09333248549233931,-7.3072901222179265,0.0419662170729304,0.5823512576410478,0.5633808455983307
PVS,2016-12-31,0.049061867355827266,0.04915290904847947,0.041150879116180365,0.5715460630843331,-5.273100957556741,0.20004176212470143,0.45843803768946245,0.11399395686127546
PVT,2016-12-31,0.1784264489501564,0.09294330287484398,0.07006912976617442,0.4864158722615239,-5.190558903204322,0.21750447815997384,0.4776662944561063,0.6264065639505572
QCG,2016-12-31,0.17306345080444768,0.10192782911360394,0.004640523433053482,3.4961102519858738,0.16710318518344383,0.09311829413970013,0.4912367561315357,0.42562006668038843
REE,2016-12-31,0.37288122302362176,0.4999101413156971,0.04907749677953188,2.7039559367053028,3.839320785921905,0.1299409438253728,0.677829889750569,0.4061681791243988
SAM,2016-12-31,0.4937174668350632,0.037811108619071186,0.030848139423489934,0.23697823998000964,0.5201701076032164,0.14346022151681895,0.6776897044322759,0.8181731970601732
SAS,2016-12-31,0.26931635162645057,0.16843870577127695,0.020630234354761776,7.3471983125244735,4.089706924622218,0.33210640167411654,0.7204985598680784,0.21565137238157714
SBT,2016-12-31,0.2608052505487128,0.1319138630630795,0.04403077491340251,0.9103312932555536,0.37737356292284396,0.17249953700671034,0.4060544249214814,0.8735538482312778
SCR,2016-12-31,0.33943711828061984,0.1629485270507871,0.0,-0.0,0.1463706423539927,0.05633698400256821,0.43507853407004604,0.30187003310161004
SHP,2016-12-31,-0.2018799610455852,0.48967511342106373,0.5297869725136712,0.14678076314273594,4.538667795919901,0.06515968302017458,0.444978164222147,0.9260473257077493
SJS,2016-12-31,-0.3752279260996184,0.7362615292598201,0.0,-11251896624.0,0.010595607003141508,0.0034407287312282044,0.3508842846268559,0.22242990056971368
STG,2016-12-31,0.1606101657791423,0.09327447805453945,0.06773299642175357,5.238236303904475,-187.95503267519138,0.20643026935934136,0.5308913258802765,0.6562298118538524
SWC,2016-12-31,-0.031120109027786284,-0.056073969775565086,0.05114787906498896,2.833795091428691,-10.354817956046908,0.06046188632088307,0.8543458152444818,0.5217327585174191
TBD,2016-12-31,,0.07582602996042029,0.0,4288659812.0,0.5682127552302063,0.3643666393176876,0.21482168261446946,0.7036667291475336
TCM,2016-12-31,-0.030721171567079895,0.05265753551168174,0.03310973863658219,3.0768000588773905,1.2648125600073004,0.2734151897845806,0.3246256203792821,0.6746373079076525
TLG,2016-12-31,-0.1621900359169813,0.08667776478839183,0.025751306581749463,0.909355520219691,1.4450300511233463,0.37429192585478666,0.6670493695645299,0.41721235166783993
TMP,2016-12-31,-0.2513028938653227,0.7468924317924793,1.32301835749832,0.012299738928860965,2.6570331230056476,0.08474444673619376,0.7526656615443591,0.596086064312598
TMS,2016-12-31,0.0013834567647973558,0.32435818047259746,0.10969695063734547,9.18892528968286,6.937679492125502,0.08708624852088044,0.536957128723125,0.8587383343827693
TRA,2016-12-31,0.03542797910238464,0.14583987135601517,0.01798907602553465,16.221030419341385,1.3290857696586436,0.3713653813602512,0.747475983245306,0.04390615387224933
TVN,2016-12-31,-0.10753890374413289,0.057252089934563016,0.01900653877277302,-0.746598181932329,1.956470574434138,0.292543212314454,0.5105116366674776,0.6446089427154648
VC3,2016-12-31,0.691833948742354,0.19410894252490069,0.009979914927201844,78.83538696411044,2.8088107040827746,0.19997473957922632,0.2591884820343389,0.12103978868788705
VCF,2016-12-31,0.451167826437452,0.20913173167478474,0.01891140652609141,0.5982548934214758,-3.424098440663725,0.4186174558381645,0.6846875485736305,0.3437614979882765
VCG,2016-12-31,0.24054683330256177,0.1040306104070285,0.060157417559871446,0.9805837316861791,2.323317921286638,0.14008288036786282,0.3320488813434917,0.29571627546144513
VCS,2016-12-31,0.25480075730951157,0.26222381884321433,0.02365583363200308,2.0013733549664265,0.5990739116231639,0.29869508420719465,0.4335427807635182,0.6660688749269452
VEF,2016-12-31,0.21712848639904497,0.6100329327716109,0.022274821681687925,116.74153290700677,0.018185478929037706,0.017028094391611154,0.9930757579365409,0.0
VGC,2016-12-31,0.25146427685377093,0.09976748261517004,0.05466760505158155,3.601718033430091,1.880788982535255,0.18911374250750884,0.3337465478389571,0.24693739541338433
VHC,2016-12-31,-0.056205325663128566,0.08093273586859907,0.02466785294314848,4.061714778403475,1.0178770030701383,0.4030441856993627,0.5362520709615204,0.6699915312537401
VIC,2016-12-31,0.9004152895010745,0.12343706312524513,0.037089299217006114,3.713450974923946,-0.8573838510972678,0.15121230608208105,0.2479417977828633,0.29238119718574435
VNM,2016-12-31,-0.024934001202186345,0.18383515931186425,0.03098444345994564,1.7941652439801452,4.957900645218935,0.4117411750233935,0.7626607915748892,0.23801897736475922
VSC,2016-12-31,0.041135499455864366,0.327011569784158,0.2239981035432509,1.3559010743761502,126.85233439891113,0.12424359634995039,0.6321292598325594,0.7291022482016555
VSH,2016-12-31,0.23593055273315547,0.48208249886938725,0.2803231440789672,0.00811505000663807,0.1442191811213584,0.022902319851003723,0.46101594143702024,0.9153385162729089
AAA,2017-03-31,0.17939584103426462,0.13121469461708823,0.05248513233022763,5.558171162048293,1.4110547425686433,0.2525919217071754,0.3290679016028841,0.8670795984841027
ANV,2017-03-31,-0.08175683771244566,0.06629438653427278,0.0,-3830000000.0,0.4679617838298489,0.2501576443445668,0.4729910861110376,0.8766787383106589
ASM,2017-03-31,-0.8487219843082506,0.09087498649811099,0.00875415507864626,-0.008074186445943933,0.1978285519717213,0.06767780115040596,0.520974657523984,0.5012454287816073
BMP,2017-03-31,-0.10982164548922996,0.16240416630260604,0.03698146957657305,1.6647444405690994,0.7265476635109699,0.27590481691730717,0.8696409957085863,0.29603872091784905
CEO,2017-03-31,-0.28832546018504457,0.28936047718517444,0.028388663795159984,15.502738582486332,0.3195364524712681,0.08776594819950582,0.35451230789709676,0.5102900671088881
CHP,2017-03-31,-0.37944790863094696,0.6848073368039338,0.49036202876700896,0.0014982629287012882,4.968523373247573,0.07848081699898697,0.5750980898462854,0.9184314246230814
CII,2017-03-31,0.8291508147657205,0.8620049678030202,0.6072211178633611,4.941009249377566,1.39430952724975,0.08306118794134597,0.3787008390975507,0.7355411341624631
CMG,2017-03-31,-0.08732746515505138,0.04286874999112367,0.03445643640611428,0.6299230871563938,7.076379515395184,0.4447419915301895,0.48334814377352364,0.2812584531104937
CSV,2017-03-31,-0.077658014839792,0.21642923649402432,0.04785667548274838,0.012232376276859991,1.2780902811237873,0.312567866124352,0.7488773916307536,0.350752179236258
CTD,2017-03-31,-0.5096011876533983,0.0844286261662383,0.0040965193884340235,2.5636987508745817,283.94200386868295,0.38610198896453796,0.5675409870941511,0.0
DBC,2017-03-31,-0.20862907533048528,0.03932274801190332,0.03890316164112788,3.769773933217352,0.7542921273191687,0.2378045368285938,0.3754886832884439,0.7216375012744499
DCL,2017-03-31,-0.2654490664262247,0.14145520344822612,0.05208413643787314,0.12400916265636137,0.4159130005338208,0.14470980391295715,0.6082306848433316,0.6806759010394622
DCM,2017-03-31,-0.36489429535984214,0.2792758817419469,0.35921588595110066,0.042205190472668866,12.789665259526974,0.09919287557812913,0.48717380171451113,0.8462388134933232
DDV,2017-03-31,0.222808490469318,-0.060634802362468126,0.07002668322767189,-0.0,-1.918791942714548,0.2610647975726453,0.480841701487912,0.35062860066284746
DGC,2017-03-31,0.03211068791307229,0.05863474514185447,0.022651049111256257,0.4700900895992415,2.787772588623445,0.4324479619566163,0.7314230774152128,0.47839297473656556
DGW,2017-03-31,-0.2823339091836632,0.01878938348223492,0.0014780212273763096,-0.0,0.8727308296722118,0.6560251788118131,0.5454346360024741,0.6535791200979506
DHC,2017-03-31,-0.19670932373294003,0.10174708674716773,0.06256397340761956,1.8319896784207408,0.5343190238667878,0.2583574643267669,0.8534698818344587,0.5738974546604267
DHG,2017-03-31,-0.27995563384538025,0.19655383097489543,0.03168567380975964,0.5183464506227543,0.9344133537228327,0.2338072133279729,0.795866495849923,0.3274356565843602
DHT,2017-03-31,-0.04027953712549522,0.05227935082511014,0.0,9130995775.0,1.252605270938203,0.6784419974070679,0.4089620982730984,0.5587689944192751
DIG,2017-03-31,-0.3404919472775918,-0.048586136124767976,0.0,-0.0,0.08453002411356289,0.04176685477947566,0.4559953455961518,0.5748566621925628
DNP,2017-03-31,-0.20184771788194986,0.0932802261516611,0.10155892142897151,1.5253744278750716,0.5017173781956799,0.12261767949948711,0.2226813186116337,0.7521022737806932
DPM,2017-03-31,0.14452463983277167,0.1372790004904805,0.026661765843746552,14.296026841627043,2.771222263260514,0.20034842610232217,0.8397283229353804,0.16802171926951942
DPR,2017-03-31,-0.2933041825083003,0.42776430662271797,0.10588062153129406,0.5936975040924718,2.057339219359784,0.07398502277473772,0.7912197314606098,0.31215895366405105
DVP,2017-03-31,-0.24434442436883075,0.4567868068322684,0.23751925119846742,0.3458336049341333,9.712590237967756,0.14572555457589276,0.880608584993721,0.39323155960230133
DXG,2017-03-31,-0.7540495248609284,0.39397862151906027,0.006567193455440805,5.751031358240324,0.33652861219830726,0.09953131108228877,0.58991042681773,0.3130848530117024
ELC,2017-03-31,-1.277242767166818,0.10175685637723088,0.0,821186477.0,0.19296056761489966,0.09572950967110104,0.7248355978637833,0.4691556988247197
FPT,2017-03-31,-0.2766872831588495,0.07867934836942155,0.027205501371974427,0.7662498850811915,1.580800224204132,0.3431698616633641,0.42781417583995834,0.618651687499266
GAS,2017-03-31,0.03709416730963561,0.17214030188308563,0.05809405380643894,1.3472845557078665,4.741172425666251,0.271203522014437,0.6963101607580214,0.4700416558998287
GEX,2017-03-31,0.6646063537975575,0.22677777019420453,-0.28872424791094764,-0.06393068477552868,1.1676287289748397,0.2543538588943008,0.46542849332189434,0.6809997125748536
GMD,2017-03-31,-0.20336659948444288,0.1746433414286015,0.10130482324889142,2.6348256502928504,7.291246804237049,0.08702874441080063,0.5904313581236976,0.6166909996302827
HAG,2017-03-31,-0.5696045566036582,0.25528961926025856,0.22966229285039433,3.7688295728898895,0.29684853369795944,0.020026265172775382,0.3223356934065677,0.7489883704579905
HDC,2017-03-31,-0.9692510534432496,0.20964498116334193,0.021553507614528726,10.948976639778248,0.06978873141873816,0.04903523591943452,0.46042512935924845,0.6604601384313136
HDG,2017-03-31,-1.9879067810041227,0.27819845983914915,0.17794173764447518,4.495203792698359,0.11961605998357566,0.022473963140324103,0.24292667214122676,0.44437770227735834
HGM,2017-03-31,-0.5014823632969582,0.3225595689666752,0.10238936600485858,1.3525203500042973,-1.6904000906140662,0.1051940055363111,0.8043465709110244,0.0
HHS,2017-03-31,-0.1205643268560562,0.04017260882443278,0.0015518446056747891,18.776668089031038,1.2704939963598683,0.10103767978949074,0.9595232137638632,0.0
HNG,2017-03-31,-0.6967116012408439,0.2829538175415303,0.3314591273900796,1.4604665716373442,0.18001821723211436,0.019761332354193025,0.30564267439243953,0.7849293691103568
HPG,2017-03-31,0.03140113188541623,0.22316453223051394,0.05828873435972618,1.346548108509016,1.3002321317295555,0.28219093516947213,0.5793211292406013,0.6192792974771423
HSG,2017-03-31,0.0682608552459215,0.10695290347941287,0.029708899458006914,6.678887422802557,0.629057185928446,0.3316929742754899,0.2489335394888952,0.8756829057585739
HT1,2017-03-31,-0.17007849980923018,0.11724788387764472,0.10137830945463558,0.25273261901858807,6.746003714362149,0.16368550916639155,0.4571426390550334,0.8183118971158289
HUT,2017-03-31,-0.2514444149724008,0.31808292982288416,0.17261335318705684,4.097398474819556,1.5174579172498195,0.06438456258484047,0.2720566536284139,0.6895346636382039
IJC,2017-03-31,-0.6436781368429751,0.21788963367727318,0.07655700448644888,0.0034603904787483463,0.05738377650322456,0.020512270609019334,0.20982558604129703,0.2877794910002215
IMP,2017-03-31,-0.49622101640515204,0.14497381829856107,0.04190316719987582,10.03720326436724,0.42182045979321786,0.14724825393360844,0.8939631919910536,0.0
KBC,2017-03-31,0.09383531179991927,0.538450600030842,0.05220832710435925,4.872540379703041,0.04427767755014768,0.03156629553663865,0.6064970194348207,0.327576046709327
KDC,2017-03-31,0.1967151730185645,0.05772790448862274,0.039960375616776435,0.1916321563065101,0.5767412641068361,0.1480904915446718,0.7224188307562665,0.7620353595037362
KDH,2017-03-31,-1.1737176118626305,0.22189233237452177,0.00829686208843105,1.6814685448979139,0.14467554738451469,0.0875201885879377,0.573847602264076,0.4327368415345047
LGC,2017-03-31,-0.22001093278155845,0.4909522228029021,0.5500329747739401,3.4914637054248097,0.4887342454350862,0.021161047743902074,0.34579239493816927,0.8635421029591059
MSN,2017-03-31,-0.4326299050319918,0.14328545350616784,0.0860121238339984,0.8199340016564959,2.6535253562969885,0.12835541050594998,0.3043559006578043,0.8400533188704611
MSR,2017-03-31,-0.05879009476238896,0.23967317300365695,0.3219808681572669,0.5777898885728572,0.9017031694737399,0.0449189338502959,0.4442273396232465,0.777988422935491
MWG,2017-03-31,0.11717163903590395,0.0493081414147219,0.009621416561425919,2.196293865377137,2.549706815582351,1.1083747601633136,0.3117860727075081,0.5467191616722384
NKG,2017-03-31,-0.022000851417585943,0.09990775992850891,0.025681372503426086,10.291787000676965,0.8052500951171344,0.3126745790822823,0.22285194702423258,0.8545942139118169
NLG,2017-03-31,-1.1687639877932734,0.12483426177221527,0.014144235959813262,0.6555225279605047,0.08589154059996083,0.04297453761640571,0.51341004704623,0.22943395816330575
NT2,2017-03-31,-0.694888263847768,0.1767477721176127,0.11605245127138353,0.000748831631455467,2.021215490667438,0.14913972449362012,0.43430332255332127,0.6642225197246315
NTP,2017-03-31,-0.1947843678336803,0.11836453698304306,0.058545371549764545,1.5601686837465578,0.640835677524174,0.2816236392901982,0.5266766828583967,0.7327986483126327
PAN,2017-03-31,-0.3585910140871552,0.12485613487184676,0.05376831787927732,3.0086757509553927,0.6157118024897613,0.14498786352127346,0.7659422055174739,0.6721159275474512
PDN,2017-03-31,-0.11362532678011672,0.21397367367829737,0.0,20839377115.0,-3.084190889387289,0.1619915165172907,0.5101089578816363,0.6100938917682783
PDR,2017-03-31,-1.789347812754775,0.27396518757663,0.0036417809552032557,32.20914012511054,0.031098636210908658,0.02218248113389805,0.26054601244890235,0.46301117377394185
PET,2017-03-31,-0.41143887996991046,0.03880050083617221,0.006744874334760959,1.555305869645727,2.234348230666621,0.4390736009655711,0.314093666288259,0.5147096634869972
PGS,2017-03-31,0.08356825470738125,0.021390221848277297,0.017567553142505438,0.7490941311624458,-10.833570860935426,0.7107528827813903,0.42362149306917435,0.171690152949123
PHR,2017-03-31,-0.6815329280772334,0.2052964958746442,0.032657892376268184,9.636493721254197,3.7014363375255352,0.11481343357901415,0.5998780319113122,0.6021857922199891
PNJ,2017-03-31,0.16753655908371165,0.10512111515376275,0.0034037467606506514,0.9159982769644135,1.293418173024872,0.8713331095303524,0.48641799665776514,0.6942182311747647
PPC,2017-03-31,0.003801334997855346,0.1207768756103881,0.006546912339959383,9.441750373646803,0.6068695026295003,0.17839840829293974,0.61140278463689,0.7716526144644135
PTB,2017-03-31,-0.17084486127604245,0.08459862654913432,0.04371644724702014,1.261431173925022,1.3068354775030342,0.4964376349338125,0.425452356266985,0.6779988534682699
PVD,2017-03-31,-0.5788390702944907,-0.3046926899706917,0.16282621107666,0.06508633475101841,-44.20145205149783,0.02436525497859611,0.5932701881387689,0.5734718786735489
PVS,2017-03-31,-0.3867803920890349,0.10215754557117042,0.06158840248116394,0.6674413639282345,-4.433492018056435,0.144524559810974,0.5012470607069144,0.12237913181350002
PVT,2017-03-31,-0.14294660384195487,0.11669804958828527,0.07514937894613662,-0.0055159369811811545,-3.114622407292598,0.18228350026200826,0.4709978970029061,0.5878515211041846
QCG,2017-03-31,-1.033668097132572,0.05474914389992867,0.012360870765965312,1.346789828705752,0.09352967884146159,0.032878127195667926,0.4841361630526221,0.13074236594600558
REE,2017-03-31,-0.2809957584565069,0.37579734276169435,0.05246824606652454,1.687664382972397,-187.63518123197264,0.09658331657343411,0.6531021496272399,0.34215527639193694
SAM,2017-03-31,-0.016431099574166854,0.13923566579859595,0.03547659502910516,0.11280527029598718,0.5497473012784674,0.1415756657574742,0.6879190702743488,0.8124893864216757
SAS,2017-03-31,-0.08788697777269508,0.12763533211458916,0.02182404674342237,0.2654666180919712,-24.602069678775877,0.29329019464567957,0.7262850181006995,0.24771979444412656
SBT,2017-03-31,-0.023646184653629065,0.12708992865675042,0.04618192953104848,1.345550488566483,0.2904228366737979,0.15284738415314628,0.37893721114057916,0.8415668848886961
SCR,2017-03-31,-0.2587686862318441,0.12077201068566223,0.0,-0.0,0.10332297661348541,0.040470999955878974,0.4024376231917519,0.3299571880327237
SHP,2017-03-31,-0.811827777678601,0.1418083998711869,0.6974048146107084,-0.0,-49.85151547517811,0.029798189576754862,0.4535435375033925,0.9440555084024166
SJS,2017-03-31,-0.48771318414102793,0.25592588788062626,0.0,-0.0,0.006716748581603366,0.002117094956346596,0.35216372374638893,0.22333206237767128
STG,2017-03-31,0.6441171460861774,0.647837268498072,0.09214591178257604,0.6247125209924168,-7.670289094370748,0.31405201568355834,0.5908168255867635,0.5879294924031496
SWC,2017-03-31,2.1544183406574375,0.8869442782600769,0.05609974595536623,-1.0183256336336808,-4.959519016766562,0.361706976587196,0.852071696242614,0.22545455828274708
TBD,2017-03-31,0.10930740442250123,0.07521005470740375,0.0,-1342204.0,0.5822284355446625,0.38902823450309004,0.22444034141224217,0.689611112685919
TCM,2017-03-31,0.020410125904541988,0.08632241822384601,0.03595302188730125,0.5939440018483328,1.0046248916297364,0.2711150154845421,0.3318622164223265,0.7286273451237708
TLG,2017-03-31,0.04983987397750822,0.13116687375316552,0.02566868222468191,0.7532925161445567,1.2058863619894018,0.40002929699820033,0.7086538412878106,0.5125494033282038
TMP,2017-03-31,0.15847230435462348,0.4690674008750058,0.48553411789231254,0.04862947257102392,1.14847269888942,0.10355669810029057,0.7928615209317498,0.7422939136581356
TMS,2017-03-31,0.03357282961836375,0.39500523698535495,0.14246901444644577,1.5855337696584324,5.204978396405111,0.08913086301900944,0.5750932589147398,0.8447055964666055
TRA,2017-03-31,-0.22277094462241423,0.15401739530076386,0.023664081194743225,8.134753145927606,1.0502396725304322,0.27625509477993265,0.6887097013841763,0.05466976822290672
TVN,2017-03-31,0.033147620922043756,0.07196359437084751,0.02287021953024918,0.42668567082102116,1.8339177637118982,0.2974779860911874,0.5098064920348128,0.6238814806420456
VC3,2017-03-31,-0.21987234408273879,0.13709612267226975,0.006807124180891198,-7.984535448998181,3.5608406732897135,0.18032435909730055,0.3106745169610262,0.15274674061072285
VCF,2017-03-31,-1.0968081393031417,-0.08304538072129979,0.04160664128373594,0.16372273867341672,-2.444793825282228,0.16465513379311603,0.7923158552618885,0.1251550820690648
VCG,2017-03-31,-0.3996284501984965,0.11197890849676508,0.02680300099104047,2.513396189626032,1.1087088783658223,0.0965572502626678,0.3438051728751634,0.31492769544357424
VCS,2017-03-31,0.13449179457802882,0.20349630863913223,0.019031207981356695,1.6666017943791889,0.5985645607997522,0.3492667692466583,0.49556449725326307,0.8522287600004862
VEF,2017-03-31,-0.14865449850575402,0.7142958621570306,0.03522986245934458,1215.4687625307,0.015736770291718122,0.014610541708747326,0.9969928717821661,0.0
VGC,2017-03-31,-0.17569780288412593,0.13483716994050277,0.057352906775888744,2.846960404813013,1.4664261394703908,0.15734184500105325,0.35012391588476127,0.2631098294653069
VHC,2017-03-31,-0.09314782387606924,0.08288937021584937,0.033355884390273094,5.328546615712322,0.8025551029275697,0.3334757243862004,0.5075477691709993,0.803348319634137
VIC,2017-03-31,-0.5604259479208447,0.12841363097461259,0.08149853030213428,2.062967388097327,-0.7998655512205066,0.08290206318928148,0.23047373788036213,0.31076677756398646
VNM,2017-03-31,0.01502708642563362,0.2841701431235809,0.03540858893345876,1.6198021268466776,5.397653727141469,0.39524055387283524,0.8052977944793707,0.08288191329219824
VSC,2017-03-31,-0.09318111150665558,0.26344554288093214,0.23284417396611826,0.21036406650172979,1.4459333673367334,0.11332950047123345,0.666485112295063,0.7573993029852722
VSH,2017-03-31,0.35588674066779263,0.6914351229487099,0.330190838662696,0.002049549329450127,0.20535308315464298,0.03195586058931897,0.4698203767199662,0.9293723067538581
AAA,2017-06-30,-0.02599738454277614,0.10728278537935652,0.05626352181703737,4.949129108332209,1.3181918020918502,0.23435780166448236,0.34778845178693896,0.8330213357476751
ANV,2017-06-30,-0.04662173235410017,0.0705452390845446,0.0,45063070553.0,0.48886474202910857,0.24983431927681407,0.4836386650504684,0.8494261983752084
ASM,2017-06-30,0.6600355560985806,0.08800764026653249,0.008410266354413333,5.109980994446842,0.3854585233038787,0.12712965759679148,0.5109718961008975,0.49308332405051125
BMP,2017-06-30,0.2579878560463555,0.16007238450803785,0.029486860552555623,9.545797889235695,1.2591722508363767,0.3554247850498251,0.8430421562036396,0.13929773912657192
CEO,2017-06-30,0.16149492616730776,0.2751958202131873,0.04961742383357342,-4.41721861523227,0.33792949477445866,0.09985743656384022,0.3770862471921621,0.4934096196344283
CHP,2017-06-30,-0.3565385269286675,0.5190242512875479,0.45945219812139104,0.11555047403256677,-5.43055815768036,0.05807506849950781,0.559817958673052,0.9155461067411802
CII,2017-06-30,-0.06406274956824123,0.359136701774417,0.21339217423695694,3.1721218609647974,0.6992326660572391,0.07310834470032108,0.3935684084114696,0.7578045614339027
CMG,2017-06-30,-0.02331233132074444,0.045097266042380756,0.0302428401848291,1.6120531455483387,5.398777507111139,0.4023284730275321,0.46074048656098765,0.28832648194774857
CSV,2017-06-30,0.15123007710189557,0.2110586050410214,0.03574900754257748,0.13528302938101477,2.163438011330641,0.37111579136965456,0.7175282078249744,0.23657064280573
CTD,2017-06-30,0.3477678485864084,0.08216798977138592,0.0032163501338671363,2.1401537630518894,-9.199823443085913,0.48922657139681025,0.49635967371761447,0.0
DBC,2017-06-30,-0.27944013461278233,0.008854526398452658,0.010362549106901361,15.274613801456097,0.5543555402463883,0.1682292778477027,0.34290609532162925,0.7319820895191435
DCL,2017-06-30,0.33406642504178086,0.1790181243916782,0.055221463404122824,2.3250291335582403,0.5582338581732827,0.1839455267033364,0.611850439930798,0.7378620502151828
DCM,2017-06-30,0.405597728449986,0.18209884198492235,0.21309503417376854,0.04372187824592083,-4.031829479467716,0.1469565710915341,0.48059941584327787,0.7910328711297673
DDV,2017-06-30,-0.2669575584502903,0.003546189474663359,0.0,3224783471.0,-1.550787963267568,0.19494744783676551,0.46739426225631414,0.3042248143801733
DGC,2017-06-30,0.1503266350918092,0.09338622395329713,0.014952691502613304,1.4787365184944021,2.799156189212863,0.4646281374874238,0.7103654706960421,0.5160325103448105
DGW,2017-06-30,0.039325039463853156,0.041197223713918936,0.0014495549695790245,-0.0,0.8542022470878992,0.6068578389908144,0.4839345790317062,0.6357551534409266
DHC,2017-06-30,0.22046247417490505,0.09412693910591155,0.0502012594977161,1.618126762156355,0.6640217872222037,0.2835345172552053,0.7681920039259651,0.33308708821239474
DHG,2017-06-30,0.05220428417337517,0.1952593943056603,0.030363574768191025,0.6025709315008486,1.1343925442594673,0.22578869534192553,0.6770377140388011,0.5091482434706881
DHT,2017-06-30,0.011490217099432484,0.0702064275018593,0.007969707763080357,2.5262378925767015,1.145130485681874,0.5932014831146127,0.3860353738618929,0.5040230649514157
DIG,2017-06-30,0.39009192657105274,0.1164575708198236,0.0,11124281325.0,0.12400055754488,0.06190501017152656,0.4602451471415955,0.5637646454235861
DNP,2017-06-30,0.4228395237022728,0.20536455589196323,0.1215097615291772,1.3733909528642774,0.7577797575894993,0.16311057345516913,0.23570726934603278,0.7357930916230523
DPM,2017-06-30,0.1818551859006926,0.11921254923021166,0.022152516565479227,6.503482413293808,2.8288116898879583,0.23120426124656407,0.7886810873179024,0.26773980510387646
DPR,2017-06-30,-0.38942911474023373,0.37135353287997874,0.16641068637555326,1.700886838394066,-3.513766953482276,0.04944123432567576,0.7211097760334615,0.2327927485397028
DVP,2017-06-30,0.10636937555915318,0.5082306139885411,0.2351428584726948,0.40029544487634594,-2.4184714688147237,0.1554685145858885,0.794453282454788,0.1810568283698604
DXG,2017-06-30,-0.671332664690687,0.34654359122797856,0.013147312893520228,5.059955538523384,0.1356609724175984,0.037953855124464225,0.47628247312906397,0.39428059312139596
ELC,2017-06-30,0.6496898924376519,0.11203968115497516,0.044593607136337886,0.43936509518503153,0.39819956158606945,0.17219611343304245,0.6643036377937533,0.3579902310236272
FPT,2017-06-30,0.05230156729560704,0.08726111424698257,0.02703132193449933,1.2380634946529419,1.8643687683716927,0.3610559207307276,0.43322793530319353,0.5570807945272552
GAS,2017-06-30,-0.008849463128007544,0.15060466215997106,0.04744450731918374,0.3561057878411047,12.203410220383772,0.27164429978262405,0.6853087540029912,0.47217314133125476
GEX,2017-06-30,-0.35198766824585365,-0.041176984251830855,0.3597380808516778,0.08215495068000216,0.6647008815227637,0.17661404609419434,0.43648137637737455,0.7020241845033075
GMD,2017-06-30,0.18628259417463627,0.18356821140199858,0.08698132879656638,4.976179995406314,-42.64481757233978,0.10347291788809254,0.6624140615677024,0.46941374543290587
HAG,2017-06-30,0.9829535561542169,0.49198969697053313,0.22885022181124642,1.5950923327060895,1.789794060481224,0.05188375759346027,0.3470907191958981,0.7420360835408173
HDC,2017-06-30,0.07491565866821234,0.142718563543008,0.02390012809175485,-0.1381912131991941,0.07761339970614878,0.050573294387643006,0.41135595463403407,0.630346947019565
HDG,2017-06-30,1.267353850311229,0.08504133235694064,0.06326587729570966,3.7618017836141693,0.313499143159383,0.07693544247764673,0.23143613491606446,0.42061096488726185
HGM,2017-06-30,0.011385704760243838,-0.04917841781606481,0.06814255379306468,0.5011700259370178,4.017678040632673,0.11379945347113438,0.8545756769284177,0.0
HHS,2017-06-30,0.24338691025618142,0.045762074254740465,0.0012324401503986573,-18.39085812472157,1.3235116260103859,0.12927043847920452,0.9668361365312709,0.0
HNG,2017-06-30,1.2203262711378018,0.541697787606604,0.3150644531259728,3.1169162864966196,1.9758573868391114,0.06693909587837334,0.306134737592278,0.7612324807041505
HPG,2017-06-30,0.030905101869117626,0.18021597869060416,0.05498997771111858,3.235067021535406,1.3288583918124268,0.2711130623572577,0.5783663330071545,0.592427830444251
HSG,2017-06-30,0.1509780078556011,0.06460137059356784,0.02600211618688157,4.999534953187806,0.9261104822548175,0.41660959546811954,0.28554740044161264,0.8697594367258515
HT1,2017-06-30,0.1251501676004967,0.10405021456936223,0.08920889755984392,0.24065731421683711,58.74232170351277,0.18572758331451236,0.4573088309403756,0.7723461731400578
HUT,2017-06-30,-0.3961166498745243,0.2485360303146416,0.24014600898253677,3.746546816872502,-8.253867893576345,0.04265608184839455,0.2497226057075428,0.6907231046138288
IJC,2017-06-30,0.7546354440705426,0.4043610298351733,0.04739447280997525,0.691489785662502,0.11327288691617249,0.042718191533304625,0.20280054708179723,0.2826295758594759
IMP,2017-06-30,0.23894433930465922,0.14811002515212812,0.03283908531527554,21.56970100652344,0.5284261909100916,0.177940348193719,0.8472179038589414,0.08158184683927688
KBC,2017-06-30,-0.08082266707922803,0.8307608236692952,0.13128952184145926,-5.254552927727969,0.03918058234404938,0.0294132924491695,0.6198617951713202,0.3483270761746355
KDC,2017-06-30,0.5365703088078576,0.20606198892999783,0.04059669548358105,1.0985764333967085,1.8066971643295284,0.18824187929216402,0.6973386897493045,0.6820965039417355
KDH,2017-06-30,0.6619822163604077,0.16486676484427512,-0.00011087595993061735,56.5142836098058,0.2737630965891404,0.17835658856531517,0.6242805499919744,0.4666559023567059
LGC,2017-06-30,0.24410155177642992,0.605097726520089,0.6155666645371147,6.64516040962806,0.4270148976339457,0.026659327995963603,0.34418022808101406,0.8855183113129348
MSN,2017-06-30,0.10304456493414295,0.12977799734050488,0.07482825054663436,1.0921867266933407,3.207341617168385,0.14690574197332854,0.36609595787567,0.8200258675213234
MSR,2017-06-30,0.1614652023961093,0.2195276747773269,0.2511203522823364,1.4278516846037599,1.429757569317787,0.05243752922693559,0.4428726950057402,0.7636806751830296
MWG,2017-06-30,0.004721289991604038,0.04494617306219494,0.01053167149275639,3.2733143249787866,3.86501868704252,1.0722988696850668,0.3193905250728536,0.3989380061796686
NKG,2017-06-30,0.2539015575733283,0.08578055736298827,0.025823414419732158,3.7867521688499353,1.0503984661658012,0.40870765538865544,0.2480251589045428,0.893042297393315
NLG,2017-06-30,1.3257773520082066,0.4688249022371426,0.006328116145813598,0.4563672439889555,0.38150766498021416,0.13281184659382703,0.464242549333883,0.12342859871034362
NT2,2017-06-30,0.004975987304878096,0.12760448533848798,0.11015927390881118,0.006913444115024593,2.180168795497808,0.17618919932370802,0.48395626991655366,0.7845941073983631
NTP,2017-06-30,-0.004054185294839357,0.13986501256685582,0.06265765673913481,0.6315214575085601,0.6105921778005337,0.2730171110630234,0.5145168239927759,0.7578321697834323
PAN,2017-06-30,0.5693678982978879,0.06063887938725892,0.025896573665212832,2.0196609288268004,0.7208037128407231,0.20909630798962983,0.7123282014948684,0.7472835664113453
PDN,2017-06-30,0.14592343910276434,0.23233163982244526,0.0,21480836951.0,-3.8450638319577037,0.17490050926650347,0.5071768114022478,0.680487045832896
PDR,2017-06-30,0.6286457562463056,0.2618300160583746,0.0019102820765339549,4.90376092330791,0.0636562638855622,0.040792516755185484,0.2639463865493398,0.33938182475496786
PET,2017-06-30,0.004156327488373142,0.033396333304699134,0.010211545228736326,0.1398396650158569,1.5058066091687672,0.4158320602180671,0.3037801110163605,0.6164137902291157
PGS,2017-06-30,-0.30533096912760355,0.033777186515716345,0.023486932117143696,0.47344384440271264,21.188776091412535,0.5838103659137868,0.4640813331453035,0.28477214544209317
PHR,2017-06-30,-0.4272361739026123,0.31834975669082727,0.06012700324195188,5.890920188292307,-0.4080791194375503,0.0718237675923024,0.5383538169290251,0.1527607497849837
PNJ,2017-06-30,-0.2865689168598462,0.07575436395730678,0.004443040609954814,1.324792216598272,0.9363150483355908,0.6606214105783559,0.48734590720004006,0.7204807296013761
PPC,2017-06-30,0.11074249187371395,0.3100263580064558,0.007508124739849131,-6.901827510088526,0.6715497980136504,0.19970458813911784,0.6167053758731715,0.6940535984479956
PTB,2017-06-30,0.09880070817219487,0.11022941431255216,0.039322182740122426,3.2011241474103906,1.3284639319348266,0.5067754683660166,0.4347042643346851,0.7037746236510822
PVD,2017-06-30,0.597736869030742,-0.0033403886143215707,0.20725979790890056,-0.02515493274569578,3.789981296262468,0.044440390843271727,0.5931228637580168,0.5595617276255406
PVS,2017-06-30,0.23061981396956585,0.10243912955003831,0.04659833562841496,-0.030918712153381298,-2.661520091059835,0.17636370290945888,0.48480849274123133,0.10307531359640104
PVT,2017-06-30,-0.17669841486514704,0.08075637846799195,0.08882293507221847,2.4514065622087093,-1.954353065992479,0.15909943123749462,0.4750705053404315,0.6126088219746729
QCG,2017-06-30,0.6206347789944073,0.568445489733879,0.015671419902921997,17.33158066813591,0.1803416246961578,0.05162842461287188,0.4340992845118674,0.07095329892043901
REE,2017-06-30,0.08099841021627703,0.3258318869980973,0.04212463249997349,3.4940026198760754,2.6679122661643584,0.10207340245724873,0.6610798041943903,0.3336066378822875
SAM,2017-06-30,0.04880601302887686,0.07743751950720987,0.0,10517819017.0,0.43984191102024967,0.1332727768989981,0.6221278233426775,0.8079710563784868
SAS,2017-06-30,-0.03235647067627464,0.13536014568126628,0.02360193586822486,0.6910007228483065,-27.610131016255643,0.2975517632058456,0.736561139602297,0.1564543192770816
SBT,2017-06-30,0.07544801139780968,0.07515184550175996,0.04334968681354936,0.7191101000565149,0.3478950148559142,0.16997954162964682,0.3951053024332026,0.9283207487291572
SCR,2017-06-30,-0.042364583598616105,0.27672520537326084,0.0,9319112144.0,0.08837783973218559,0.03657957885235048,0.37555482677806723,0.34619263314972515
SHP,2017-06-30,0.6396280370667055,0.42749421280096206,0.59516026241119,0.026900102490878663,-4.519148755727997,0.05739991185397205,0.4161003044055534,0.8743409103763679
SJS,2017-06-30,0.9280952180862811,0.3721357904758471,0.0,6362545965.0,0.015849044970582007,0.0050236101835396734,0.3144018583271523,0.271739185875281
STG,2017-06-30,-0.7854290521123417,0.0738647254169198,0.08267404869957104,0.9759520408741039,-10.82094529017994,0.1695391780969418,0.648930307972847,0.5023617005793699
SWC,2017-06-30,-2.294613470201665,0.2337474810783436,0.08179360923193721,4.441264094957734,-2.6393230355406416,0.0474851024163685,0.861178408427525,0.31855602488880563
TBD,2017-06-30,0.03703878264766731,0.053960479241571976,0.0,28042376125.0,0.5797329763217077,0.38014730037306954,0.18907045062858202,0.7491103050723387
TCM,2017-06-30,0.06569540388291008,0.115141051102582,0.035250529361765356,0.6158641826316936,1.0560305332588822,0.2691115538252655,0.3115036924540403,0.6721174782328044
TLG,2017-06-30,0.287954028966461,0.17926381163700894,0.020810753915265337,1.2609970885357982,1.767760084568876,0.4710891732683144,0.6470910098869433,0.31837542503746147
TMP,2017-06-30,0.5782293453552524,0.6056536795125177,0.3512235934594063,0.08280378920733236,2.0048189988391725,0.18478224728340986,0.7624888722277287,0.6299756248461896
TMS,2017-06-30,1.2162577636272467,0.16389272492510987,0.032823882389066854,1.1007914140981179,5.479090975159064,0.24372059563007667,0.5410333528522101,0.6855293535901882
TRA,2017-06-30,0.1327157627110417,0.18651526429332504,0.026055176921277543,1.8182040354128486,1.0568915241299428,0.33580379197796906,0.7799008401046476,0.24264089591369936
TVN,2017-06-30,0.08697939832031257,0.017548604881387996,0.01979572763447257,0.17513901909669682,1.9958672457325355,0.3333451582733928,0.524425279703343,0.6384504643073409
VC3,2017-06-30,0.06878388143033576,0.08870394611888384,0.015020542957955524,0.2937334926779763,-31.2174945469227,0.22819869804402673,0.3685589532825176,0.2043806766063856
VCF,2017-06-30,0.6857844519464897,0.0877333040346429,0.024691546174565596,0.2351959775334265,-3.157818862815088,0.28041494311098836,0.7016507132249323,0.3534579527607323
VCG,2017-06-30,0.04345786338657114,0.13775830145447804,0.0755063071062934,1.203403926098849,1.6516705480140006,0.09865935113192435,0.3425775135008429,0.3108307062063022
VCS,2017-06-30,-0.02155465341777,0.2819597884795239,0.021702535609557837,2.3539334966556447,0.5247175860189325,0.312787993402808,0.526189555284162,0.7188606776941437
VEF,2017-06-30,-0.2134796482669857,0.7202264265239839,0.027471010890969712,1806.366066126446,0.019515315826477867,0.011721412167299562,0.9969459814650815,0.0
VGC,2017-06-30,0.09500189461408058,0.13226835689323593,0.05958104267567122,3.991487404963236,1.9243881867983068,0.1464832334027698,0.4272023790599212,0.26388156666732887
VHC,2017-06-30,0.3678977510020875,0.07962851413973099,0.023940326066459315,0.17572075621279865,1.0239569786515141,0.4445285672234193,0.49533351402256054,0.8058237953149001
VIC,2017-06-30,0.2777633320463344,0.13625579656038952,0.0507377099179759,6.999876754136736,-1.1509795112365762,0.1057701231171591,0.22378098150658216,0.29325971452736044
VNM,2017-06-30,0.10284823366025173,0.25335193104825177,0.030928833810051546,1.7978934355254532,6.701516046788762,0.4259018936808117,0.7746234898747063,0.06037050801385588
VSC,2017-06-30,0.22605161161353443,0.26130040006848293,0.18901787037193554,4.5058120765839575,-9.390150532302288,0.13635046982537138,0.6396730485753749,0.701565980183406
VSH,2017-06-30,-0.38089627148440897,0.5977641587625353,0.3620251094185622,33.63634475297336,0.17240681097773414,0.021877374704855488,0.4493928632080153,0.9315380575368861
AAA,2017-09-30,0.29930300283708416,0.09132279372793825,0.044488489010751635,3.82532215238141,1.6682473947997634,0.282245476641259,0.32365033123065,0.8050848450026928
ANV,2017-09-30,0.0937834649148846,0.06812377281744307,0.0,77256929447.0,0.6381911739596553,0.28874087695785433,0.5220145902963714,0.8243680515894443
ASM,2017-09-30,-0.30575587853744635,0.1833951469081684,0.009975940759526488,15.300509695959969,0.29131265280712915,0.08706793145837148,0.49362255833435087,0.4764762403047187
BMP,2017-09-30,-0.10390117844550624,0.1680533678735499,0.03383435757867675,-2.163646901585622,1.088701428510375,0.30530587207479015,0.8447483275078187,0.13432608745398084
CEO,2017-09-30,0.15603479837976705,0.21429374046175595,0.01099456033119523,14.719442310932196,0.37183374636661715,0.09433256645271645,0.41922745248951543,0.4618969978576058
CHP,2017-09-30,0.015035577323118499,0.5312218977794598,0.46396961709508683,-0.10801721682820374,-10.85978956374663,0.058742913635585065,0.5803457689039726,0.9140412234842753
CII,2017-09-30,-0.9680863690567983,0.24423036464333459,0.5090502374412353,-3.240122640568751,0.25923853107009026,0.02669943678426263,0.3764203151799878,0.7341548985108757
CMG,2017-09-30,0.26753450091792935,0.07862085841217359,0.024429290072668818,3.7672682191020597,4.763682129726549,0.5193353712025338,0.45125307658129893,0.29400071846203674
CSV,2017-09-30,0.07352960492265369,0.20114436213456768,0.029619837742243495,0.5918866228481166,2.1008540572445042,0.38806285113212025,0.7588502668039733,0.24343897049639257
CTD,2017-09-30,0.20818281169811967,0.07702133460197406,0.002955297293215401,3.798521883437967,-258.71745221137417,0.5767347416321097,0.5092993017927122,0.0
DBC,2017-09-30,0.4147980011636387,0.14643833496740657,0.02212505003540194,11.384829473556774,0.892075865166475,0.25042637860453476,0.36013443621879815,0.7466305042832249
DCL,2017-09-30,-0.16783063851118515,0.1486551053057921,0.05981308316680916,3.6600316687767083,0.4459127497228363,0.18772277152375044,0.7538325915958413,0.5596013525625914
DCM,2017-09-30,-0.44147857093073867,0.07401499623054919,0.2966239748575888,0.02405628624475412,-2.0044621394658284,0.09508463227909723,0.48540574867653946,0.751574849409129
DDV,2017-09-30,0.12083855878830634,0.02839819685829385,0.0,-0.0,-1.5155740198309275,0.22018545301502218,0.4719355534922238,0.35330804749596867
DGC,2017-09-30,-0.009993576423688673,0.08735560627341234,0.02309175412874601,3.6713970609367395,4.796313344596841,0.4295459691151137,0.6975235449821192,0.30718717035964654
DGW,2017-09-30,0.3669461086114001,0.03522717365766717,0.001183282792620527,-0.0,1.1472394419245895,0.778681008374569,0.44856601892720327,0.5885977752922822
DHC,2017-09-30,0.06157879926992294,0.09401377995521486,0.0,244752787361.0,0.6697391190125827,0.2450236565081562,0.6424290382782839,0.8067585313799646
DHG,2017-09-30,-0.019395820250140083,0.16350347381918798,0.029728437965514828,0.027433949660020128,1.2145380166669444,0.22835231592933222,0.6954170950078545,0.4201774859711557
DHT,2017-09-30,0.24311710874664777,0.05261511464622939,0.0,500790909.0,1.2659011481494256,0.7681980282644069,0.4015384988877025,0.6444213289511578
DIG,2017-09-30,-0.040072102749781936,0.136565933906651,0.0,-7393955623.0,0.10906808151466525,0.059023306916592314,0.4623139834673974,0.5310203447772518
DNP,2017-09-30,-0.2249356193985462,0.100955234342537,0.05359845887068574,3.6441407833688477,0.4935655518244919,0.10649568471511436,0.28072630792896847,0.7391568892499382
DPM,2017-09-30,-0.11858670808768514,0.07903875474583326,0.025318211967374812,3.212693776180318,3.8425916546775265,0.20217079902699636,0.7881801730437087,0.2794233365428599
DPR,2017-09-30,0.8417709664541738,0.1927394642469897,0.014053943037874009,11.380489788545008,-14.515549135902846,0.11503943449046206,0.7416802752116008,0.2510314901241316
DVP,2017-09-30,-0.07134029808548555,0.49389735216455294,0.0,694643000.0,-22.631065342532466,0.15042820406482,0.8941837974032845,0.28946873015932606
DXG,2017-09-30,0.9734432700440727,0.5854651779310633,0.014511828454024774,7.259745354343753,0.2526678093041945,0.08578075899947749,0.44289277705202557,0.4472731069752014
ELC,2017-09-30,-0.35558963667730387,0.08470588201454607,0.05053977285307434,0.5477722384012541,0.2884669443792305,0.13027782181383432,0.716890250629189,0.5013227140762765
FPT,2017-09-30,0.08652068388097499,0.08756010010937954,0.02507888885808236,1.3432095705113127,2.1180383437879877,0.3718376825236672,0.43894103309793775,0.5151785104110967
GAS,2017-09-30,-0.061389987711867045,0.16316316905328257,0.04586369238484607,0.39618608635094954,12.500309556150233,0.2546168273148267,0.6829203720731889,0.4767819023392166
GEX,2017-09-30,0.22759706260725843,0.1280363484091216,0.046053172537761554,0.38604632049063553,0.976516477826411,0.22769718865543917,0.46697453821047485,0.7122974393535954
GMD,2017-09-30,-0.03947260271491835,0.19285779872892075,0.09805560425626464,4.139228037865749,16.178294896455736,0.09584145134409733,0.6544040556086989,0.4743853340891164
HAG,2017-09-30,-0.48182661204802435,0.30566706556951234,0.17605828008499186,3.4908805990723195,-1.8065876491673551,0.0317973653420273,0.343496380074011,0.6680154788614528
HDC,2017-09-30,0.7922586460939863,0.2609883981482727,0.011191045302795685,1.6520663973880565,0.17468298548338226,0.11007977348902194,0.4419137863665817,0.5569363659202271
HDG,2017-09-30,-0.6099639464397969,0.08829103364846426,0.058838168506941416,7.762020180225221,0.17244552296062446,0.04382375071265198,0.2437012028475509,0.3086335722003835
HGM,2017-09-30,0.12277094385138144,0.3759888924141238,0.10290553201256501,0.013330538529918726,-7.522341430167812,0.12331915567922519,0.8641041227345655,0.0
HHS,2017-09-30,-0.25462419410601217,0.07743594535396835,0.0016468073658255937,0.10129500309617372,1.2868381679560112,0.09907802966246772,0.9622339624124332,0.0
HNG,2017-09-30,-0.6459704669964248,0.219839231247217,0.1429523008301902,0.4538207918756471,-6.778117339586466,0.03780374038834844,0.3271561415154843,0.6902977391143736
HPG,2017-09-30,0.16521744557669102,0.2064546874248568,0.04934398479478513,6.960858701194245,1.2810347852459725,0.2623961412574288,0.6234122065007572,0.6271391113744724
HSG,2017-09-30,-0.04381758477807428,0.058795921680497576,0.03166748546701937,5.660231196173979,0.862292935724198,0.32411350530380756,0.24114618903305612,0.7284478652951256
HT1,2017-09-30,-0.10384847920135269,0.09989117641226948,0.10963481833820443,0.09071225501657608,-8.496723809705056,0.16885791903787212,0.43627562620202603,0.7289356173405455
HUT,2017-09-30,-0.0681710491598404,0.23140709926187156,0.2409700236100623,6.2219414032846885,-3.5538920690211278,0.03719522683099547,0.29542983687303054,0.6673247444103892
IJC,2017-09-30,-0.7254898786437038,0.3126029821404942,0.08629978981141799,0.18203114394973877,0.0515595943943928,0.020734002040938924,0.20756056117138505,0.302339698523091
IMP,2017-09-30,-0.11884502780063762,0.14502068984147473,0.03555968420705027,-7.211337772638542,0.47323832922516307,0.15791036313093898,0.8648036155103032,0.0
KBC,2017-09-30,0.25671243951727946,0.43475335692526573,0.031156501523792273,0.391836040753416,0.048353262832583545,0.03596238671851194,0.59682735967439,0.36165746986251024
KDC,2017-09-30,0.020358006171095434,0.055291112039121904,0.03372002331629244,-0.12329776144271708,2.615281407881394,0.1912867084287816,0.6781548652250681,0.5956906368473864
KDH,2017-09-30,-1.0088163771947207,0.3732416915866401,0.005052879496476379,3.5921805934812023,0.10172245041467809,0.05602979388554468,0.5567746126934573,0.6095342953417938
LGC,2017-09-30,-0.0755271469959106,0.6324335168952312,0.7175033625833952,3.6098481421870843,0.30381440262665355,0.022883073453756883,0.3246157730682563,0.8148271611635451
MSN,2017-09-30,-0.009711087041921298,0.19181917916759525,0.08520613249313957,0.6698135642301409,3.214745534493988,0.14412202038634436,0.37922674153221236,0.8078641800484854
MSR,2017-09-30,-0.01236687567863649,0.1802270025763471,0.2626553180802554,0.6424789062785333,1.4606827658516928,0.0517683542366291,0.44527535637023186,0.7471078193195717
MWG,2017-09-30,0.045270520756651604,0.04652739136793689,0.011447473602990666,2.315359734277656,5.854398750066299,0.988295502664233,0.3153148565707221,0.34773598156857005
NKG,2017-09-30,0.20006026273875177,0.07746372987533943,0.024953233350913658,2.0354198988665955,1.4549264828236004,0.4794238285143818,0.26471309323167136,0.8007118242731792
NLG,2017-09-30,-0.9274782505863463,0.24135812885537858,0.010899874629710033,0.03321876093470007,0.1874021158838396,0.052147502360662214,0.46319779463638094,0.12002751871564
NT2,2017-09-30,-0.44398878606654474,0.05585842821303607,0.1605045709322952,0.024082618442074745,5.169026884084836,0.11467771255422263,0.46581890836105283,0.7824056795304455
NTP,2017-09-30,0.21981255095980198,0.14930130986534132,0.05154592021153268,2.7671078868228944,0.7415446596566089,0.30912556540653024,0.5060512777761088,0.8111807495638134
PAN,2017-09-30,0.350253302882259,0.22213050428034356,0.04520596628226524,2.255841692273489,1.202210356032413,0.2439207635248889,0.7409760769286006,0.49788145451959964
PDN,2017-09-30,0.03094858637510731,0.25170215041782673,0.0,12107413811.0,-3.4558658910323814,0.15940944652232372,0.48064887373788373,0.728683082875687
PDR,2017-09-30,0.27035308407278635,0.2821865801577927,0.0005446512093948254,25.219347395115065,0.08270378355193007,0.051780753926477456,0.26722301863666476,0.312115423047756
PET,2017-09-30,0.18952659213266632,0.02701341234812817,0.00560123103498959,0.39021509603766186,1.8669942524832834,0.42595531259241876,0.24675410267221493,0.5253760602251278
PGS,2017-09-30,0.25123321774899104,0.027433986763789917,0.017637314019753665,0.7982000043154269,-44.71889269451031,0.6812136121126495,0.4318237823605865,0.23420992358440737
PHR,2017-09-30,0.6806018919676998,0.2436155629610128,0.0415082856156689,-12.474052944658666,8.07545515890679,0.14214698335257336,0.5645731730475853,0.5174371621169473
PNJ,2017-09-30,-0.03057385919583874,0.07388859210420182,0.004656139326969386,7.609270209350913,0.8675270911135128,0.5615019559437372,0.6714609767126348,0.5614252598202255
PPC,2017-09-30,-0.13599306523172575,0.12315816337621875,0.0067012224729854795,0.08805369681894915,0.8434790801721497,0.19348549539334942,0.7072422866497707,0.5840971924951542
PTB,2017-09-30,-0.05761873371334096,0.10738066335520621,0.03879923013012552,4.939994956411288,1.0669397946007635,0.4217525171221594,0.4173266578872468,0.7205947474048151
PVD,2017-09-30,0.39240725024590245,0.08494153104298359,0.1832311397129956,0.09901574556528729,9.001851367970788,0.06603024707747206,0.5953468156635641,0.530670491817961
PVS,2017-09-30,-0.26468195337340233,0.04006325336523024,0.05229648548162218,0.5019328135173077,-1.778917191267984,0.1383907554175099,0.49531954414331153,0.10267468209167475
PVT,2017-09-30,0.024057705699087925,0.06823227446939058,0.0928441116377907,0.8971145285095612,-2.0172414186016137,0.15911317127573607,0.4758624238174851,0.5921757049647906
QCG,2017-09-30,-0.4528408087531241,0.6450572100694109,0.030792909543960724,21.648406248820802,0.11887100002250686,0.029459928971762233,0.3778756701936671,0.06191441271118138
REE,2017-09-30,-0.06997732088255995,0.4145489627778201,0.04083023679898518,8.109593387883685,1.895416022127947,0.08384752562624692,0.6096516783376895,0.49814641458910486
SAM,2017-09-30,0.1812652386326179,0.048788580869003964,0.0,1389790574.0,0.47212103555058915,0.16171038638376087,0.6288364322684604,0.845796849372938
SAS,2017-09-30,0.028437531689092403,0.14499076301194852,0.025129725613657856,0.6369795727518996,-74.52448945014164,0.3031877781957144,0.7790674046890292,0.04812696973126029
SBT,2017-09-30,0.251561829147444,0.13605367976271848,0.053773925317387665,1.1850292229797343,0.1990523603408189,0.08735425135947233,0.35734140426538136,0.8771632717270499
SCR,2017-09-30,0.04396498488092248,0.22601161081460275,0.0,-9319112144.0,0.09968812734225974,0.03700738138472989,0.37638740720915653,0.34459893583502993
SHP,2017-09-30,0.3825323988131872,0.5827519834764032,0.5570418402404039,0.026900102490878663,4.566287476640378,0.08420358888855475,0.45512491509935293,0.9117680269264732
SJS,2017-09-30,-0.5807459658258036,1.2463224867441896,-0.0,-6371085965.0,0.00890624996863256,0.0027664608547889216,0.3085693228446407,0.2570047446815975
STG,2017-09-30,-0.08394871633178105,0.10842590992076657,0.09129708943682385,0.12368697670838535,-12.291345705031029,0.1539052294450596,0.650590959877205,0.5052303326571645
SWC,2017-09-30,-0.18750305747422655,0.307221260951284,0.1226142334302622,2.4928713257749022,-1.1306193167935141,0.03909902596429341,0.8648354026333852,0.32495258047169195
TBD,2017-09-30,-0.30784912774593637,0.08331676154583278,0.0,-1707474225.0,0.3951276267678959,0.2792522189790816,0.21203705811375564,0.7570727638483014
TCM,2017-09-30,0.07875185998918968,0.08061813797809417,0.03279532084903155,-1.347276587427551,1.2707488662075166,0.28932805077558427,0.33396356948636385,0.6436414828929221
TLG,2017-09-30,-0.09327467586774434,0.1505795443072336,0.019699420432926253,4.2532707960778735,1.4949472510715291,0.4366217558551543,0.6991826405007477,0.3408323924771589
TMP,2017-09-30,-0.2796352548070092,0.5753112382001989,0.3970807170318732,-0.09744640189692032,2.8476517620718753,0.13147053942650075,0.7766552537640892,0.6206524581775104
TMS,2017-09-30,0.0442054695864,0.10696981736371941,0.027288498219106432,1.0042056949973754,4.4597454554983615,0.24242822342591816,0.5360581818843624,0.6670326249658991
TRA,2017-09-30,-0.017647249760571956,0.1689133910867573,0.021401716331963645,-0.8814278651052133,0.9631408195003361,0.3269299553092466,0.8135150972211956,0.23380062636411328
TVN,2017-09-30,0.15007254445493717,0.07410127320689532,0.02100625187716764,0.3378319960934469,4.017660495711039,0.4133008368568855,0.5814851671603142,0.5279113332186022
VC3,2017-09-30,-1.2842266572960788,0.2569688543065476,0.01965084295854659,-0.0,0.34285342509580846,0.06497451138760565,0.39031152501472893,0.2214165485377344
VCF,2017-09-30,-0.07965371099985119,0.19773214934736386,0.032309033891529795,0.27226052515990207,-5.385147432177787,0.250321758558861,0.7177012446255514,0.4075309450055623
VCG,2017-09-30,0.15471121722734527,0.1377131805635054,0.04232653977867544,0.6599240778730331,1.2416094194385978,0.12063981871592899,0.34919069968273253,0.3210827765703557
VCS,2017-09-30,-0.07598760918826712,0.2972455207385577,0.023956294979591952,0.574101778385966,0.5043429009566747,0.2886848779179924,0.5937118564915291,0.7394652768154314
VEF,2017-09-30,-0.2650584402897585,0.46065146999105205,0.01857484719277463,385.52665212278276,0.015250404104726943,0.008947719914302418,0.9949687354624733,0.0
VGC,2017-09-30,0.13374585708382786,0.11731104236849342,0.04211051715904735,2.2606427484202483,2.3535668630267046,0.16654826733194344,0.40999947580965135,0.2552632462682066
VHC,2017-09-30,-0.14350021776384625,0.11013158581367592,0.028292585970887463,2.369378487875041,1.3389976545708284,0.42265762384809974,0.5782138642777357,0.6843411050413113
VIC,2017-09-30,0.11244458166623139,0.1273859634507506,0.049079998909589535,4.071601819975186,-2.3979813212120122,0.11190337696109345,0.24260067376841132,0.29747185427806744
VNM,2017-09-30,-0.002782052464184868,0.2379932775660243,0.03026933375454249,1.6552822299447925,8.704866543674221,0.42954870345494767,0.7605023913495897,0.06840754707627777
VSC,2017-09-30,0.06137781786263225,0.25896492977996144,0.18956031639757567,1.0451037360249595,-11.107586768608698,0.14024461858037107,0.6462360976895991,0.6796351958471538
VSH,2017-09-30,-0.40129218467001293,0.44098794507750727,0.37663733642256464,-34.72624486676987,0.22861437457472578,0.014253436502324517,0.44300172693363526,0.9390314856703675
AAA,2017-12-31,0.3142553281903001,0.08221923297085988,0.03599922881302248,2.664201757195737,1.4454148863966274,0.31902319121221845,0.3550949503887488,0.8056463718994493
ANV,2017-12-31,0.14911047745733255,0.07720469408095763,0.0,234300000000.0,0.8032553276056427,0.3190332316963849,0.5137718136215877,0.8417802516411003
ASM,2017-12-31,0.7220254562704882,0.09273678448949038,0.0012757702100730994,-47.11840850513152,0.5592203553608278,0.18148652426545275,0.5046613311450611,0.4803331155237535
BMP,2017-12-31,0.31605583186861613,0.12648843074732163,0.02441708411511064,7.629252901933221,2.1447279252850273,0.42481452904498557,0.8570799604795148,0.14972464038593297
CEO,2017-12-31,0.2287065645435473,0.3402165748528364,0.04740913322884583,21.74631577532937,0.6682896644705705,0.10855542940475738,0.39598763685936345,0.41925286238856513
CHP,2017-12-31,0.4765223833353752,0.6334238395540269,0.3690749735717488,-0.0,12.082653445667175,0.09099781712824954,0.6050164136396106,0.9111305097566944
CII,2017-12-31,0.5331561196307221,0.17816090794991313,0.36589490330978053,2.460910902946348,0.5615897602171835,0.044446529722312604,0.3678720387144693,0.7152741212363168
CMG,2017-12-31,0.039520652873856,0.05497435260490984,0.021780318130090064,2.2649589977595124,7.791483314848645,0.45777546148573517,0.40673480103197107,0.2486557475530171
CSV,2017-12-31,0.020956433350061577,0.21281600879697063,0.028325288017740577,1.4352967937947174,1.6899562579438148,0.37352021331312113,0.7390867093859284,0.43965572940935715
CTD,2017-12-31,0.15766109124261288,0.06295425510217106,0.002685870081306217,1.888993715270025,-420.21035242812184,0.5666630349915008,0.456273750365834,0.0
DBC,2017-12-31,-0.036056025709628,0.05030863590513499,0.02695330013772553,5.937807941723951,1.075714767881057,0.234024523059521,0.35806828985644595,0.7371075643655898
DCL,2017-12-31,0.11603526911749236,0.10696561651064397,0.04997966332433041,5.528710217494199,0.5968032656193236,0.17605127912734306,0.6020306141908034,0.6097427375543527
DCM,2017-12-31,0.2858189170787624,0.05383235094271205,0.21797854887830534,0.28503537255148487,-2.5706695915829747,0.12776178802447472,0.4914141903288242,0.7434866489342012
DDV,2017-12-31,0.29354792951000264,0.0870568180508111,0.0,-0.0,-4.194235288976638,0.29638049433278146,0.49688185645609567,0.3478212118463366
DGC,2017-12-31,-0.9757820987375461,0.27934371311294753,0.010459990582604379,0.040315335975382505,2.101973232966703,0.4068324433988509,0.867707965431698,0.0
DGW,2017-12-31,-0.014345737174180763,0.030105811354591214,0.0010000993091342353,0.482280692324063,0.9575767623861864,0.7114166723243058,0.43185556243484563,0.6845363733407638
DHC,2017-12-31,0.09483939503702798,0.17898260189708348,0.0,184671135264.0,1.0660416424570998,0.1828055173097558,0.55091693095436,0.6089896576767081
DHG,2017-12-31,0.39071753381358915,0.16636412079061352,0.01977824352881341,0.7396290284178453,2.0547844523897933,0.336622198613209,0.6746937739939609,0.3531338096298394
DHT,2017-12-31,-0.08217267330097944,0.09193105132446644,0.010088062352752806,0.6714609518871749,1.144373988980613,0.6254757066761296,0.4004828216931635,0.5982945770863495
DIG,2017-12-31,0.5140167324154197,0.10655361171381754,0.0,768869325.0,0.18211389824299035,0.09891337156842353,0.45449469427622036,0.5271789019587362
DNP,2017-12-31,0.23196145222897352,0.10035009964102164,0.16477004904006315,5.968352979421308,0.6114480523120236,0.12249175147857241,0.2457631260978479,0.6951956981895416
DPM,2017-12-31,-0.2863219537435091,0.07442962688857009,0.0322754137851653,4.699724413055921,4.697842458996206,0.1568192126124271,0.7836265488736842,0.28339358673648646
DPR,2017-12-31,-0.3090596089731193,0.13298293824845128,0.11729335664641549,0.9771215326474195,7.150756628907442,0.08607702327783884,0.7578474930316323,0.26692850536374535
DVP,2017-12-31,0.08268960047739177,0.38566001907439984,0.0,13163964000.0,-40.84708192449046,0.16562449123633127,0.8909183379232857,0.20963243514649285
DXG,2017-12-31,0.3978149773302902,0.4600795194020144,0.008267764312597263,5.207382323948037,0.3182848778716284,0.11964045113423119,0.45339659542677174,0.45082947714452576
ELC,2017-12-31,-0.11252200706400126,0.10538330165670919,0.0,-406645026.0,0.2638168976948428,0.1203565676862225,0.7512727935686853,0.5207464224503342
FPT,2017-12-31,0.21289778125669936,0.147180832087674,0.025411178136972405,0.9027014871914997,11.571404523145137,0.5458837802381704,0.5288639438345014,0.39712343859192883
GAS,2017-12-31,0.1338818051977605,0.27844264935395474,0.04836159182648435,1.601028269753421,9.063754640128602,0.28540417817897634,0.6985325485700323,0.4858403349220958
GEX,2017-12-31,0.12677813665113596,0.13120472659022792,0.03384821128170011,2.4042987874753856,1.2366302793045827,0.2481480268413047,0.4529036026921559,0.6940428913577747
GMD,2017-12-31,0.14254310535725503,0.21039346497599196,0.08041428740385902,2.9802970219338176,-1.8439740111725662,0.10464459226092906,0.6311316780473647,0.46685993823892624
HAG,2017-12-31,-0.20684876744910796,0.29065053970975196,0.22170025519414485,3.3301985244811414,-3.421805958198062,0.025549001051265337,0.3421894126050292,0.6491044473388565
HDC,2017-12-31,-0.27829175504735765,0.32999977806496444,0.0188763705425107,-0.23134655233622584,0.12691552633174066,0.08687655653653595,0.47668191459475245,0.6650293375732096
HDG,2017-12-31,1.319832200183954,0.2480382142828167,0.031590883041873644,6.480628689360916,0.4162748464770813,0.14680050366740385,0.2478486050470672,0.2949404571729376
HGM,2017-12-31,-0.15215129614901535,0.3880306810173139,0.12612583098910166,0.3581647717590719,-2.0298905339884477,0.10027533389451049,0.8034392865567291,0.0
HHS,2017-12-31,-0.04240402708357631,0.24075412535226443,0.002639856195195567,18.844465691650083,0.27044473423616494,0.09092293458045876,0.9532166492595038,0.0
HNG,2017-12-31,-0.4371427705320603,0.1252510245590822,0.24188191055210323,0.8183098387333991,26.164205841774482,0.02387287445070297,0.32375132489623343,0.6444132556238351
HPG,2017-12-31,0.018179476882899313,0.22331805906738184,0.05596804906132714,5.720700748729798,1.1055609284801111,0.24362538607530732,0.6110214923889633,0.6293517579356815
HSG,2017-12-31,0.13150351862832566,0.07228128167967249,0.03122427548398278,2.646061516355423,0.6127424285312316,0.3287297541784493,0.22814194366466353,0.9164705496345622
HT1,2017-12-31,0.15244046764015645,0.11765839044456679,0.09251315199903395,-0.19204908316718963,28.23806004019596,0.2043356324978936,0.46713135367209974,0.7826286741955731
HUT,2017-12-31,0.6619535279165596,0.17822355054475222,0.21508114513733287,8.439160228590248,3.6570796244244,0.07146165862844663,0.29969716543202335,0.7047265336009579
IJC,2017-12-31,0.6175434949115557,0.2599447303878786,0.04351233863240631,0.10505680004639475,0.11371542901141665,0.037638372500129254,0.2078005993273712,0.2876064686743398
IMP,2017-12-31,0.5083850784922376,0.08428324460943881,0.019762520968087297,10.023193218973502,1.224679022948938,0.23765682344126882,0.7866993488106933,0.0
KBC,2017-12-31,-0.7116476383806714,0.3109166681323993,0.05281676776252047,8.695190452102297,0.024305037128129578,0.016989624373730923,0.5727655573746103,0.40382142695307405
KDC,2017-12-31,-0.09997991093756957,0.039156968856358144,0.03971200088192017,-4.2828774615833085,1.6545763067317676,0.17949035755434886,0.6972048681433636,0.633069019982954
KDH,2017-12-31,0.6121303923095341,0.2657810475326787,0.0027274898358008517,-42.80643603550855,0.18509476705345712,0.09269714584823338,0.6456008314793594,0.4874183093429447
LGC,2017-12-31,0.17731408121205405,0.5034355656011215,0.4399287477148113,4.877007827722594,0.509472526388976,0.026785418010097522,0.3133966796491364,0.8654267558484615
MSN,2017-12-31,0.1636834899253901,0.2900973725758792,0.08648436648653589,0.6568409989596722,15.561214795788878,0.17661838567564975,0.31836400979075197,0.8035474041059247
MSR,2017-12-31,0.07313408962523975,0.31331994419042136,0.31387369722643943,0.5935210089084774,1.2620404322084164,0.05467865787462582,0.4425107846408388,0.7515375837163828
MWG,2017-12-31,0.135529560444755,0.04222066206434027,0.011606564174081785,4.01568315912128,3.5220796894624002,0.8251129056780038,0.25901046050214127,0.4020110982940433
NKG,2017-12-31,-0.13740273004355738,0.07155113789388774,0.032539516176906355,0.5425948700184293,0.7320704924990347,0.32861636754490314,0.2890037675718991,0.8541902517709757
NLG,2017-12-31,1.3461842569015492,0.23372907072475355,0.0028583214102568303,0.4022372061004105,0.9126219244596089,0.19699587507501962,0.4699701295757152,0.10587478842966463
NT2,2017-12-31,0.5953568041429071,0.17432004368795906,0.10126715855070374,0.010929835082349399,2.4960853951602027,0.20973134568247973,0.5003178661681925,0.7426905198584908
NTP,2017-12-31,-0.13997117264568534,0.15901163360781526,0.06201791551818613,2.6957500548322835,0.6592481134757338,0.2606621016144131,0.4894749734243085,0.778409607189616
PAN,2017-12-31,0.04810084581467003,0.07591426507047125,0.03355686533443631,4.648673656060825,2.138648306352257,0.24592648521850552,0.6941868920591275,0.5004403546249063
PDN,2017-12-31,0.08085831545624858,0.11514722392270424,0.0,21886836516.0,-3.009343597765063,0.17365109933655068,0.49349516345139816,0.678297624603215
PDR,2017-12-31,-0.19275364304306528,0.6145964288460033,-0.0027067414592691426,0.0,0.06986706110112957,0.04218915127097041,0.28487006904468204,0.0066326138306763835
PET,2017-12-31,0.18319889298016448,0.012296741412231586,0.00465654515626714,0.04689464008640232,2.4498334461920614,0.5516922911187886,0.2705197772737783,0.5069699394545679
PGS,2017-12-31,0.08191657804264119,0.020814902545849865,0.016328565900377782,3.1537331912347244,-23.37036176280387,0.729212276932386,0.41239343111874016,0.2152779654713406
PHR,2017-12-31,-0.0632104342148773,0.21551228582066442,0.03274008527367966,1.0470874451252996,-6.386168646375301,0.13133676804025307,0.5610746219335888,0.3723868878038333
PNJ,2017-12-31,0.3463083644804084,0.11563267704523536,0.00360952696737558,0.9872935161945949,1.10507559573297,0.718055262110549,0.6567151707407846,0.5787233027385182
PPC,2017-12-31,0.08900336274683274,0.06359109750813209,0.004973413088056671,0.009664764744801204,0.9998625887120809,0.2272162800435598,0.7231719928014729,0.454689238161872
PTB,2017-12-31,0.12257549688147906,0.1464805557726217,0.03168347736361805,5.185842611519344,1.2148479208631031,0.4231532830702788,0.423700856715482,0.7212470463245965
PVD,2017-12-31,0.1643852010632262,0.22227958051280003,0.16505727174725993,0.09441511237962731,-8.04803107669501,0.07918277522669072,0.6170986080143318,0.5598318670952109
PVS,2017-12-31,1.198994662953923,0.00942043088320902,0.013152098288930292,1.5327034035119371,-8.4725405099936,0.48053877102029846,0.5213059622249385,0.10433012291324908
PVT,2017-12-31,0.17311598998953465,0.17410609451065537,0.18565843550617409,-0.06534202339577401,-3.5400547940145795,0.1897496005082285,0.5054080994796032,0.591711107430741
QCG,2017-12-31,-0.6393529085886542,0.2544723200679693,0.04869966568362752,5.2595051481506765,0.05639065942155307,0.014632284276936755,0.35825019903991157,0.06554698277995992
REE,2017-12-31,0.4189603365867439,0.3138686563440806,0.02660303693944807,5.760102436146041,3.500106135569382,0.12038238888418706,0.6078930501202102,0.5315709007867649
SAM,2017-12-31,0.16736356469556762,0.05753826662471032,0.0,3499917775.0,0.5042989631380969,0.17491433806714599,0.6114250149388716,0.8193531940027405
SAS,2017-12-31,0.11971078096964584,0.14887071902298013,0.022099324612108763,0.5691290725334069,-9.876094094282147,0.3210268744392782,0.7162715261703698,0.13161921206479846
SBT,2017-12-31,0.9393108649982933,0.1102455115311621,0.05681814944471989,0.667192987206371,0.5710696162010681,0.23446065398290553,0.38573510498768004,0.8054027540389153
SCR,2017-12-31,1.1395335081812903,0.19897750086479296,0.0,-0.0,0.2908378556229557,0.10685150331931492,0.36462747674385754,0.31647018707014746
SHP,2017-12-31,-0.1450601934928125,0.5016652232086329,0.5015620055602283,-0.0063150479345611315,2.6020932199634896,0.07440974859365417,0.4921256268012628,0.9631057246899657
SJS,2017-12-31,,-2.317017145715917,-0.0,8540000.0,-0.037689266973064885,-0.009342307515395516,0.3426189248474994,0.146833820358084
STG,2017-12-31,0.221678632214125,0.12793005442025174,0.07071741200080466,0.9576800055654628,-4.785026380801581,0.1888548970877349,0.6172410560754557,0.4615348514335776
SWC,2017-12-31,0.6580111923822056,0.5423626733801138,0.09079554267848082,5.163627407166933,-2.2215467477304176,0.07285082858119268,0.8673908104801148,0.3159941996784153
TBD,2017-12-31,0.15322647128551242,0.11785612693817485,0.0,-0.0,0.4924433970305008,0.3264932255701721,0.22511299792522907,0.7429371958449725
TCM,2017-12-31,-0.1582853818568658,0.0579418764941559,0.03647463421982555,3.3534149232868518,1.1631900010126899,0.2557250199465196,0.3530423399519394,0.6428599450442933
TLG,2017-12-31,-0.10259758997718867,0.07143321635908953,0.025508705064562417,5.018448808782588,1.4074151425449786,0.38089852548879577,0.6757688739571996,0.3264768055971157
TMP,2017-12-31,-0.0464024273146482,0.5761589094731002,0.40823433247387114,0.09948442765503734,4.470499657963618,0.12786098290108835,0.7831464280122147,0.6323792506779731
TMS,2017-12-31,0.018072027887098448,0.08889127425047727,0.02698740355186815,1.4006158553238974,-15.974432857445358,0.23734602411530387,0.5221880444045675,0.5976988062404788
TRA,2017-12-31,0.2121774225307751,0.1797630239307472,0.028737739234162528,11.170808802987573,2.4526930760680448,0.3688514118197857,0.7373566375428948,0.09303799840154198
TVN,2017-12-31,-0.1961886465823278,0.08235438117665445,0.01920249243009002,0.6733711467186778,2.2619920989985705,0.3268622234723316,0.5681094276883746,0.5249236103681704
VC3,2017-12-31,0.6573318625232893,0.01983441100870669,0.007559709624115561,0.14172005074557506,0.6555362163740749,0.1358696639086379,0.42489043022831285,0.16850276012380588
VCF,2017-12-31,0.42084929246995767,0.21661700867837969,0.020863695773123678,0.18591564115290263,-0.5919854808654385,0.3421121967417753,0.2135482699276892,0.14447955285825098
VCG,2017-12-31,0.6793217365573485,0.26496399608343474,0.0005070808164692531,42.496364518282185,3.2104740535394547,0.23687568788869542,0.36716534237638604,0.307314126178981
VCS,2017-12-31,0.07645298495690016,0.2787217101000085,0.021620253844877566,0.2311103660297458,0.5202231264016505,0.29312879427345645,0.6288831429277489,0.6754712554150044
VEF,2017-12-31,0.26962116920472073,0.5127520122575517,0.07256252641191312,919.1461524052681,0.02111998161667594,0.011661157564034989,0.9950141165546426,0.0
VGC,2017-12-31,-0.11627659575716191,0.07590377002192682,0.0657529864158371,2.121240886734922,2.8679003633595936,0.14589486811948374,0.4279480566322499,0.23502795532594759
VHC,2017-12-31,0.06105438798017556,0.10924115327376938,0.02680301719755841,4.568274073188369,1.1392717334546139,0.4325281982766203,0.5808454949425722,0.668948498102157
VIC,2017-12-31,0.38054598316664157,0.13536660788991092,0.03035244875033208,10.66236123048248,-2.199270281388277,0.1561668738142084,0.2434486287119797,0.3037935052580379
VNM,2017-12-31,-0.07356534488991612,0.16581676818417765,0.03434869817568216,2.6706488609289596,-11.011770626217983,0.3637234663797092,0.6886329434868015,0.05030927863286703
VSC,2017-12-31,-0.05799239187269904,0.27555082691819227,0.21034514243217053,1.8228027213446025,-18.260905278633313,0.1376954660511516,0.6896103530376376,0.6755200605762387
VSH,2017-12-31,0.35414633129680545,0.4599845818928137,0.2828171736991551,60.32503859030207,0.35787511467837135,0.01943452241922537,0.43135006689988425,0.93279239138383
AAA,2018-03-31,-0.11072553448406552,0.07340749802786424,0.049761714302845095,0.8292142812252581,0.9132411755049612,0.2730166850593338,0.31606470737963865,0.8505319568675274
ANV,2018-03-31,-0.049813785452018845,0.11839102484652457,0.0,353400000000.0,0.8680620725180324,0.2704150738370838,0.48657699952484434,0.7833066769104919
ASM,2018-03-31,0.036790302325388644,0.5108055073298823,-0.014867679048362089,-1.0088556580296133,0.2802777238879147,0.09197875978721741,0.43488371981642693,0.6766362247709896
BMP,2018-03-31,-0.6546210610083164,0.16645453941889943,0.07814568209333968,0.6365398538462183,0.5843974741710585,0.22852831773957372,0.9161560574822822,0.24802265490312023
CEO,2018-03-31,-0.3462097245213673,0.2927512787176588,0.04557079749416035,3.1010806602636527,0.8368055214935557,0.06771335681485433,0.3570597804563259,0.354770202924479
CHP,2018-03-31,-4.248839213483385,-13.433900010183176,0.6563059108322569,0.02033638152763348,-0.1524028113498763,0.0014427789617875767,0.5957396436342689,0.9408699794550628
CII,2018-03-31,-0.056763948056184774,0.2573543185527711,0.22461876814515264,0.8168936965016443,0.3391845107378202,0.040736708751373994,0.35904381009731945,0.7361736486235037
CMG,2018-03-31,-0.30406943416242005,0.031174415353190158,0.039561210437743695,3.3200292094602597,6.965177817607417,0.35164923631829603,0.41651042450907766,0.2864979895130245
CSV,2018-03-31,-0.11031411340990983,0.19850336491206821,0.025528654772857113,0.03886891323637815,1.2627489806913532,0.32283484625566994,0.7673056123961909,0.4499459065991826
CTD,2018-03-31,-0.7132993799201789,0.07821038183183089,0.00598709290556544,1.0029059036536263,4.586431982036823,0.30714943496441977,0.5298068037426497,0.0
DBC,2018-03-31,-0.1794939016619209,0.047113117939451506,0.04291179135387724,4.306277923761118,0.7431690938794024,0.19373009351673898,0.3561403131929617,0.7649490586862169
DCL,2018-03-31,-0.08593241144762093,0.07862629224369992,0.050496205801938136,4.735775844829279,0.4493238315872542,0.11174011262300756,0.4647290737579635,0.41564702870086506
DCM,2018-03-31,-0.19626152569185745,0.24078636070753948,0.32261128843607756,0.12269601568592588,-2.792356518916681,0.10658554092956761,0.5182130356446732,0.7118335544466298
DDV,2018-03-31,-0.06618190588040133,0.03528065649480848,0.05100687082928128,4.032519946982079e-06,-3.109114324264982,0.28996288213893373,0.5312131572116437,0.3561330853827694
DGC,2018-03-31,-0.7817709096276568,0.0815024517282001,0.016780002939093153,4.334493679935737,1.4718543326552653,0.21976302117439314,0.9005723915810843,0.06778588217650088
DGW,2018-03-31,0.11180483555804968,0.024684161187177003,0.0010153546122630597,1.062508541822027,1.1057328572732295,0.9094670529257028,0.5075940958703391,0.8156261402935088
DHC,2018-03-31,-0.18947279960411073,0.14953854285708187,0.06076647564014211,22.38872123108621,0.6850936878888788,0.13704056086926703,0.5155724281808464,0.8221187367407639
DHG,2018-03-31,-0.38826564549809456,0.19098786872555357,0.029581889124817917,0.638291961568332,1.316059079283068,0.22280502368979554,0.6673836564096546,0.4889996104294875
DHT,2018-03-31,0.002649149069694724,0.06868850925081917,0.0,85800000.0,1.1009022219566318,0.7140629049036261,0.44622142595388026,0.669981380685857
DIG,2018-03-31,-0.5156254036739946,0.06015344748099382,0.0,2122091932.0,0.1082902092940896,0.057811089089908216,0.4625185452705351,0.5553148270755593
DNP,2018-03-31,-0.06497300045424542,0.10335661073103684,0.10058205257962168,4.325521043935095,0.3271724912369993,0.09958211878949898,0.23629532359220567,0.8076749060317904
DPM,2018-03-31,0.2679030842799132,0.1042880400414978,0.029674505065152693,15.798293421891081,38.91680934154473,0.1852458491167037,0.7225706739930338,0.20199953788355846
DPR,2018-03-31,-0.10633746327789535,0.4848865251496484,0.1013711148463295,2.2535886370636793,1.4989487862236155,0.07597131890771082,0.770574807886467,0.290726244182249
DVP,2018-03-31,-0.2800547134693045,0.4506828825116343,0.24625567535387666,0.8590315647192889,6.398560489201556,0.12311469334900248,0.9259684414255573,0.1965407106100276
DXG,2018-03-31,0.09595181413486777,0.373711522009523,0.006616199802723514,6.513734824817652,0.3328380311318396,0.12572371859830017,0.44628927146474884,0.4056063784898066
ELC,2018-03-31,-0.8408314182693564,0.018589237182414464,0.12073901684093538,-0.10777869273237908,0.1315746827744755,0.05606484163684658,0.8094276583380322,0.5161295307535035
FPT,2018-03-31,-1.0175700208456206,0.16751376600576193,0.06668251794530462,2.1994635311793367,1.9860963660019844,0.19743468095185546,0.5557507050235969,0.4937004249827384
GAS,2018-03-31,0.04606126998056214,0.1859797834393375,0.03901431814092987,0.618292995422713,8.79353555273495,0.2791473870844298,0.6920396367103827,0.43050679584033574
GEX,2018-03-31,-0.09615608695926674,0.16836721332562896,0.03809010351555739,0.9975703149839639,1.259395311406005,0.20504594941434098,0.4625914765676995,0.6963305210602663
GMD,2018-03-31,0.5752520058767053,0.7322972602641886,0.139169762204468,3.4939996990432247,-17.334836354336936,0.21206953823140348,0.6462594766193396,0.579009855451863
HAG,2018-03-31,-0.05338522590944615,0.31599665661184706,0.2620601071956572,1.5134503319951769,-0.5093382776940687,0.02437942141671976,0.3443647086299921,0.6491051254556892
HDC,2018-03-31,0.6523350333892105,0.13684978850102678,0.00639549434271707,0.20803626708522194,0.24306601634879604,0.17722152041692776,0.5172633656408843,0.7577047137765621
HDG,2018-03-31,-1.6406157595455253,0.24229887332351202,0.15693525385741378,9.25823275680626,0.06841621263964832,0.02696388139037167,0.23077862885712352,0.28903742190950305
HGM,2018-03-31,0.2986469549893963,0.3885929417103014,0.06576874729915468,1.3926042884048608,-2.166557462220076,0.13623323482314414,0.8120755704384351,0.0
HHS,2018-03-31,-0.043031122304911684,0.13173245124979205,0.0024384022695480945,733.8811231605799,0.3334582779336444,0.08549767314932587,0.9425734323521359,0.0
HNG,2018-03-31,-0.0863720138414806,0.2567061362523842,0.3523959396232515,2.4857083686655326,1.1134406835758932,0.02468195721913136,0.39354191362206237,0.768010682828464
HPG,2018-03-31,0.02284815849685412,0.20629917668849068,0.053015285833111735,4.683216634490406,1.0992359001650054,0.24277469222970285,0.6324354176634281,0.618132901314208
HSG,2018-03-31,-0.03152486577819923,0.04658696595835697,0.03331202952272863,3.232466721417831,0.6742484123464668,0.3233608194364522,0.23300615842853814,0.8671759289185976
HT1,2018-03-31,-0.2031119203251329,0.09438200605503663,0.10825795786087768,0.14819725470982412,6.312520351631769,0.1716384294121471,0.48973430624514463,0.8150553204543809
HUT,2018-03-31,-0.9082343823641622,0.15873923806170473,0.35708280167074646,2.6341687269934115,0.33686320953212767,0.02934793751386978,0.305928295141073,0.7215627113793462
IJC,2018-03-31,0.17303131227332066,0.21961547886205895,0.034082785659365115,2.3198493458628473,0.13577328974471292,0.04447611803517886,0.21292329444956215,0.27939042199241165
IMP,2018-03-31,-0.4934797131705694,0.1633235923247428,0.03387452231054696,19.905427121989856,0.6049448647556143,0.15553198699646673,0.8559414444182282,0.0069598055655311734
KBC,2018-03-31,0.9153154112035742,0.5151218686332182,0.030923298305792775,1.281366262281095,0.05834115883916862,0.04156289723291994,0.5753059749274847,0.3978981203434907
KDC,2018-03-31,-0.1659050099688694,0.035418685409196106,0.053849108077084235,0.33965986434755324,1.202072994600216,0.15913468421862376,0.7288786542594767,0.6724392988754072
KDH,2018-03-31,-0.7143807139406759,0.324217368966999,0.0059434101118256985,28.94776906649284,0.07475001634239684,0.04606785161499567,0.6878651436479185,0.3794006226673054
LGC,2018-03-31,-0.08239736457358571,0.5787030807701652,0.5899149764732983,3.156423796734435,0.2650137396386241,0.024593494513389446,0.31758430078762423,0.858179742683326
MSN,2018-03-31,-0.2933191387584994,0.23055405013787766,0.1025856908869011,1.0174621318198414,4.193170702863489,0.135385773959905,0.3167863458728519,0.8192988906077295
MSR,2018-03-31,0.013312889033140715,0.2917382122085161,0.28084282808623107,1.111660747641827,0.8590421164140656,0.05591740781510493,0.4527702822882628,0.7788886720767314
MWG,2018-03-31,0.1937424951684233,0.05058597109307324,0.012686469487230057,1.932289571703454,2.686259055191809,0.9657193126320401,0.3071994390629193,0.5036694495930363
NKG,2018-03-31,0.07517155674590896,0.05874524456223595,0.03079292822695086,0.6656388366413475,1.0330620612691506,0.3911920267379072,0.33226829044275075,0.8441161514803577
NLG,2018-03-31,-1.0259190335586237,0.17245952125527508,0.0072321113208963445,0.28723276753302646,0.28002599575795206,0.07404623115340225,0.4832254523750607,0.11500479120765075
NT2,2018-03-31,-0.024710804998671457,0.13404441352294913,0.09677547037979722,-0.0,2.034986123869002,0.18787146380953545,0.48104449907639335,0.6681554238526735
NTP,2018-03-31,-0.2804943313536428,0.08239040938227019,0.08068033962673941,0.9157125704607612,0.4581611133208382,0.20369049147585142,0.5161273853836518,0.8726739292455643
PAN,2018-03-31,0.20258641924863666,0.08380782981205506,0.04127687948136987,0.2984716413952799,1.1478875950945227,0.25033957871955753,0.6508083014316234,0.5981902439928494
PDN,2018-03-31,0.021374571355091618,0.20490517359992963,0.0,39715829244.0,-22.7759193511603,0.1816711584306043,0.5118721008684517,0.7102418807986492
PDR,2018-03-31,-0.08989835003242101,0.4975437127417661,0.0038181935695460706,1.3093229972056317,0.0494925045443969,0.03624721467985334,0.27935359385898806,0.05243419358035224
PET,2018-03-31,-0.3092836064450812,0.03301896252867638,0.005692707620873686,0.9234697308125717,2.1406158535666697,0.4163960113666558,0.28095271240656644,0.46583016629654356
PGS,2018-03-31,-0.1717844410947628,0.018960450550792436,0.021270523240922743,2.4666932503067915,-4.0842184999181255,0.611367667235535,0.4161926518474306,0.024134513386869862
PHR,2018-03-31,-0.47814295623800046,0.34227947308582646,0.05730591654430872,-1.1589162664610142,3.839436177671659,0.08285788499947086,0.595477846876666,0.3576069252774359
PNJ,2018-03-31,0.2510623487148007,0.10474065738186596,0.002679594203527362,-0.0,1.3430314288616088,0.8844185692884451,0.6823023153453246,0.5226599756382849
PPC,2018-03-31,0.07944666036558264,0.13098376804626072,0.005439595095941478,0.1232522232605763,0.8558827159457757,0.24048373772095774,0.7340070524799198,0.492044239443037
PTB,2018-03-31,-0.11225635020506816,0.1014740853046061,0.05523009003906485,1.4271613477023852,1.0083076475586832,0.3744911518352557,0.44701556436204787,0.7561974143009261
PVD,2018-03-31,-0.41270727073828306,-0.17909821714812096,0.1426928499333883,0.047923565693130436,23.79309911245568,0.05433914338314241,0.6296603167319147,0.5266271298313877
PVS,2018-03-31,-1.1862359309263686,0.089707293195708,0.04555815974232408,1.197382468474283,-4.556026574732318,0.14892931643260685,0.5270930432592278,0.10607655479140413
PVT,2018-03-31,0.04387335994452717,0.1251981138985944,0.09773653973329159,0.8146064638788366,-7.065156140177309,0.1962253925430371,0.5181109004418436,0.5983622684949673
QCG,2018-03-31,0.7343057419375382,0.14054819322037596,0.019539319285408797,1.2166638009654926,0.13884265375443142,0.030662254131491238,0.36345546706870074,0.06955367492330652
REE,2018-03-31,-0.4528359570250798,0.48270554381784714,0.049986021098132,5.132013616526398,3.68036371451526,0.07494879577611517,0.5846897646661334,0.5050407212405033
SAM,2018-03-31,-0.3158255311294747,0.15148737713331326,0.0,1362797691.0,0.2972424204674268,0.12307545902074693,0.5990981399380738,0.8555426165516906
SAS,2018-03-31,0.047757655420082715,0.12041221661476309,0.019379412775404257,1.1186532520337702,-5.754590477946049,0.3250242423329687,0.7234865494849914,0.03206983379006511
SBT,2018-03-31,-0.3986799825861659,0.10025164493791859,0.059195060665639274,2.8115849389632093,0.3359587022958469,0.15383432752467963,0.3857029782325821,0.8307082532009982
SCR,2018-03-31,-0.19665479039992675,0.06750023253531066,0.0038157609109171673,16.51472145300539,0.24262769673661225,0.08607334988024343,0.357873459260939,0.315710881237462
SHP,2018-03-31,-1.0863108096524587,-0.0808080674286062,0.6852622306912959,0.0021895312047511637,2.1522158674275698,0.0260853248057676,0.4999607382503032,0.9745665411298683
SJS,2018-03-31,,0.7656053156345349,0.0,-0.0,0.04765217946213711,0.012386859075731699,0.3644320970891136,0.15907950790606404
STG,2018-03-31,-0.15054535737861813,0.08845045388692085,0.07962376490430532,0.8683319019442555,8.365888421093807,0.16758789567131374,0.6388265013329865,0.503698249597228
SWC,2018-03-31,-0.013917511116148456,0.31328575075153947,0.06286138670270099,4.409386308100263,26.867591664587874,0.07392336019989697,0.8558008218053418,0.3354693043880724
TBD,2018-03-31,-0.2576728410172562,0.08997806090452454,0.0,-5352020.0,0.38990277050907185,0.26905934190664677,0.22897532294612938,0.7417368213355631
TCM,2018-03-31,0.09487558187756978,0.08591208499003115,0.03298501804199987,-2.7050319512753034,1.3752908979935632,0.2922807422118703,0.37496505127780716,0.6710513820518733
TLG,2018-03-31,-0.019199763699995064,0.12785158074727945,0.03049480285573664,1.773890232826009,0.9507041491234777,0.3822556566810792,0.7211508939158726,0.4458672857428449
TMP,2018-03-31,-0.039663150266920535,0.5283194252374674,0.3907974550384512,-0.0,1.3395796478532784,0.11880317158384081,0.802955125692667,0.6573336867452041
TMS,2018-03-31,-0.2758614542805197,0.17147161851522302,0.019335960104557914,0.31404062957277734,5.490900970820561,0.1876585130549422,0.5470815336043241,0.6608363191148303
TRA,2018-03-31,-0.4233306055458194,0.14730931130378208,0.05670404281949477,4.740264657822351,0.9347642233888425,0.25237335414920076,0.7444128881967473,0.4012107939686915
TVN,2018-03-31,0.1028104937444065,0.0901804758125991,0.020421690641480736,0.1717281608624789,2.0208522707025818,0.35611662157054297,0.5785809672995996,0.5623001585835784
VC3,2018-03-31,-1.006939282230781,0.44304950758031164,0.07318531076250384,-0.0,0.20170121475528657,0.056062189055145206,0.4984404035249388,0.10322693080839411
VCF,2018-03-31,-0.5046706086191031,0.2437425084584396,0.03748223476386933,-0.0,7.52677521084249,0.43191201426052767,0.5318222006256638,0.4410079585306791
VCG,2018-03-31,-1.0223405625111308,0.08965013365539291,0.04230925781885243,0.47085820730549055,0.6807666466249311,0.08988934602024658,0.3756294279502121,0.3359996493544883
VCS,2018-03-31,-0.1371162789110628,0.2687690463388799,0.024424966676995032,0.5734713377098042,0.41316945087947343,0.2618454349205771,0.6469017734662817,0.7550817154501573
VEF,2018-03-31,-0.019588557559006025,0.6546812929998976,0.01752184989235062,72.67230495554001,0.02043309521390113,0.011369163046476595,0.9952371792806508,0.0
VGC,2018-03-31,-0.2135215412611588,0.10153679227043962,0.07459513113265896,2.1841478141453505,1.001819835838039,0.11495189847448475,0.42199951380977846,0.25086200116903024
VHC,2018-03-31,-0.17381584496477062,0.068923379791289,0.05800562082733619,0.5943801039110109,1.3391524479418742,0.3693081078857276,0.5768492409257203,0.6142297200130903
VIC,2018-03-31,-0.1429606612202903,0.12544454033442307,0.043701445069256196,9.528617731796357,-2.2393115427544967,0.13004757897192032,0.26590629378832986,0.3360397767629842
VNM,2018-03-31,-0.012163273822152279,0.25568357062002317,0.041546222762074196,1.4919142947082116,4.343461017330994,0.35259913317023767,0.7441803621742965,0.20254469868320898
VSC,2018-03-31,0.07665391715769768,0.25042110789376804,0.1987128715201681,0.7680460272751883,7.492779694780734,0.14788935597340977,0.7156813082982025,0.6739831091925627
VSH,2018-03-31,0.6029223553797001,0.7225995265916182,0.3022043472407605,0.04526594190436834,0.4605995424845319,0.03334466856201711,0.42594423390827757,0.9393552262573519
AAA,2018-06-30,0.5788501375699577,0.04521455402222535,0.027233870732458573,15.356408876170493,1.4665071892619337,0.3592547682720979,0.4452229521888555,0.8215588721543569
ANV,2018-06-30,0.09882157246367441,0.1561405463693472,0.0,-326705608831.0,0.6892480326351373,0.2774302376489115,0.442265409444128,0.8854648516859864
ASM,2018-06-30,0.80979093009498,0.21710554346358113,-0.007554449217192913,-1.0703301023329976,0.589688026285066,0.21702566257715572,0.5109129105194482,0.8016991161489186
BMP,2018-06-30,0.5607090940286131,0.15616182605690418,0.045494578162582525,1.0156946018088662,1.328757039763834,0.40450088468498735,0.8666077964228641,0.15643947269533928
CEO,2018-06-30,0.37407079560983025,0.23355199241018015,0.023692608847629405,13.06125662189715,-3.459382470164397,0.08515714766751127,0.3142585927354291,0.28985633112413817
CHP,2018-06-30,3.6802683333283563,0.4956342544765308,0.0,49877158143.0,-1.8536533239704318,0.05660058933698128,0.5822005879667072,0.8767126909181391
CII,2018-06-30,0.24389693641385882,0.26074435010709446,0.17333571661432312,2.1357951898189937,0.33184313547801975,0.049941762372298665,0.3460140837910052,0.7100008780876776
CMG,2018-06-30,0.13878073164216256,0.05494967338041534,0.03238354064537401,1.4699732066951599,4.477256802474859,0.36782838474246876,0.3940164757534234,0.31647322875214756
CSV,2018-06-30,0.16211198552350553,0.2087838564177095,0.018890677359382477,0.25121420738213157,1.4353619734331173,0.38639463451491274,0.7441747798319973,0.4650264427844103
CTD,2018-06-30,0.6359994449858571,0.06367598436676546,0.003138990993762212,0.4722654785958745,5.664296357242338,0.5480676457670351,0.4964321585174447,0.0
DBC,2018-06-30,0.18063599946130834,0.0860247508600073,0.042765872809546704,4.8935721332788376,0.9756610610132624,0.2195984968505274,0.33223448805409,0.7117972790135731
DCL,2018-06-30,0.06588876132827073,0.026079935548367825,0.04618590138584768,1.9797251967442284,0.4628493590842444,0.11736671643425968,0.44675536544381755,0.4104009994724513
DCM,2018-06-30,0.4383945208566023,0.10049499842217303,0.17730977641265608,0.36637172445560967,-2.374631976689997,0.15761357240006316,0.5049884344297999,0.6627174476749947
DDV,2018-06-30,0.2639909099282847,0.18358427960146076,0.050389815601167426,0.010959540934291684,25.204240387821333,0.3769366978696586,0.5963115198880328,0.49521087625458543
DGC,2018-06-30,-0.26598313241278954,0.10753016822707138,0.023143836667402287,11.863549170415938,2.5510581868108453,0.17028603450255972,0.9178150869999383,0.0
DGW,2018-06-30,0.08247821805880182,0.02584338789010234,0.001005260920027317,1.0028916636842222,1.3837657827773104,0.9448445447437256,0.4791233123128649,0.6590483770530331
DHC,2018-06-30,0.21106507964613694,0.2040016731158523,0.0,185948391106.0,0.8322621522394883,0.14684084383976542,0.4701820682521299,0.7260483723461391
DHG,2018-06-30,0.034528166004034716,0.20417641841390236,0.028614067675651715,0.2928025994453393,1.1525874354790697,0.22766635713896252,0.6910380470705227,0.5011066588537834
DHT,2018-06-30,-0.042173536371980416,0.07476907588173906,0.0,210098182.0,1.0578418137841494,0.5952431392243135,0.3889185798567094,0.5965952784871672
DIG,2018-06-30,0.606111001063882,0.14825887891838996,0.0,-1240532418.0,0.2012337791127993,0.10386457060099034,0.4645650152340729,0.5284417358837282
DNP,2018-06-30,0.18365308836021615,0.12122189007437917,0.1282277966703926,2.434430448934301,0.45448615947362325,0.10037533671119808,0.22640395313576644,0.753490385317467
DPM,2018-06-30,0.26287263435614106,0.09447851122248715,0.06107769193198659,-2.8818533507305717,4.700621213711436,0.2480421854181127,0.7258397838737607,0.3032294884838996
DPR,2018-06-30,-0.39029854248618684,0.3225034858976709,0.1331916747575373,2.055250408333341,-1.5867317652256956,0.05065732693915802,0.6934141753852043,0.22164366890551113
DVP,2018-06-30,0.2952831218413881,0.47062058311434,0.18295554401616393,0.021458207727779385,-2.9438725672912187,0.15429565881970975,0.8459591744749672,0.05939705713260729
DXG,2018-06-30,-0.5517878353846214,0.4835511277800278,0.01491340194206634,2.2480750129983647,0.15503515015581554,0.06269185133742124,0.42012723069912683,0.3747596662905528
ELC,2018-06-30,0.6129524640822733,0.04813493178614079,0.06759727133700273,-0.009320628385535792,0.2004370987294728,0.10190629506800297,0.7901997619915411,0.5425422636670509
FPT,2018-06-30,0.1284150439728002,0.17123100642666983,0.06146913821347922,2.300296723042655,2.9522267951032184,0.21359748937028786,0.528246686789034,0.5142347588060414
GAS,2018-06-30,0.09475654928459656,0.197919986667259,0.05186591608463635,0.21571062884302195,27.95522472239889,0.2982210691863734,0.6617542959043973,0.35867338172278673
GEX,2018-06-30,0.1005040763025715,0.09738036757015446,0.043292264747641765,1.1449304037346617,1.2322287062257173,0.20242638833268403,0.4737757024827502,0.7180770832331486
GMD,2018-06-30,-1.0027364618721475,0.40745487880225256,0.16166435340272048,6.381651380020173,4.617918253438674,0.07664858612143502,0.6589770473488962,0.611200467802138
HAG,2018-06-30,0.46613571950814214,0.2537809906097749,0.2202064021289502,0.3745814978330252,-0.7576311739352708,0.03746305864394147,0.33442004157452176,0.6318780654491758
HDC,2018-06-30,-0.3710292810044621,0.16826246294456054,0.011608714124171882,1.054299906270863,0.19940095032016714,0.12361174082725687,0.5301830856794391,0.8116506235588173
HDG,2018-06-30,0.6479901664864491,0.139350065016046,0.07614854421111839,2.7393921022101666,0.17448062828700228,0.04773551628726738,0.22528076829704954,0.2851081927276897
HGM,2018-06-30,-0.28154591938427204,0.23883210463988805,0.13352026975406558,2.030509687600613,-1.5316933730878122,0.10740192470752957,0.7957467867501934,0.0
HHS,2018-06-30,0.31002100953010603,0.13019068608540196,0.0017852483452145261,-733.8740544830767,0.6231608638003953,0.11474185222024903,0.9095423924484481,0.0
HNG,2018-06-30,0.5947278598760528,0.1540476940537292,0.263647857881947,0.9424031849581918,9.745132892601895,0.04349256299168357,0.378932249973829,0.6755935848858463
HPG,2018-06-30,0.08957901944955982,0.18765265130125905,0.047098532357839194,11.807748207573347,1.224228597671153,0.23284398415728938,0.5900100208272973,0.6484530307556393
HSG,2018-06-30,0.2982568309107006,0.027648868840646088,0.027843593171731476,1.8685037097066461,0.9661919194542843,0.43763835677319746,0.22242851905733,0.8637494658651013
HT1,2018-06-30,0.18301618321895874,0.1682449150703457,0.09988355681967394,0.24243759497642645,18.29688017780951,0.20500925508744927,0.5019770811936508,0.7577881176171466
HUT,2018-06-30,-0.03523654810191778,0.250015280516854,0.16591410836201262,6.431106067335933,0.2781893089182618,0.027600016130948986,0.30083284790713827,0.7331821462989295
IJC,2018-06-30,-0.07809792277560895,0.34069312624958475,0.043488001504105936,0.057631628453270245,0.1371024730966691,0.04130750631674263,0.20516083783162853,0.2678344189854942
IMP,2018-06-30,0.022548149869194633,0.1487801475722663,0.03384540824552341,7.720438890229027,0.5476744626814903,0.15828587949000253,0.8683211582659687,0.0
KBC,2018-06-30,-0.5836347156811523,0.3754520897431065,0.03370625553701299,0.1936114796766976,0.032969901445481294,0.023131830786966474,0.5777250009812833,0.39749704193634045
KDC,2018-06-30,0.2354262564317883,0.04058802182770619,0.030668434072835375,0.2608999416302327,2.5488154529363793,0.17553165481205427,0.6825886723804014,0.4980432692005544
KDH,2018-06-30,0.4332689598531278,0.27885971307467133,0.0039561820854613775,22.545972428775872,0.12007425473488618,0.07175627253455648,0.6836968716721568,0.3410832650005821
LGC,2018-06-30,-0.04411606963975887,0.6449513674420477,0.6961091190618094,2.531997559637039,0.17256200895242504,0.02326224823976833,0.3193782902314987,0.8838592988101815
MSN,2018-06-30,0.2493577627697785,0.3053114578220909,0.09151567329072209,0.6739734856798154,6.122509140090272,0.16737574267644129,0.34318701091673304,0.8242965877771394
MSR,2018-06-30,0.16353580178052377,0.14893628106828283,0.21119347192989515,0.708107179460862,1.1193462759146826,0.06404674072250668,0.44965045686378025,0.7594550192462062
MWG,2018-06-30,-0.04304012971075863,0.04905518762812067,0.013856374482040794,0.7769907021377255,2.9723626502613665,0.899051509409662,0.3087320162412137,0.4803496661000129
NKG,2018-06-30,0.17970128043308636,0.04611443842140426,0.025515733014056925,1.7933832916901515,1.0059539685948653,0.44674682880514244,0.32556619759746314,0.8584778037177262
NLG,2018-06-30,0.48547884597067914,0.32695651412042687,0.005601359589521673,1.5968685645578544,0.3716401634401455,0.10914021326196,0.5175920041407974,0.25555056625230826
NT2,2018-06-30,0.0030538241996124404,0.15067899739612595,0.09937979138805565,0.0007241753450584491,-6.728552626012211,0.20441827009489658,0.3662569278360198,0.4974219160797782
NTP,2018-06-30,0.3870354491111027,0.12270245840878659,0.0026847066655505333,15.462900166132515,0.6875661065525532,0.27754479813670846,0.46531886998282723,0.8172698944362609
PAN,2018-06-30,0.04127196798071473,0.054740336064321445,0.04854816241879749,2.085790448950586,1.0726206349320986,0.24756656616280093,0.6051024739562011,0.6655931973881951
PDN,2018-06-30,0.14845787286787943,0.22908547417431582,0.0,10012530572.0,-3.584325248777241,0.19512688536835923,0.4769932852665942,0.6626423871251856
PDR,2018-06-30,-1.0999449964815862,0.7326779362879587,0.030617590930678028,7.836485016209046,0.01705695959437655,0.011425703609329112,0.27821836144685963,0.11005566157968953
PET,2018-06-30,-0.06513027605919985,0.025308000841115185,0.008683105344803675,1.041566658964877,2.147454567631425,0.41118791760768414,0.27959065701733826,0.5060628047884655
PGS,2018-06-30,0.10153660862729481,0.02380962199072999,0.020920103494122842,-0.0060390263440632825,-3.7403148714852046,0.6546613289374941,0.3950019644951814,0.018607321513271977
PHR,2018-06-30,0.08751202699399849,0.41915631502219397,0.09700328002803851,-1.8287617772380649,-6.70007331818303,0.08482690423743289,0.5721885066795013,0.27478741037737703
PNJ,2018-06-30,-0.2532286237653239,0.07417470903213118,0.003398086467390521,-0.0,0.953955280452535,0.6221665813857742,0.650738152786847,0.5740307519956447
PPC,2018-06-30,0.21449762945824655,0.2830751739019864,0.00503557639548319,0.018929916102197547,1.1677261387779425,0.29016209927706244,0.7217233983666999,0.4433092040611309
PTB,2018-06-30,-0.005187639232349287,0.1335106340018255,0.04124980729249475,2.406429137812636,1.0050420535535112,0.3293649248167455,0.4864539130831718,0.70422045989408
PVD,2018-06-30,0.36970050153749523,-0.021660831640447936,0.12931783613143016,0.1319474692758313,-34.36162648053377,0.07806649646214753,0.626456760026934,0.5180445512502432
PVS,2018-06-30,0.27123568186409747,0.058207696839338276,0.03431396044963096,0.32546435548402985,-3.112946216541074,0.186673228490939,0.49811574173366674,0.08213490921188035
PVT,2018-06-30,0.20542693115878047,0.13622782190136967,0.07156293033483421,2.1890664912539175,-2.8180354990614207,0.2269615743480329,0.4765155474912415,0.5376649530053689
QCG,2018-06-30,-1.166177410564764,0.17921124716519762,0.18654425269702452,17.893974120052995,0.05072845552935492,0.009413398864519555,0.343138222365548,0.07656955082449321
REE,2018-06-30,0.246074331518651,0.4993972537489608,0.06834934986606167,1.4671662692059753,1.603354483244017,0.0969015235892068,0.6278649398325299,0.5796112608605337
SAM,2018-06-30,0.1260992403316799,0.08725068659171593,0.0,-9732022727.0,0.302216011424158,0.129957507096838,0.5682596167656907,0.7487049230922811
SAS,2018-06-30,-0.014919671776824127,0.18577265673373464,0.02151490379104584,-0.18338830021552055,-7.092270236272255,0.3420890703702591,0.7326380027248931,0.0
SBT,2018-06-30,-0.2212163828569711,0.1687706431783318,0.08413627050236631,-1.6062586981294131,0.3037393933985912,0.13175346716462807,0.3446090351222175,0.8869018542681287
SCR,2018-06-30,0.24294140058742103,0.2194562826551147,0.002653507262810674,-145.0880138460747,0.2504839328927384,0.10499249734374975,0.43320281998523363,0.36688737017484696
SHP,2018-06-30,0.8698838248863305,0.45623424166566884,0.5708157272056468,0.23947460485634042,5.524385153626343,0.06316329145847889,0.4534684564772614,0.8816211800842946
SJS,2018-06-30,-1.7185412276123988,0.19560082035869494,0.0,90907412.0,0.009320102779276225,0.002198401995349192,0.34348050780394407,0.143192992643529
STG,2018-06-30,0.08345751641324174,0.1392103601602329,0.049232891235692924,2.9856595884044093,11.385918135068188,0.18055735697786107,0.6300016849594431,0.5003548448280841
SWC,2018-06-30,-0.0627177460946648,0.33402681632535663,0.07942835287751224,9.815788334136265,-3.6518415823589656,0.07592386242716914,0.8452045208387199,0.31857984926093885
TBD,2018-06-30,0.38474337085907595,0.0381449751129186,0.0,16318432124.0,0.5830381588010045,0.37348157993820424,0.20002550804833713,0.6979152956266838
TCM,2018-06-30,-0.022533702581376616,0.12083408751668952,0.035035646960716385,0.6425550270828159,1.0241228433626635,0.2721262900335695,0.36939558487756247,0.6483940846046997
TLG,2018-06-30,0.3428030504965597,0.16381753386798328,0.024287315935395615,5.379493098896061,1.1715273472166945,0.45108106872367004,0.6602006498981475,0.43599880844696
TMP,2018-06-30,0.4411905107795133,0.7003409073581403,0.22500741094405488,0.11556988444031562,2.1775026474386086,0.1777982403262089,0.793005419007698,0.5798692948036019
TMS,2018-06-30,0.27180412616329647,0.09383725238197807,0.046641076139043454,0.4704509281741125,24.65014195615916,0.21370958689456573,0.515217112918706,0.6519245309089764
TRA,2018-06-30,0.16901785166227284,0.0654715033127675,0.053833107531798076,-2.8365303289055626,1.0607745596554106,0.29056772918967416,0.7377687021578534,0.4163775938964061
TVN,2018-06-30,0.32595873354248445,0.04716302976513252,0.013839352479023046,-0.0673276164150628,2.826691035100478,0.4958868097199889,0.612317310286609,0.5406103810573548
VC3,2018-06-30,0.9753811810647945,0.07915936613685401,0.013753688519071612,-9.52965028132925,-42.812760963098334,0.11564717842270036,0.4267090631205044,0.08313165897431335
VCF,2018-06-30,0.006342250581676203,0.2481945930314439,0.037632918160448246,-0.0,3.889227126363038,0.41445969659046944,0.5894534513291633,0.4819761385053435
VCG,2018-06-30,0.30569586716179653,0.08545434879182237,0.025528102741263745,2.2607560742847284,1.2379016735430175,0.12269348230967245,0.37298904878514494,0.2978148664814239
VCS,2018-06-30,0.2092631107286702,0.29863855660051547,0.0,96249087205.0,0.46116325750309856,0.2787586281214874,0.6288408373918367,0.6827663440149941
VEF,2018-06-30,-0.3171600333658387,0.632451756589188,0.010944924939354192,100.69964414235676,0.5273000729679537,0.008249048633633047,0.9957918933280011,0.0
VGC,2018-06-30,0.21711372821962627,0.15018451819518064,0.059455568583469426,4.489620302162595,1.3248048255851315,0.1391906660680677,0.42032006411858797,0.2533310066111492
VHC,2018-06-30,0.21712534159186267,0.18093938450148206,-0.00697040170257928,-0.446488618820475,1.4477877301798168,0.43452949194502577,0.6070693702275866,0.6003355922044763
VIC,2018-06-30,0.12715964914482872,0.13921395355085045,0.0423292662072656,6.9449345761775,22.806543536937696,0.13263682167239077,0.34933653081041827,0.29496381456152454
VNM,2018-06-30,0.1145255418366971,0.2275160831631655,0.03665030633886063,2.749396369729397,4.366215551969668,0.3860432915489681,0.7333737163514712,0.21156360269132488
VSC,2018-06-30,0.1592316562512576,0.28168945031511317,0.18056693496477175,0.6606473131279131,7.30649557608974,0.17230635172240882,0.7246229188615007,0.6320336550889099
VSH,2018-06-30,-0.2585855025539464,0.6459593899539021,0.3104352401922496,37.52777590754837,0.4991143228845636,0.02504138167259062,0.399932944085031,0.9388748285404401
AAA,2018-09-30,-0.05185300515231511,0.04467283929205824,0.029154363922957796,3.525509673238649,0.9004794928707056,0.3311138259067208,0.4378338664320443,0.8224539353152388
ANV,2018-09-30,0.1754395998327138,0.13262037891498638,0.0,-753155042.0,0.9115170043462408,0.33787377466102025,0.48785364280061594,0.8460438481629247
ASM,2018-09-30,0.059230432002897716,0.10775084769035545,-0.003908801093074098,-15.517010397359714,0.6489189710369506,0.22536335081182923,0.5161225515891192,0.7723837612784652
BMP,2018-09-30,-0.08253548274435714,0.13925401012914815,0.04991080344288152,0.3707337114082824,1.010535250024548,0.3668471237140741,0.8950499444452141,0.1954987932869248
CEO,2018-09-30,-0.14047214129263022,0.2562871130417576,0.03852351164460774,26.78723328476689,19.633255605208912,0.07015885837188622,0.30832145104241904,0.2781825168433489
CHP,2018-09-30,-0.9562795275005586,-0.113112554419244,0.0,26665578573.0,0.7371561525357849,0.02294265235310603,0.6043855690323697,0.9258926486194577
CII,2018-09-30,-0.29629442698670416,0.34301593080668735,0.26942548770411295,12.18060819196893,0.25189260708287764,0.03629358435939179,0.33793880867965825,0.7276665987768329
CMG,2018-09-30,0.06480673756741191,0.05950104601588205,0.03315013823906177,3.973662275832775,3.44273144950701,0.39111175369474477,0.39350339917767385,0.37392988843793123
CSV,2018-09-30,-0.06718005774964463,0.20273555313999891,0.017910347755163914,14.342137295328362,1.6072761238271671,0.3464147200607986,0.7302680899467695,0.3809646025815664
CTD,2018-09-30,-0.015817436723245926,0.07163329962934131,0.003204603180164708,1.8170046280804812,4.773065730676164,0.5473802844010489,0.5350594807483854,0.0
DBC,2018-09-30,0.12928516681177693,0.1107532348174312,0.039389316988152075,3.0724799233271964,1.078009256906244,0.2443605024044354,0.3450279972814403,0.7311608125078742
DCL,2018-09-30,-0.035391607733224285,0.04307560883185308,0.05917191740150202,0.7720939998445503,0.4075346264099554,0.11534848896257835,0.4211490917395764,0.40674889723271695
DCM,2018-09-30,-0.3418087740610455,0.13163674005785322,0.2590355023298935,0.1636105853162297,-4.089848364743281,0.13621024652400698,0.5821983066265138,0.6201477904331602
DDV,2018-09-30,-0.8758087035856505,0.03167932461686893,0.09369667239270654,0.15860248362302318,-16.063128259945966,0.1656060506763303,0.630786529206335,0.35139427516868116
DGC,2018-09-30,2.485599504580272,0.1705896456981925,0.11907618659600977,0.7631607402943869,1.4358232565110465,0.33421381047158816,0.6420665522384044,0.6173140902584043
DGW,2018-09-30,0.2396848025374819,0.029440733962316643,0.0005653520577064355,1.3003739369641156,1.4059003871722804,1.055103893882476,0.4420218679770325,0.6953273381761562
DHC,2018-09-30,0.020822607943257136,0.19651578928932473,0.0,30878951010.0,0.6017621665948366,0.13903320139586028,0.4583248941038677,0.8232037318157702
DHG,2018-09-30,-0.1162721983172699,0.183917831602248,0.03152172940874314,0.4071816471415043,0.8687229225562143,0.21029521462204676,0.7189819743303952,0.527349817070413
DHT,2018-09-30,0.28651637244316297,0.056309092627813674,0.0,12532473810.0,1.2901747318328836,0.8468797016637709,0.4497411201189986,0.7089723129977805
DIG,2018-09-30,-0.027169704460399933,0.10435879739580518,0.0,3213423685.0,0.19695199203524474,0.10064501849469097,0.4687590116850276,0.5012369678616999
DNP,2018-09-30,0.02094797194662019,0.12434305003019862,0.08439516687616673,6.668610818038467,0.4231818700777481,0.09675402914870988,0.2608985454429133,0.8062833023004579
DPM,2018-09-30,-0.21082133817494095,0.0955779937313754,0.08607992906348384,5.511084746132292,4.551276843070988,0.1906505076625516,0.7010033128361519,0.34347301181626333
DPR,2018-09-30,0.2790442927139604,0.20565457281781413,0.10820443161358079,1.6871669807845202,-6.231670648044448,0.0670282717754095,0.7036984569956279,0.21183241774170644
DVP,2018-09-30,0.037565212231880744,0.5206305226210511,0.21559417890751295,7.072855319538744,-36.18316557563071,0.15954062619992554,0.9193752676617336,0.05649795114714698
DXG,2018-09-30,0.5147215225964535,0.3644863624259044,0.008320920943380897,8.738512640623366,0.25125398423112766,0.09693226058494749,0.4169436386427516,0.35929404103138873
ELC,2018-09-30,-0.06728404091220976,0.019912035484086786,0.0,4956762661.0,0.18386583176104168,0.09440838484385806,0.7844767063357981,0.670247976424685
FPT,2018-09-30,0.09485770299555145,0.18024522596549908,0.06138584547914327,1.2080196586289602,3.489470955920596,0.219840997651405,0.5044291461500179,0.5043711457129395
GAS,2018-09-30,-0.07256111548920899,0.2208303974611373,0.03754148480008045,0.24114199019422206,24.608114237447126,0.3095079553142508,0.7255248878195122,0.3799541230263892
GEX,2018-09-30,0.15809499515992007,0.15021253699025386,0.042955853873501246,2.7970344433566443,1.473671798025831,0.24679048162191766,0.46695398932039484,0.6534050510327526
GMD,2018-09-30,-0.06517985832999247,0.3290997287715602,0.19122725114871938,1.8728891163090569,3.649481598001462,0.0714902304565318,0.635178580159469,0.6642805763212347
HAG,2018-09-30,0.09479994362049342,0.3526678381014728,0.09365534237104663,15.796341623756412,-10.88238784007897,0.046907329602118894,0.3520015650293773,0.6720679396901027
HDC,2018-09-30,-0.751933648104492,0.08993688362834032,0.01994834244515739,-6.082122262331093,0.08535044284005579,0.05476467721879867,0.5004878303728943,0.8055405458208862
HDG,2018-09-30,0.42826354582071,0.2343664046116177,0.04478117460789374,9.077247458919143,0.16000542989393474,0.06796590411686514,0.22804336545289253,0.29468778333555523
HGM,2018-09-30,-0.11371554212395898,0.28413057542515274,0.12644339517743475,0.1925756051650348,-4.397106060969575,0.10063446160272832,0.8606681394765804,0.0
HHS,2018-09-30,-0.12009799821980516,0.2509153968202357,0.0023374785204143956,360.43162998731225,2.151281201633221,0.1009474161391845,0.9181933893357836,0.0
HNG,2018-09-30,-0.16588274952528176,-0.04228493305282903,0.10752151052872698,4.490690495107112,0.8028967960317613,0.03589116989200071,0.36058199843738103,0.7469115661566217
HPG,2018-09-30,-0.00743187748346394,0.20838213209491688,0.05257082380590656,17.82412848703632,1.0611938390476345,0.20466440465088118,0.5568068073209311,0.7092356364055887
HSG,2018-09-30,-0.17045168571994226,0.014230284678500344,0.03155253449597866,2.181928822930411,1.0206220014841862,0.41054276451278565,0.242374445854704,0.890620481304183
HT1,2018-09-30,-0.09448933954701848,0.10652919592885808,0.10118452725844557,0.04520014444227885,-3.649215081249019,0.18334048656588056,0.45213938559087574,0.6856718252129317
HUT,2018-09-30,-0.1994456717367884,0.36798098362474585,0.11846402103550727,5.9978021910743395,-10.367119747261256,0.022771186330446214,0.30660610587343434,0.7179973749119103
IJC,2018-09-30,-0.1256418081675573,0.34946238417076253,0.050372029299091056,0.1994196276306126,0.11844836077423573,0.03664214630670881,0.21516397530071543,0.26428519000048717
IMP,2018-09-30,0.12285802648649846,0.14907046477492455,0.030327763395507835,3.819054108068615,0.588319338004631,0.17656249117578646,0.8775723787952064,0.0
KBC,2018-09-30,0.5991690557176542,0.5214379766743953,0.03208713816837763,3.0340803320358636,0.05956784266734706,0.04115744287966545,0.5789731824546737,0.3865509276278169
KDC,2018-09-30,-0.08337763663786256,0.035747833121581085,0.036483678689234814,-0.1077258926308041,1.5751906243245464,0.1625458217330915,0.6879230300249989,0.5656727241204136
KDH,2018-09-30,-0.38234724791250835,0.5093579376325549,0.019739240012478808,7.260712174003996,0.08654530508073834,0.04679506563043921,0.6499056751693792,0.3066871184644441
LGC,2018-09-30,0.06934448862754126,0.6109769546846369,0.6068916302634304,1.0693182070597564,0.1810980500278131,0.02466714328942684,0.33564681355355014,0.9063792879625477
MSN,2018-09-30,-0.14381490072692413,0.1993980250317494,0.0889567783417572,1.1357661941147863,5.703233332127194,0.14347527975541938,0.34363551358424343,0.806308151628141
MSR,2018-09-30,-0.1567755997595105,0.22407059117535436,0.25311686099515207,0.9372665581732086,1.1278494388652964,0.05494271965169653,0.42884301079749465,0.7258162083771457
MWG,2018-09-30,-0.041160334080911846,0.04588169180256119,0.01607942043381231,0.8537591158323328,3.2624629841304187,0.8221426385266101,0.31952672726187403,0.4991327962092811
NKG,2018-09-30,-0.2045733341564633,0.024419244764941575,0.030833208643889283,0.9686892673272905,0.8307219934607181,0.3782050562568404,0.33826073611380386,0.8871457749047904
NLG,2018-09-30,0.41141706474564177,0.41897417459591607,0.004306185989547749,-1.0317485351132245,0.7036570613259403,0.14674709322061702,0.5107505515663443,0.23323115527978394
NT2,2018-09-30,-0.22733075203529995,0.03198758684768684,0.11065973542840016,-0.0,2.927751811738834,0.1984503790774217,0.4493628219049998,0.708487225842143
NTP,2018-09-30,-0.08154730940192309,0.09621484014668015,0.03207348109196581,3.9963956728646903,0.6162834177177111,0.25408507209668096,0.47829081350874103,0.8432555018255922
PAN,2018-09-30,0.02894015456388225,0.06660195388114207,0.03842952816127295,-0.9648930780704772,1.0840431144159606,0.2116881360052995,0.5981955329029228,0.7057715126340435
PDN,2018-09-30,-0.04665125559491207,0.24690670003326162,0.0,10813858625.0,-5.113204318469208,0.18020800448841842,0.4971389291345298,0.6894900959355647
PDR,2018-09-30,0.03457889067281806,0.7928337072278149,0.03852239803551942,8.85235049155761,0.01688084683451247,0.01155602991327064,0.28091732488829013,0.12773861216866222
PET,2018-09-30,0.3058694033736398,0.02140371202338357,0.0030401865518914608,3.328484828427342,2.5390774333881145,0.5078391569512565,0.26035794846986654,0.47840426975294986
PGS,2018-09-30,0.11984645900667447,0.021902786994537255,0.019573698337845776,0.6846380979063058,-4.3286331793477055,0.7258447956845115,0.39806070504663443,0.015975954743828104
PHR,2018-09-30,0.32803846818584387,0.41395951745616416,0.05758053447443028,-7.375092866521219,3.1191903243987404,0.1123751486920813,0.5813223460247752,0.2382036747054577
PNJ,2018-09-30,-0.021193987963267737,0.0750318724463325,0.0038631209480192294,3.748765919850905,0.8784848636679923,0.5749415461364198,0.6170621382928808,0.6217828298585941
PPC,2018-09-30,-0.5642128059717868,0.16009794555149331,0.007487841118093115,-0.0,0.9248146801855675,0.16601892152866565,0.7466686312418507,0.4852287924089626
PTB,2018-09-30,0.23355320604409788,0.10224825844651189,0.04352658115081487,1.0835830322120446,1.0427344973749135,0.3868636085721679,0.48097921946594874,0.713958383813244
PVD,2018-09-30,-0.19594271060032184,0.1158708875358678,0.19045880679585678,0.2274276279040858,4.271799830079434,0.06391572870967822,0.6360993138213352,0.5307572161223822
PVS,2018-09-30,-0.156500230444132,0.06516254583166882,0.03923110161759485,0.39628827974899616,-1.8994648336019748,0.15984647898368956,0.502862543105366,0.08182243819473785
PVT,2018-09-30,-0.22297544439512826,0.1044462171295488,0.09363368346551573,1.815631111554725,-11.077384480134274,0.1827081483812076,0.4908213559353612,0.5769818492839054
QCG,2018-09-30,-0.2472219044639334,0.08671890022848189,0.10796910177642186,0.5629107793050933,0.04294060928138818,0.006914783456967732,0.3239121713243121,0.072808867793933
REE,2018-09-30,-0.1203288647769336,0.3228781096492413,0.05011582488583958,1.1068826897090163,1.2754258537639853,0.08302474417396717,0.6276437338400982,0.5652855501266587
SAM,2018-09-30,-0.05862377069269359,0.0746107770783963,0.0,-40437705776.0,0.2868080747913495,0.11697697285112245,0.5415601880117172,0.708823900524744
SAS,2018-09-30,-0.13005697165122096,0.094491034190589,0.022066912064653377,1.1928513622367853,-5.048834139612418,0.2869703314750624,0.7227809199761619,0.0
SBT,2018-09-30,0.18673293808334912,0.07176142376403587,0.05913232294463134,0.47275424243734276,0.3718350422530091,0.16222386159203525,0.3567809847903752,0.9047504737161152
SCR,2018-09-30,-1.2241438718092184,0.2946993056839919,0.010875104151333716,0.6369708409569481,0.07291959475409779,0.030614348911911532,0.43400662467052065,0.3792490160758601
SHP,2018-09-30,0.4475272868303315,0.6014116593054467,0.5013539690836518,0.17930201692802947,5.524930631399909,0.09704104750268357,0.4914217691936054,0.8896366549454803
SJS,2018-09-30,1.8938972116471484,0.11510718000797458,0.0,-494562936.0,0.06026467349314834,0.014556291334376097,0.34380084256870475,0.13732580130884384
STG,2018-09-30,0.1053603568292946,0.13637854568060057,0.044821004796174374,2.205718150890587,11.253387896585933,0.2096153169118259,0.6799089279833556,0.38197569160134237
SWC,2018-09-30,-0.18531255548020237,0.39616317942276935,0.12605510794364733,9.352368799793553,-3.6735653778843287,0.061619644349705814,0.8456768859394611,0.30284464454529364
TBD,2018-09-30,-0.4108614614411177,0.09646873614633523,0.0,-804004.0,0.4046222112184264,0.24114631436046466,0.20589698778823734,0.6571590444067045
TCM,2018-09-30,0.3765686081456636,0.11069097244350184,0.024157137948323065,-0.23022390791883018,1.3498600577632356,0.3805073310033141,0.38470677178895946,0.6333949277302817
TLG,2018-09-30,-0.14691881224046516,0.15268815849081432,0.0300474571542884,2.1200133021794185,1.1400070361054049,0.3894478811272583,0.6693408153934011,0.34082047107679436
TMP,2018-09-30,-0.13906758424858207,0.6155431789038547,0.12986239595867832,-0.02903054561186362,1.9831454135996593,0.14044870955763866,0.7882805401015851,0.5020629703872981
TMS,2018-09-30,-0.01926891311238534,0.1618623497487335,0.027544604461883972,1.596571650997259,14.167063236322045,0.20253466673166834,0.5183096011387088,0.6548300786781897
TRA,2018-09-30,0.0787313224967245,0.11585317752828407,0.0427590363740898,1.833340912823035,1.034986125770879,0.3098856640359543,0.7547365814669159,0.5627781719113547
TVN,2018-09-30,-0.1683569414448487,0.032590521774986135,0.016191280453352896,0.07473448738141386,1.7687689957316453,0.39254269572487993,0.583456195347216,0.5821082532683299
VC3,2018-09-30,-0.8423516104878164,0.09247929953683562,0.07560516557132865,1.3076491356509818,0.3547723844857502,0.05598370210821786,0.4396192667480098,0.11276210156781999
VCF,2018-09-30,0.08326720613436041,0.20874102537483752,0.03283650543740694,0.032053018372263584,2.4184523492404995,0.4048699969810143,0.5974492995592131,0.5371429971622281
VCG,2018-09-30,-0.07727442507463102,0.12249525577373538,0.03991016027607693,1.5989203407025183,1.0094733285102921,0.11362541349667586,0.382608438002919,0.33071183569673823
VCS,2018-09-30,-0.1079936492042857,0.30056330461095854,0.0705805364434728,0.5110899473199754,0.3808763541954362,0.2570349223455063,0.6714985461793067,0.8032893825688292
VEF,2018-09-30,-0.13408297739136282,0.5803852206365873,0.004654165503848873,265.80898824544795,0.4982430639446943,0.007177274959662283,0.9939861110510405,0.0
VGC,2018-09-30,-0.003968241404539466,0.11276203963619998,0.06480880831713114,1.2610189003545953,1.243722143075657,0.1428699367608522,0.41660559201546016,0.24513693324098065
VHC,2018-09-30,0.21118339200524305,0.2566077059445672,0.012693632086342416,5.7642783339312365,1.4613966137204148,0.4679067033714029,0.630815515257497,0.6168496993158457
VIC,2018-09-30,-0.23594350112521945,0.14133455701592634,0.05148503323633184,10.496864690136935,1.5797090067824373,0.09725137059323272,0.3657691341721139,0.4084709452002474
VNM,2018-09-30,0.006607481949287551,0.2166238192773735,0.03723395115515403,1.7051920109109635,3.9807231807845396,0.4132378881463119,0.7626485712096226,0.14890166593204968
VSC,2018-09-30,0.04435485584106977,0.22442892710055243,0.16381149677827234,0.5476408371950415,11.499880340664388,0.18155949005302888,0.7439172490270509,0.5584281643584962
VSH,2018-09-30,-0.8387054958042134,0.23315460248840825,0.324857154149218,-37.99657531656267,0.21497550509567043,0.010407296406742343,0.3867276207379961,0.9459088847660603
AAA,2018-12-31,0.008402252869363818,0.04681917940969049,0.029332893627238517,8.014558608898557,1.1691883244965544,0.2964898150010065,0.39582735494796256,0.8431041810673167
ANV,2018-12-31,0.2653420137012414,0.25423583975996933,0.0,372805985467.0,1.1164909195191717,0.4090311268201924,0.5395660164617968,0.7994033675578627
ASM,2018-12-31,0.39740904345070255,0.03508023992409393,0.037243429813566965,-0.5630225653649574,0.9892813415103147,0.311083709739829,0.4824125805084565,0.7214641892696325
BMP,2018-12-31,0.14874468145670997,0.09324862374256669,0.041775775616267365,0.26722058501564594,1.3229254766877911,0.4212423991897753,0.8731732884620196,0.16446632309946704
CEO,2018-12-31,0.49502541563405045,0.2287950304365398,0.022174135631048066,22.94291118510314,-20.394221957496733,0.10678590208160618,0.2934143387768436,0.28534844251381075
CHP,2018-12-31,1.4244632324525475,0.6564903938774181,0.0,3024932861.0,1.0802041244091964,0.08971847155943524,0.618076819612692,0.8997662506359266
CII,2018-12-31,-0.10633362041405911,0.35436626387488784,0.3078740918152396,-7.635273133532675,0.23479369197954558,0.03354557210077672,0.3471755148832083,0.7281475281527711
CMG,2018-12-31,0.12971749810048372,0.0631744174387944,0.028720529101581516,0.31983296959332713,4.693480725434821,0.4093747908641729,0.38138020889859603,0.32502562061682116
CSV,2018-12-31,0.08937549149824943,0.18230077715476625,0.016445301219177443,1.7456347731254809,1.4870376815733335,0.3962087923441169,0.7623082951135655,0.3704818815141602
CTD,2018-12-31,-0.04428987643410536,0.05033483217764206,0.002681022007994805,1.772126865663856,3.930742740109136,0.47015352800581117,0.4733082018178838,0.0
DBC,2018-12-31,-0.0011449028271085658,0.09167834558733012,0.03991990482660759,5.666564852238837,0.9911553432701865,0.22292012091432428,0.3289250292050028,0.7134358132584252
DCL,2018-12-31,0.20771849849510196,0.08157156737282434,0.04744822906948943,2.8894318979355007,0.5056595087314836,0.14463275596487674,0.46514131069255277,0.43298888371409583
DCM,2018-12-31,0.371661948744883,0.06564023981165984,0.16822877596201083,0.35716842899945345,-5.60991740536263,0.19044305115501506,0.5685271191820664,0.5682401857446977
DDV,2018-12-31,0.8724837810513254,0.0713159191883655,0.04083524190743194,-0.16045884146066594,6.73101571752785,0.3772178914950158,0.6251451237452719,0.4176905317627005
DGC,2018-12-31,0.13879174259491714,0.16155349030685068,0.03971669802308745,13.059872989276519,1.4749968904798794,0.36818665448254306,0.6705541517912745,0.724976761831439
DGW,2018-12-31,-0.10775052172180859,0.03451828814251682,0.0008658229714280546,1.250522081975385,1.094700346967117,0.7084079567783685,0.3448307906353141,0.5749093877987288
DHC,2018-12-31,0.016392566631011317,0.15774681971357066,0.0,57567908327.0,0.5966187795424666,0.13942344107240573,0.4690743863804664,0.8859516975698828
DHG,2018-12-31,0.37604717645374786,0.1810552056251852,0.021553641219281567,0.0551319606418596,1.0720210446106206,0.29788630769483837,0.7475190586235925,0.5252458641847828
DHT,2018-12-31,-0.17252978485614656,0.07206528703564904,0.008336670179984584,2.0823549371473744,1.1956982150190714,0.6691727716892352,0.43184045527673404,0.5379209445853359
DIG,2018-12-31,0.36202776180993657,0.2555374764959288,0.0,1491887659.0,0.2993788928146647,0.13587116881927097,0.46675256418593913,0.44528066703975916
DNP,2018-12-31,0.3460066332974671,0.07411236222564921,0.09916765914485591,9.211665510077134,0.6489725524529857,0.11577751469523223,0.2630212022952876,0.8135929626600267
DPM,2018-12-31,0.0716834340996042,0.102195175129546,0.07160221798932065,-0.47944266985346423,2.0039943867317676,0.21386772262020617,0.7414064540228167,0.42853198124629455
DPR,2018-12-31,0.596026894647686,0.17393801169294595,0.058189858436551056,2.9396101753789226,-2.1560746709487066,0.11862014201688388,0.6607431641645309,0.19019326440676165
DVP,2018-12-31,0.012867947088613064,0.3540313965580462,0.0,8729376300.0,11.135979127860692,0.16621427178541537,0.9128305799296518,0.0
DXG,2018-12-31,0.10141952271423861,0.6299866495991898,0.011105702551107365,7.037612648235716,0.24690735255173407,0.10465195791522525,0.45244988043848644,0.37996287462594824
ELC,2018-12-31,0.5976620446113152,0.03341329760154829,0.08008544380407201,0.1293436143345776,0.34123693378073094,0.16310832883674833,0.7498719819477214,0.5194350489689579
FPT,2018-12-31,0.14758996781037242,0.16622291643833487,0.0492626350815574,2.7791209128961794,6.812649971363865,0.2407028770260779,0.4966306927352953,0.46581945858680446
GAS,2018-12-31,0.03147898890012288,0.21422172544029966,0.045224490358228404,0.05278253847702208,6.6342752800538785,0.31134627529213915,0.7584750783586178,0.32322763724941866
GEX,2018-12-31,-0.05942029403492179,0.14150507729034126,0.032419217327724216,3.445380370075028,1.708187086920318,0.2218438266005782,0.4618913958538944,0.6330446036385676
GMD,2018-12-31,0.05424263975688116,0.3049235049097592,0.16913508847286252,1.1073949222539738,4.169214118765763,0.07622071060623373,0.6581781760899238,0.6664370875235136
HAG,2018-12-31,-0.5675809775456112,-0.014241334029523135,0.20965275789237944,3.6515051900421214,0.4523000318754392,0.026627802187269935,0.3453577206905168,0.6901176535891212
HDC,2018-12-31,1.0349195314034272,0.3395494637814104,0.011393198195724008,0.6420008575453682,0.23257790015853697,0.1400287714790714,0.489955808564245,0.7248053043305975
HDG,2018-12-31,1.0096915302152971,0.3776963067988939,0.012311687518925928,9.785839219433033,0.41234375966035003,0.17712904727833748,0.24090750210661854,0.31892099198175916
HGM,2018-12-31,0.34246866819993743,0.3863859565559705,0.11339254724615946,0.23708053259637996,9.932033892309034,0.13458261484673228,0.8583526153951274,0.0
HHS,2018-12-31,-0.5908641585730491,0.21974450292714418,0.004476251565052216,-322.7263959210153,0.4941313561929764,0.05615711933677274,0.9303038118198581,0.0
HNG,2018-12-31,-0.16773931965098932,-0.22199002270736995,0.19922859498340303,2.3825013005522,0.6287884763439913,0.030089212350452414,0.34675624156230933,0.772564793193823
HPG,2018-12-31,0.01755036379801537,0.14945419179451536,0.046530049772131266,13.340763783505341,2.095224912408216,0.1866612495926543,0.5191303193531142,0.6461533947769332
HSG,2018-12-31,-0.113837023035256,0.03704640451164892,0.03772852881334225,0.8275638534221239,1.194101253844351,0.3926114960534937,0.26127588878685665,0.8297956956438144
HT1,2018-12-31,0.1450709118120066,0.14529316004903436,0.0904411922042377,0.05995033560898274,-5.018584807496304,0.21938319900040656,0.48708027918257596,0.7036773082061681
HUT,2018-12-31,0.4672692553051901,0.04887959152337081,0.08122386338497467,4.069508232454936,1.2239717874766625,0.03615255460706895,0.29214057828478024,0.7163977165662844
IJC,2018-12-31,0.004394805883586028,0.1959436765903751,0.04060213677583153,0.33856653694461664,0.14909112793034002,0.036041350816021285,0.213388645744712,0.2590452709577981
IMP,2018-12-31,0.3524055690757678,0.11690770843252064,0.02128782675307226,4.73688296732882,1.0490613857426012,0.23860574910400156,0.8480289547396092,0.0
KBC,2018-12-31,0.2592941150405502,0.4648165221038262,0.027424093216149054,-0.979562547207421,0.07406874807533037,0.05192789521532872,0.5796681893365707,0.3486236134099881
KDC,2018-12-31,-0.00037932380709778616,0.06177206413199177,0.037888332429267736,0.18995678211987763,1.4031537107179788,0.15893780340181235,0.6687043213456882,0.5295172158176485
KDH,2018-12-31,1.2542988395234405,0.3480611861039034,0.001707893195381946,21.709089992172636,0.2867263994688473,0.1568787156888792,0.6739370825567055,0.2900336163724224
LGC,2018-12-31,-0.03461469663232698,0.644321589347203,0.6866289391193483,1.893822331503782,0.2319152596710487,0.025673661858646057,0.3727889449416424,0.8874970946545954
MSN,2018-12-31,0.22970661417371122,0.16910762950056574,0.07197630797005745,1.0630601920643319,11.865170943421099,0.181186595010952,0.5277239076038998,0.72118675619329
MSR,2018-12-31,0.37539479326936687,0.2707134772516,0.19965558216916374,0.7422979370877469,0.9875681798942116,0.07886355702671777,0.43385809033386424,0.7557504451951101
MWG,2018-12-31,0.0072492773585956,0.04867365445229749,0.01674858017762435,1.3391781131362093,2.8287668654395084,0.751795985840683,0.31922535058603846,0.3677295841266798
NKG,2018-12-31,-0.009653636746373795,-0.027491200556044284,0.02963884917473705,0.3905234344129433,1.2802480427336185,0.4287556364666303,0.36583546739762773,0.8593586679043397
NLG,2018-12-31,-0.4644508096953227,0.2096948511420563,0.004759532658554359,3.840873259672584,0.3164117049651789,0.09005591087169265,0.5518216663145054,0.23483194292197118
NT2,2018-12-31,0.24047202961689615,0.14240039010029337,0.09907642724307726,0.008584842006420276,3.452738834321507,0.23407202177164482,0.4161082100489736,0.5705142602820387
NTP,2018-12-31,0.15236401400776373,0.11808899585506703,0.03065904564995145,2.1159216867343877,0.6357269189328917,0.2754262572393527,0.4677166107569886,0.8272397403165834
PAN,2018-12-31,0.2885703501593034,0.13921989270790014,0.03288563351088281,2.0277924584118163,1.7760482800742206,0.2740281675401851,0.6327773662546239,0.6464104300034806
PDN,2018-12-31,0.08624714728187358,0.18162333767360692,0.0,9940786823.0,-5.1322619649473635,0.21393992791339395,0.5546144491480869,0.61844812046508
PDR,2018-12-31,2.5580158785354397,0.21654989638970654,-0.00017177782663597825,517.1215131461853,0.24147233084733472,0.15438081282956692,0.31761552034182333,0.0
PET,2018-12-31,-0.09201553255547881,0.022065144632800862,0.0023188694802358956,-0.6303528349389826,2.146043771578845,0.5224763791703837,0.29648175882429695,0.47960189881931087
PGS,2018-12-31,0.010569575427791645,0.022152654308114635,0.01510496497989254,0.44764360858343283,-3.284191314879174,0.7198698537283529,0.381022110559569,0.012373695753964525
PHR,2018-12-31,0.513596862005481,0.3266996835796914,0.030456133415698937,-6.612718670469672,-60.38725349742875,0.1740307762342316,0.5262681988289718,0.20941611756459835
PNJ,2018-12-31,0.25477580126576477,0.08783848264992176,0.002903169835993324,2.7909383266120296,0.9941864175740777,0.645044407940558,0.5941937195994941,0.6123380798843713
PPC,2018-12-31,0.3745513273539372,0.1938517097245395,0.006136423157667835,36.843809068120656,1.0336915157657076,0.27294139714029325,0.8147978779720129,0.410641929925401
PTB,2018-12-31,0.2506063690648311,0.11330000011254458,0.02670223835710322,1.8874909963525603,1.2118357111783034,0.46387121034321643,0.4875886713070777,0.6906968299325088
PVD,2018-12-31,0.19794288175370303,0.28914077233295415,-0.026331497801385897,0.38877078446141594,-81.4839908481947,0.07887410177990982,0.6590064701095233,0.536135062491013
PVS,2018-12-31,-0.044340682640424414,0.047637696766537105,0.04120326247860613,0.5592409271950787,-10.899746488765166,0.1615811926899172,0.5391881258363648,0.08799168239949617
PVT,2018-12-31,0.11793546353276,0.1842847179288699,0.10192052028061145,2.7396562370268818,-13.29007510781147,0.19686035656485093,0.50182471590839,0.5855251537404799
QCG,2018-12-31,1.0273834026617328,0.25177912185300966,-0.07009892152117375,-9.345876677218534,0.09838930667994479,0.021694863700117667,0.3753318625541325,0.08609135897168033
REE,2018-12-31,0.3101705231657488,0.4222002274233443,0.04394292989250681,1.997864939966252,1.6304492354337672,0.10920711308031031,0.6405569576739035,0.5710401045182243
SAM,2018-12-31,0.5594537046414426,0.11416261973083865,0.0,3954724912.0,0.6150990717597374,0.20628430604538833,0.5590501645560029,0.7543769179075016
SAS,2018-12-31,0.19103725827771903,0.17190828691383564,0.020173269458603156,1.9098238045892426,-18.360638549491785,0.3428524382123014,0.6951625926643451,0.08760886544389854
SBT,2018-12-31,0.10962292088806713,0.0688611510915492,0.05317384562866606,-0.04456853629620368,0.48339575544369995,0.18750385758362725,0.36388650334308775,0.8601048282507384
SCR,2018-12-31,1.1024688611315459,0.12803259421792818,0.006181779464234068,171.69373141516172,0.20916865955905534,0.08775479520732182,0.41781791896311665,0.38688414266674914
SHP,2018-12-31,-0.26297883333481475,0.484382376492659,0.5056387704333148,-0.12256970351742227,2.6536700820824506,0.07705203710087152,0.5340131664898601,0.9550387328758001
SJS,2018-12-31,1.3528682664893437,0.17556675186539464,0.0,80792205977.0,0.24389974056004154,0.055892804284826195,0.34938789282244426,0.13235431830282204
STG,2018-12-31,0.035096828873592036,0.10601167564872285,0.04360908892407179,1.8531654719050372,16.450223799740886,0.2139156029419144,0.6898749834245774,0.37473198967406257
SWC,2018-12-31,0.09927447539167894,0.4477568969505948,0.13840776636741872,5.288671358872419,-2.4680761564426636,0.06585058506821939,0.8415032907757041,0.328427104764334
TBD,2018-12-31,0.6290774090372526,0.10011226193089139,0.0,854484352.0,0.9820072364793653,0.5813562760782701,0.29655338462449915,0.6504721445652407
TCM,2018-12-31,-0.3629456694348444,0.07870144799675802,0.03544485635050864,0.7738882484766196,1.083180337069608,0.26049217917227246,0.39306138064112844,0.623992158833682
TLG,2018-12-31,0.05853063339538438,0.07975662806748543,0.022258465882309553,3.725868843418412,0.9984795384797451,0.4211811919168587,0.7069130910985459,0.42236433290151254
TMP,2018-12-31,0.22346533286645348,0.806030482794203,0.19396167070506365,0.16861971553049276,3.9009187306148605,0.16630828342020187,0.7893555500950681,0.4588427941268192
TMS,2018-12-31,-0.11629204507634121,0.13782845164006513,0.04166732149163048,3.612308086056669,-16.88621599333547,0.17567412336625468,0.5072462469694339,0.6288161907805342
TRA,2018-12-31,0.12947575032981787,0.17147282193236393,0.050591703410086834,-0.6077665477916296,2.071333440776872,0.3361135972059554,0.696302050154101,0.4285134690748408
TVN,2018-12-31,0.045336017000613044,-0.005017064409725773,0.014833734960627929,0.4983036175518857,1.8391550956777682,0.43711260802216084,0.6139461296156328,0.6432307837162341
VC3,2018-12-31,0.9845793466847338,0.031698812889004786,-0.002466781414347797,14.59393658861911,0.73818762142091,0.14068002547021408,0.45273919863142914,0.210746073206664
VCF,2018-12-31,0.37156362617260796,0.2216680857190197,0.02344326977476867,0.2653061593620915,1.2885336730119292,0.5295070336572463,0.6325773383379377,0.4207140060839176
VCG,2018-12-31,0.4198908664733776,0.11864494580344287,0.01991490880316285,-0.23808173098536517,1.4255752089379465,0.17366427103133933,0.39930239516125154,0.30738163052639667
VCS,2018-12-31,0.1978332694747077,0.3097475247130203,0.0,18234879284.0,0.4616745085897291,0.2981437593275135,0.6199703943961034,0.6874052453875681
VEF,2018-12-31,0.49744130223732447,0.4865195460876987,0.0021735166216135813,569.6841364608015,0.6651126587708426,0.01176797839664043,0.9956009252705273,0.0
VGC,2018-12-31,0.16840364998233093,0.0804153882863236,0.058360218309850546,2.7681402690327865,2.304009554791941,0.16616833089395008,0.4197509948219141,0.22053029967249388
VHC,2018-12-31,-0.007293849570628631,0.18192899942339855,0.016705934523632466,13.76566088064947,1.111623554267428,0.44225391726448754,0.6388059990050189,0.5579231475669778
VIC,2018-12-31,0.4747479495855404,0.1507987052077485,0.036927596561177216,7.229765142926915,1.6512552095880348,0.14505342684148861,0.34264028409354974,0.4793172116741529
VNM,2018-12-31,-0.056708522394007255,0.20277693226513052,0.041146798852090286,1.6749139368733075,16.953218911837276,0.35555800972591034,0.703080150386193,0.11499563261763995
VSC,2018-12-31,0.0021691519039803552,0.23736115614634382,0.16042113230866956,1.195142305380988,7.183348186038681,0.1818888895864163,0.7812394378603602,0.5272966635334075
VSH,2018-12-31,0.15177735678173632,0.3510418825179938,0.3377438778944009,26.942960879942067,0.3513099824102706,0.01169101694966352,0.37619048367818986,0.9371335566083931
AAA,2019-03-31,0.17988575755949893,0.11925176747559171,0.026526004051492566,0.762387301990571,0.7624023175173528,0.33478377597188774,0.39141122755395136,0.8126785326641623
ANV,2019-03-31,-0.4125815078144104,0.2586355164771296,0.0,181897153185.0,0.7061566904789444,0.2738730331481419,0.6122902721544387,0.7865154926050689
ASM,2019-03-31,-0.038663080600786645,0.11412607579364728,0.014565178939108782,11.072753027201127,0.8673442609749367,0.2790204407701567,0.4660088813268176,0.6811495204056665
BMP,2019-03-31,-0.23924226142620333,0.1221969494375494,0.05504993409961888,0.20883765781472155,0.9525669261295324,0.33289503929193287,0.9090832940404004,0.22477496739719438
CEO,2019-03-31,0.16785265576814604,0.15786666103429847,0.027321378094748626,15.746257585555465,4.3825060458950045,0.12222603901547087,0.26363143951506574,0.3478498596677334
CHP,2019-03-31,-0.4924356954934217,0.513191011455111,0.5077272999417006,0.1199976749585072,7.489934861249879,0.04666806906482128,0.5424489580438504,0.9250885363171696
CII,2019-03-31,0.019529033164723545,0.3022197787941764,0.27219849292730497,1.1242706082805172,0.27074145764051427,0.03187335968915646,0.32565214294508393,0.7509762535687247
CMG,2019-03-31,-0.1584317726844003,0.05825083415038283,0.037241144527378756,3.6350218198527444,5.1078126561607355,0.33852168733653637,0.3673726427483678,0.4263660018354191
CSV,2019-03-31,-0.20794132386929853,0.20985818744907614,0.021326674169404383,2.0773542632680004,0.9449041030154941,0.2981215346894624,0.756092675798194,0.4921759411106285
CTD,2019-03-31,-0.599941124580327,0.05453356947091186,0.006396654072290037,1.3043644360801088,1.9548076304100088,0.2882145397492932,0.5445314746829609,0.0
DBC,2019-03-31,-0.08375156634639443,0.057267583274263824,0.04792003861087914,2.547343512338827,0.8008270245395245,0.1970389442205882,0.318443558910171,0.7490717863808097
DCL,2019-03-31,-0.30104274303709055,0.052997837144209275,0.06059807915583548,0.2882746368047595,0.4402245836471646,0.11199685714076123,0.48507975498634504,0.40206351225215886
DCM,2019-03-31,-0.322269189716977,0.15082583438149216,0.24987538220235386,0.3785535984383167,-3.7236041027978204,0.13346199211529133,0.5232982939448753,0.5048252383858287
DDV,2019-03-31,-0.5917273183587853,0.05726432967006838,0.08107815685153509,0.007362593054258071,1.5721669929312538,0.20683759978894162,0.6314436031653569,0.5236828747758786
DGC,2019-03-31,-0.39478039490776606,0.11408069658728219,0.06124262601650159,0.5616995744343313,1.0472524932937055,0.25304178481332046,0.6831610443050431,0.6639076317718688
DGW,2019-03-31,-0.12705542677245268,0.030858810358618535,0.0008674017057164396,0.1725982036885688,0.97619019788698,0.7537322152086317,0.4387762940197232,0.7846333438328542
DHC,2019-03-31,-0.194306373388721,0.13890422511485512,0.049275981495936,7.088628925775815,0.519341823038174,0.10953329128371748,0.4916724090899473,0.8486985484828184
DHG,2019-03-31,-0.4520600394885196,0.19908376890190277,0.03477577217016713,0.8362763607139294,0.8876133176666733,0.18831189350570254,0.7126879285635254,0.4355862096803551
DHT,2019-03-31,-0.040021613844351836,0.08260295399809202,0.0,163877000.0,1.1350808041512854,0.7062898057280064,0.4984368325741012,0.6190580214388827
DIG,2019-03-31,-1.0433775772403122,0.043318009370767865,0.0,4624929261.0,0.1073587205337854,0.049204119371329826,0.45934146626519756,0.39855040338463205
DNP,2019-03-31,-0.2998050281691523,0.13109001351739571,0.06868455027380997,4.9284165997318095,0.5014909841673556,0.08517693486658158,0.28395616737909196,0.8565367047112578
DPM,2019-03-31,-0.40378472623717554,0.05909637504716172,0.10452020054319769,0.05306802236287634,1.2077871152802702,0.14768362706801852,0.7498997943803211,0.4760547115852578
DPR,2019-03-31,-0.8231185771469868,0.39169275592374253,0.15739449795192595,1.337282292575847,-4.512729495645991,0.05438043954593133,0.6967306015718628,0.22309120445937033
DVP,2019-03-31,-0.37129148949228613,0.43269182384323773,0.27319795359034926,0.9209873368222217,-288.5541684570382,0.11260906683042882,0.9353668029517915,0.0
DXG,2019-03-31,0.07690337510048968,0.3615603639032,0.007490842319981061,11.099985724253822,0.27316129566731506,0.10849775805506591,0.46133904400670883,0.3437078069884209
ELC,2019-03-31,-0.5022224423778173,0.03472616862855894,0.08356849938611581,0.14320261037911597,0.19439639429668099,0.10448155614037506,0.7974066560422162,0.5900475606571377
FPT,2019-03-31,-0.20068166940509283,0.17646873700115404,0.06604530527243926,2.8400022697305993,2.451107590889273,0.20363353891338518,0.5403015760173824,0.5245325010714688
GAS,2019-03-31,-0.023182479552683207,0.20358007812522955,0.04533213944138594,0.33129977950390743,10.05245823149119,0.3070054891627358,0.7406645365645437,0.24804627615285302
GEX,2019-03-31,-0.20713900658240395,0.10598814997714828,0.04795820415166406,1.8399019023163627,1.0669717694625622,0.16263632104470335,0.41224087163838713,0.6669976791644501
GMD,2019-03-31,-0.1631708519675362,0.3056684115887177,0.19732236443565485,1.0065007842272424,1.6234078742061524,0.06454385376448642,0.6681913327930384,0.6657875052138713
HAG,2019-03-31,-0.30223233035395974,0.36683405637235544,0.4090762775337259,1.6445570440239141,-0.7994251612284495,0.019382335231171548,0.34180513604449797,0.6567711004379839
HDC,2019-03-31,-0.6891484246230979,0.12818734434126117,0.01516823352869836,-0.020959431532190223,0.1126361730568335,0.0670957644289846,0.47095472784869574,0.7035815543495944
HDG,2019-03-31,-0.7555384014104383,0.402124615181079,0.07979184206224686,11.265936763148167,0.286210027891942,0.07272163789463598,0.23650368909157,0.4443766219784716
HGM,2019-03-31,-0.3340615469756004,0.21448959671544832,0.14295448488277313,-0.0,-0.4376900881913326,0.09733469472982983,0.6050037351511056,0.0
HHS,2019-03-31,0.1275161899490271,0.26762467657926053,0.0044029903243064435,-1.0795688601246385,0.7536564760483752,0.06380063163859404,0.9387370774880194,0.0
HNG,2019-03-31,-0.5165438516735503,0.140026805420165,0.4661494078751376,3.1945867258126532,0.4942071492286898,0.017910107793252916,0.3431290082245173,0.775173768077417
HPG,2019-03-31,0.03906251108202967,0.15518038488068975,0.04546149462939705,9.146771999315206,1.7542706231431717,0.17873825022984816,0.4969128824828923,0.7132485983585284
HSG,2019-03-31,-0.11373148662443014,0.03480307464468154,0.041852430629244826,0.7060967146571456,1.2672434332273008,0.37842781633568073,0.28457091762413755,0.8304175623390726
HT1,2019-03-31,-0.14623984927125888,0.09800706902196958,0.09704446312271829,0.3807001946979529,12.430904628936066,0.19646459517868928,0.5136630183283583,0.7578003667892266
HUT,2019-03-31,-0.19925870828579426,0.15195026113326543,0.1969788523730076,0.2649888295960222,0.9232170426887744,0.029702161968748586,0.2916677235176429,0.7199943642738762
IJC,2019-03-31,-0.09599080617094709,0.3569525439504232,0.055108674029169004,0.3228356729503578,0.1210622190261651,0.03266780407078603,0.22136539198463903,0.25493988821435776
IMP,2019-03-31,-0.4267003599749544,0.16522087878176722,0.038982682080960424,4.64911432595765,0.5593735517545901,0.1633866846881719,0.9112120584154366,0.06660109621619831
KBC,2019-03-31,-0.535874221066142,0.33706201972815136,0.035892991072407426,0.07370482929437656,0.04501832396390228,0.03108157154953237,0.5990821139007139,0.3502226898785618
KDC,2019-03-31,-0.2132729131279681,0.06166079866035297,0.0482515008479196,0.010943377440755166,1.0435416830285023,0.128612819408215,0.6718126626367464,0.6091481197104945
KDH,2019-03-31,-0.6271267833043103,0.18038748856743936,0.002892274528592579,6.4857072583590245,0.14441261588284107,0.09004312055833535,0.7348702115259432,0.2971920168316652
LGC,2019-03-31,0.043606969036624615,0.6491699738682226,0.6451809473678913,2.2437307607123835,0.3928931404883422,0.02446636095655905,0.3512430183293752,0.8878627936750701
MSN,2019-03-31,-0.3513726886531749,0.19369003662700268,0.1026394936278736,1.5303728683206026,2.178724092210312,0.12655831502504855,0.5366314733632517,0.770553498834912
MSR,2019-03-31,-0.6071789157440555,0.22623056176046577,0.3180862741235685,1.0620813390218133,0.36328233784175407,0.04256396493475024,0.42962041350910596,0.7862243955192458
MWG,2019-03-31,0.17257005330902242,0.05865117074524023,0.013159963180388397,1.1264474449106017,3.005366152032595,0.8268455064347188,0.3294540255287267,0.4803289559747935
NKG,2019-03-31,-0.16500667525134285,-0.01786726642150832,0.035394434143297585,0.225417021133213,1.7766143596669377,0.41767178381915177,0.40593855621729197,0.7777758692757332
NLG,2019-03-31,-0.5737370730572047,0.34847038495437177,0.0112696434954626,-0.16431965314279762,0.14036968043010356,0.04750956047727148,0.5642567951754339,0.18622603683029762
NT2,2019-03-31,-0.0617795634661796,0.10852385592746754,0.098487006501674,0.002291197161977918,3.8973327397104494,0.22672694137789143,0.44950282511888984,0.549610838961378
NTP,2019-03-31,-0.279339843925102,0.11170526099114433,0.03912568321650594,1.5419998066935712,0.5291064233186334,0.22194597547392939,0.5142026750800129,0.8524763835206756
PAN,2019-03-31,-0.4748014949824387,0.07876530858741893,0.05083166108517756,0.6233534598112451,1.0308746484379736,0.17786123645307772,0.6454286921878198,0.6871153482591135
PDN,2019-03-31,-0.05489488359046717,0.2443274729802511,0.09845535841190782,1.3973869593216781,-7.870858879744657,0.19022454708763767,0.5585819359225591,0.6742182009842866
PDR,2019-03-31,-0.000664756770792763,0.11221572858010706,0.0008658846229767722,6.005876089881311,0.2654103338796187,0.16997767460363583,0.3638156260742431,0.017323030401830457
PET,2019-03-31,-0.15743800908191855,0.02840726806100949,0.00656636038727499,0.2735073517047505,1.9096232037177243,0.4867124478001534,0.32304295056949545,0.43517116769626485
PGS,2019-03-31,-0.17481095289302406,0.013787936137749217,0.021368003626676527,0.5990627594377158,-3.92331819240405,0.6396378776102485,0.4073823508404705,0.010502046701798476
PHR,2019-03-31,-0.8996258513599545,0.3856517101424839,0.08687648871175226,2.6166131526014538,3.3869786129642927,0.06893242169497543,0.5357819847477753,0.20522205283442235
PNJ,2019-03-31,0.16325507250609902,0.11850117935889687,0.003250327760681372,4.0819156175748725,1.2034965411669398,0.7780784390660869,0.6567161814129036,0.5260084880896396
PPC,2019-03-31,-0.0482172271922157,0.159536935898745,0.005569178379090706,-0.0,0.7246897759162418,0.26141672754129774,0.8439879625893262,0.48579765277523584
PTB,2019-03-31,-0.2561163366816169,0.09847103768895087,0.03725685302530919,3.464472263991592,0.7762868370772841,0.33273771433214794,0.473929700446803,0.7765543349772585
PVD,2019-03-31,-0.5719514434224717,-0.04560570171277775,0.14975442891768426,0.07538344237556234,11.2736578176448,0.04553990071385427,0.670676607992855,0.5649679539130439
PVS,2019-03-31,0.12925514510087527,0.11767490156221458,0.0311168494065237,0.9785604225153015,4.001452633529706,0.17286445153371044,0.5448896556310626,0.0910724418667851
PVT,2019-03-31,-0.051277072623089594,0.14039492229616282,0.10239091312991497,2.2219136444059395,-2.9507273870906463,0.18218531947873623,0.4834813904243589,0.5723288964712843
QCG,2019-03-31,0.46443925342616693,0.04345712111058985,0.015676429442530983,1.292780201186362,0.15603104463987638,0.03577547429006607,0.3910292703434794,0.08639056700903268
REE,2019-03-31,-0.3099833609700702,0.4090990221833683,0.05566413971850864,2.6255701905576156,1.0214195525930452,0.06951925610359984,0.5434779598113021,0.6240918256652823
SAM,2019-03-31,-0.6563400515406262,0.09289462238133112,0.015671819583248123,0.12889264643924445,0.3447032182833328,0.1066700325400456,0.5577639213599976,0.6679981353085029
SAS,2019-03-31,0.004135726737586571,0.13107387973953988,0.01935658109875726,0.8989189528447735,-11.51416364570159,0.3204944714890774,0.6823180189520268,0.1583257621878816
SBT,2019-03-31,-0.08327025166253763,0.15377868022654162,0.0568870481979182,4.596007972383322,0.3958145266685943,0.16726725487833904,0.3595217785275176,0.8335188876436198
SCR,2019-03-31,-1.4431505445732735,0.5723247247644433,0.06277878474155459,-0.01539862980113555,0.04995436856952687,0.020273451459782578,0.41680785476608256,0.38933809362520916
SHP,2019-03-31,-0.8652431062195864,0.10368738507379308,0.6915041876296848,0.024202021744818798,1.0915127735418388,0.03363482124155845,0.5474557445584529,0.9717053274882799
SJS,2019-03-31,-1.5140995243670434,0.15052719278693216,0.0,-0.0,0.06526328697585562,0.01211451596716099,0.34494090063665545,0.1283416461771323
STG,2019-03-31,-0.29585334635334587,0.08721352092249221,0.0570098002397947,2.010475489888248,15.177099008031288,0.17602040886877038,0.7602240219713703,0.24768596123839057
SWC,2019-03-31,-0.056012105159248905,0.3169454206523431,0.11985179652371165,2.1656237405400334,-2.2038179554695043,0.0730132794570663,0.8192183357597054,0.338746762975074
TBD,2019-03-31,-0.5761269767386156,0.09099383380284956,0.01645676170566472,0.02118043441449874,0.48557310143163956,0.2879151063867535,0.2761909407032979,0.6272789985536815
TCM,2019-03-31,0.15151294521763103,0.06959462315088093,0.030266981815423814,1.1539742479053061,1.3138731248254507,0.3292741723145102,0.4320418426436232,0.6748806813012528
TLG,2019-03-31,-0.25601397262285813,0.07715854366268922,0.033480117216425714,0.7750388368564047,0.736812219223319,0.2733954388568961,0.7951322482523006,0.3918173736637166
TMP,2019-03-31,-0.9199971243272207,0.5754206470300576,0.2375476033398989,-3.9985207637706623,0.5683011389205165,0.06883300506189496,0.8557606391814618,0.6777493762751486
TMS,2019-03-31,-0.0372076121853667,0.14422547592635135,0.03932906548002643,1.2979622972543658,8.824000204126191,0.17587369849483211,0.5113266097056046,0.68144883833476
TRA,2019-03-31,-0.37358373528132927,0.16199536173803328,0.06379470294104424,0.42490399308110116,0.9334305784586793,0.24778237425873065,0.7487774787815202,0.5290992544806371
TVN,2019-03-31,0.3697124218404915,0.020340785700141382,0.010532933026005472,0.11933218475277745,2.6202478814612564,0.6108012055948873,0.5868794063817452,0.5835185422014202
VC3,2019-03-31,-0.32721383904227447,0.17404357310089072,0.03988835879020782,4.827517402042552,0.31829106535198515,0.0966717741829838,0.4461360246399694,0.2791232699004475
VCF,2019-03-31,-0.878603009326791,0.2749702947852536,0.059120055305727615,0.1593481184394212,0.4023780428050459,0.22777362807937052,0.7039684814480507,0.6489571528513399
VCG,2019-03-31,-0.7108082870435029,0.10448470694859344,0.06726559114464595,0.45716171715373405,0.5974261432676665,0.0888851674354054,0.3926887323735654,0.31969904471196947
VCS,2019-03-31,-0.1422569527872955,0.27637495637146847,0.02580495248509304,0.3125469032470895,0.36768012885196627,0.2703882356740533,0.7025419283188996,0.8377995450638859
VEF,2019-03-31,-0.19113280370883304,0.6204470048027437,0.0035597736267666807,236.69530186450967,0.01801875366358924,0.00967772411608875,0.9960078394007948,0.0
VGC,2019-03-31,-0.1777628238977311,0.09995677925131444,0.06741291400864308,3.420748878709975,1.8009313085941516,0.13374884911002882,0.4137067248063306,0.21626492646319015
VHC,2019-03-31,-0.42551240803659646,0.1998337990930255,0.027342750842640037,1.4784926019722493,0.7773223656807968,0.29089542889211467,0.6907191357065126,0.6243416286807222
VIC,2019-03-31,-0.5021980810113235,0.1311411676826496,0.0669733642535043,12.872131375167333,0.5919112604319371,0.08079388291352854,0.32589787035793844,0.43495700993825087
VNM,2019-03-31,0.009194014448615631,0.2507819844693664,0.04701894269699636,1.3891394051544315,2.997093382500324,0.35004414171736753,0.7550720049872623,0.24984901547840485
VSC,2019-03-31,-0.06119216440073678,0.1555861634807337,0.14953317270921224,0.23677386316774587,4.832267397090618,0.16936660288515662,0.7934733676627854,0.4533380205164205
VSH,2019-03-31,0.3850581135936839,0.6180274186751586,0.3900536523300048,0.10228411446998807,0.7444076490303451,0.016972022920897598,0.3806683609946105,0.9311218449729114
AAA,2019-06-30,-0.07791063774627388,0.09361258141394915,0.027960183020418007,3.9599259420977493,0.7327903322930622,0.29599845142329073,0.38583434846840026,0.8172234342892363
ANV,2019-06-30,0.15819484149097748,0.17411141306394903,0.0,69717519558.0,0.8407382448894862,0.28218431418503964,0.5288255769940156,0.6839871542029167
ASM,2019-06-30,0.021769807761360314,0.05630047235477393,0.009083788996765884,0.5445038325914762,1.5603599779244164,0.23897654451687414,0.4012362686431912,0.5977667527866259
BMP,2019-06-30,0.24328343131704427,0.12350737387451925,0.04349886407252619,0.6259583489222459,1.4499852053363718,0.42900792441238467,0.8728042761413479,0.16202599600043852
CEO,2019-06-30,0.34495983612678793,0.2717634907597224,0.027103697334684023,12.81658562522828,4.496196583302427,0.1826593803633719,0.30574990621978404,0.3264575764622843
CHP,2019-06-30,-0.3036581921596023,0.2693794289296706,0.0,915093608218.0,-0.8470633336049124,0.030327150792759227,0.4770491593375655,0.8320367639318257
CII,2019-06-30,0.1336883048522173,0.36561770198737853,0.27885141596411683,1.907013808182784,0.18882336632941174,0.031242825013279955,0.3142125219078123,0.6513859746767419
CMG,2019-06-30,-0.11436989878802216,0.04474650769117265,0.040615992478423756,2.599788572297106,3.2541067152714986,0.27749186780268,0.3425005468385209,0.43428847162323525
CSV,2019-06-30,0.13096134011458435,0.17882850239180365,0.018817205579548586,0.3377435585270048,1.025954361120441,0.3257622933064383,0.714817485764046,0.5844947741338765
CTD,2019-06-30,0.30155968032717834,0.02662416119789278,0.004741497393388421,1.130135221839374,2.7509369508232244,0.37625915979733165,0.5142157637797773,0.0
DBC,2019-06-30,-0.06869365492295698,0.051502050032091476,0.0512730063599762,4.252071031982195,0.7399331108628622,0.16881104301788347,0.29056948677011196,0.6997538712004376
DCL,2019-06-30,0.06468301663420142,0.05361563816236657,0.056034647987695876,0.37419079442764175,0.4651435297550152,0.12000850495849384,0.48571776739664857,0.3797095308634754
DCM,2019-06-30,0.28961663114993424,0.07077713769822708,0.1726900139098538,0.41665418024216905,3.225596529817386,0.18386595788326288,0.5909295579106925,0.5851450971888649
DDV,2019-06-30,-0.21548201171967837,0.03085900378579592,0.09786132316162753,0.005346696493489587,0.8127131132064378,0.16314076971311084,0.6192388288206269,0.6812340866079499
DGC,2019-06-30,0.1309298243090368,0.13222968938882562,0.05513596632740141,0.21192175830514004,1.1370541939677394,0.2955076886666736,0.7233585497701425,0.6558569460893434
DGW,2019-06-30,0.3741191516818516,0.029979420624222115,0.0007455471027948057,0.6407992999442911,1.2556347838087671,0.9380495240659578,0.38964495231775453,0.7126043157610911
DHC,2019-06-30,0.11858279442900084,0.1418379677442546,0.0,-12673150511.0,0.5496578103615519,0.11175461275703523,0.45533210988948153,0.7402188264764783
DHG,2019-06-30,0.23576299831127062,0.19745141552992626,0.027296468430552577,0.48239957727330557,0.9943230095059798,0.232847875749991,0.7049820392544348,0.5612725371640281
DHT,2019-06-30,0.2162132164049409,0.06780713161229866,0.0,24679556863.0,1.4801031611152315,0.7300986393980956,0.44882117180650455,0.4856406162477995
DIG,2019-06-30,0.18582557302289898,0.12791036782609205,0.0,6585239344.0,0.12991101225985535,0.053360560899263096,0.4998002748356175,0.34632294469104324
DNP,2019-06-30,0.265246583188302,0.0750414107564988,0.13289665062519154,1.2892503288340336,0.7922524703634085,0.10535536485568044,0.271189588311112,0.8084136663805745
DPM,2019-06-30,0.2120850403856263,0.03193752905642693,0.0648658264893322,-0.386644453962519,2.5941809243888763,0.1771276301522022,0.7120957091349562,0.3985186072208343
DPR,2019-06-30,-0.006764937452197747,0.26163691331940747,0.1994748971075097,-1.2814442583401677,5.960103805181779,0.05297549081545801,0.6708030662058249,0.27643911910942887
DVP,2019-06-30,0.37240446840060065,0.5692080986438003,0.2104527030301042,0.3584785755062943,-3.0533784130768717,0.15189218796256318,0.87880604281648,0.0
DXG,2019-06-30,-0.3666847871584413,0.4659784720260796,0.017177730300027772,7.882246453403984,0.14986383554068416,0.0676486747587516,0.45709704608424834,0.35175216905808326
ELC,2019-06-30,-0.19107015410552855,0.030481300629129657,0.08306925001803929,0.6702742831487093,0.1744102409396914,0.08411460588633864,0.7780677254983298,0.3525098978144431
FPT,2019-06-30,0.17870363789525998,0.17872768929710894,0.05792513097621149,2.3154036303263967,3.44181729692411,0.23043300781214066,0.5203305986640134,0.5182653797664786
GAS,2019-06-30,0.08102966044071551,0.18726567085480286,0.04095680849886268,0.19500192541759973,-17.16697136680952,0.3166251226279515,0.7116896797914908,0.18341937281025708
GEX,2019-06-30,0.29308972456621885,0.12824038424615683,0.04065340284751061,6.317439802825034,1.6883392253335638,0.20255142228977413,0.4025424423269832,0.6784741545680717
GMD,2019-06-30,0.1697561681509213,0.36222845021722777,0.18633140283343427,0.04143969992801799,2.3790594868526784,0.07675615300913137,0.6840100040945106,0.6197877942900386
HAG,2019-06-30,-0.2887387895917726,-0.4889017872627527,0.373591893839891,2.523134450337156,-0.1134673386290907,0.014490340668029962,0.30570177405436216,0.5164992367906691
HDC,2019-06-30,0.5371560070185092,0.1962069156201753,0.010983708699779073,5.61383083553219,0.1819373222624365,0.0993842472796558,0.41822418120009225,0.6942686246370031
HDG,2019-06-30,0.09164576539745081,0.3778076107788553,0.08193329694799378,15.824512636132471,1.834601087664226,0.07371782997232293,0.2227477180441241,0.5162482853601205
HGM,2019-06-30,-0.08523639543184534,0.13871576523046697,0.1419779576343941,0.5708724036506923,1.7971409605101816,0.1117491531123364,0.768023049570447,0.30409325459735986
HHS,2019-06-30,-0.4417786603374609,0.2897055414608305,0.016907208165282663,-0.0,0.5986690176993923,0.040854321233445,0.9446668332716401,0.0
HNG,2019-06-30,-0.1961914664191445,-1.0114057522335904,0.411313043034398,2.499423439249271,-0.11902774675826903,0.014675893774929028,0.3125111995754133,0.5759094817938959
HPG,2019-06-30,0.04680530871153383,0.169394702570553,0.045384651449852896,11.971120066276601,1.2842994862825206,0.1710482224191604,0.47577339383640443,0.7027461795724059
HSG,2019-06-30,0.04256860200887838,0.05437157831939229,0.044702972523308245,-0.11432408582240966,1.2004390111741063,0.39875708397426574,0.2961327774075124,0.8597320233301248
HT1,2019-06-30,0.15898705431975144,0.1360158577967101,0.08761098355781081,0.28670279732955445,-29.253875522579623,0.2289831768867003,0.5235681645784405,0.7067250959597577
HUT,2019-06-30,-0.10388687579639114,0.2550681503180774,0.26139718872812584,0.5673127268334754,0.8972638109389229,0.026619554809304315,0.2900846510822603,0.7130745774884196
IJC,2019-06-30,0.3278205175989085,0.4372597196993967,0.04551727567262086,1.0755734629618008,0.1837559592278141,0.04470265711659775,0.21118512314217625,0.23923139632611545
IMP,2019-06-30,0.04078673118511587,0.14379753979129833,0.03776240372821747,2.973908254254876,0.7538071996060269,0.1559519916500149,0.7968641693808379,0.21187991632135472
KBC,2019-06-30,0.7447623271723781,0.5260147869837064,0.020087528495908044,1.987634746400752,0.09820148278125783,0.0648916015083045,0.6183877701180289,0.34784866693695865
KDC,2019-06-30,0.06437471757283303,0.07930967548768447,0.046074195447473085,-0.05245073539951117,1.5063363301861745,0.1364609407986953,0.6552614133948685,0.48561170616765986
KDH,2019-06-30,-0.6939347118680151,0.34861949871672004,0.007343985494712562,56.71474794975654,0.07807925521136228,0.04107584394254924,0.6583664858400996,0.2456425064833036
LGC,2019-06-30,-0.11536029952098314,0.5479417944655555,0.6248154721364044,2.4420030435935014,0.29695684062605,0.02095920970344492,0.35147956491548293,0.8614429132048592
MSN,2019-06-30,0.12580882897135234,0.1848908679004433,0.09167567169875523,1.7831719662680023,3.03095155635778,0.13728013794235547,0.5296625445703111,0.7445894714784675
MSR,2019-06-30,0.24132148314739088,0.19114655361172883,0.254801346618101,0.7750116722836088,0.4750841247730011,0.05268353558318919,0.4176248252694487,0.7539733476406192
MWG,2019-06-30,0.06291407651983935,0.05712396648604574,0.012961069671191754,1.6331459454451647,4.413624339787449,0.8170729249067852,0.31833909608142164,0.45712806493057623
NKG,2019-06-30,0.07508056709589205,0.07450900416077524,0.03815738534343578,-0.39787626151882266,1.055446077210152,0.38066850288352605,0.35922712804226087,0.7890116666828323
NLG,2019-06-30,0.28554896871266283,0.2988833710638127,0.009284045311668928,0.9257682322217059,0.2013644691357691,0.06270678616319816,0.5436390648569027,0.19656205000946136
NT2,2019-06-30,0.08175977386178684,0.115075977272172,0.09237520476430247,0.01876880522001812,3.085313641711905,0.26646123301303004,0.5101730144455648,0.6239761417999824
NTP,2019-06-30,0.4003500661876852,0.1386756435869173,0.03126125872802151,2.048443372790627,1.000945277461831,0.33694925038034945,0.5358945854942466,0.7443797312471295
PAN,2019-06-30,0.09889156441098838,0.09444824753641515,0.050111110168064604,1.3392635967145345,0.9362229089503529,0.18362674775355992,0.607347945183568,0.7254466787345724
PDN,2019-06-30,0.03614702945103711,0.2255957527833385,0.0,23580781500.0,-4.649204081582246,0.18219505193551913,0.5018170205287461,0.6733528420146094
PDR,2019-06-30,-1.8576710717893,0.4389935818839268,0.010291558841497692,2.5752097440113855,0.0351960889040623,0.023475800961630437,0.32923670373512576,0.17823305335039716
PET,2019-06-30,-0.05034600605093503,0.026652222627568386,0.007010156904518879,-0.16375320830997564,1.6681440769823335,0.49297005688005663,0.33529587779352193,0.46755978104128704
PGS,2019-06-30,0.08388930840987688,0.016549111950055446,0.019372629754014655,0.5436591434786835,-3.432946960282006,0.6749205683668718,0.391294354544154,0.006417425264495245
PHR,2019-06-30,-0.030784592485198253,0.24203186310434152,0.040626521273759306,-9.223888969722417,1.803092679751078,0.0660329888714163,0.5243960808570405,0.2338986524073896
PNJ,2019-06-30,-0.47997184675833565,0.07813055170502244,0.005652568221669497,5.810287400305671,0.6991541790934012,0.4538592072701142,0.6270643629889118,0.5977566872915373
PPC,2019-06-30,0.23865332618374338,0.1844987138977436,0.00458845912093598,2.183215963588438,1.0279418278674626,0.32400170126133215,0.8151064804350742,0.41593512743766514
PTB,2019-06-30,0.1117006716223635,0.11406773271837774,0.04251983652188119,3.0045552254887453,0.9691696448359576,0.3692420254603175,0.43087045579281225,0.7442714339962796
PVD,2019-06-30,0.17840332292641933,0.13682235067977977,0.15282762756942947,0.06387963650243669,4.1956403191139575,0.054334322564255716,0.6759294407504958,0.5715218862428592
PVS,2019-06-30,0.173997853126309,0.04901887360378972,0.024699921565998633,1.355160312874151,-2.5417445013414395,0.1907016983876171,0.5039717076567783,0.08120731153898117
PVT,2019-06-30,0.1775304338950017,0.14145892767032445,0.0868745335657109,3.410880502538712,-4.478902121057097,0.21380772732922107,0.4935701825550573,0.6083877612504083
QCG,2019-06-30,-0.5357159348024411,0.2221000696831126,0.04020922404304996,0.4844560731648934,0.09237351775773313,0.020532831808008547,0.3849789310350964,0.08401192478662543
REE,2019-06-30,0.06731862830342035,0.46955486845668437,0.05828833274440102,2.1526463084818563,0.6238857977859205,0.07463225428809021,0.5712227727884158,0.6604992556122925
SAM,2019-06-30,0.22813474641642228,0.06404659263256807,0.0,3577697854.0,0.43959451349165674,0.12627225920672283,0.5248689971668516,0.5538398905231214
SAS,2019-06-30,0.06101301228839842,0.2435132733676797,0.021146488065570037,1.406876880176877,-27.69596086658423,0.3465595857131146,0.6833276352715567,0.15906163693347813
SBT,2019-06-30,0.03273613500651394,0.09081582580578026,0.01711747027894778,23.618984178832452,0.47017624974854944,0.17803085930486603,0.34755359869805436,0.8360243593525097
SCR,2019-06-30,0.2966509010265776,0.3569760781245269,0.03889542264579031,0.3243073999815165,0.06072404440480561,0.026580553251298905,0.4092759578686717,0.3841585452976236
SHP,2019-06-30,0.42963783844209363,0.3325499973611894,0.6047300958708002,0.00512352088607636,-1.0639526107893729,0.05227593262857723,0.4724127414325716,0.801282727024085
SJS,2019-06-30,0.4057446691399911,0.09276043407495548,0.0,1267336279.0,0.14937203942732438,0.018317559754782733,0.3303545410665468,0.1167487588927525
STG,2019-06-30,0.2700420239210554,0.11803888891954921,0.048507534943139,0.574623930551069,15.420039366749032,0.2309571140927165,0.7734841731103109,0.14288605315647404
SWC,2019-06-30,0.4803298770710565,0.2143286706879834,0.07912686011662996,2.8805317772010035,-6.180783282448002,0.11674441271767648,0.8297711345618975,0.35287126587340695
TBD,2019-06-30,0.1404665819985868,0.08083537767009005,0.0,7125719813.0,0.5370510269613634,0.3390635571285909,0.2684745433675305,0.7040727754507435
TCM,2019-06-30,-0.2022504130983495,0.09753658886528947,0.03944860090290596,1.0284738592436513,1.1677501586096464,0.26056192819750024,0.4101436969239999,0.6094194665812526
TLG,2019-06-30,0.501433002053558,0.20031464435288243,0.025949128659227244,1.1999623182237964,1.238862991814524,0.4219447067641438,0.7769349791224409,0.29050106997499275
TMP,2019-06-30,0.3978426316570799,0.6827030805391703,0.20757182527161094,4.569417529233818,1.1724766179251194,0.10351222281309184,0.8486519750698174,0.6247216355138174
TMS,2019-06-30,0.21325882783183342,0.12716375315216427,0.03932097298003041,1.2462594900025048,14.199984750839278,0.2114822023185984,0.5405794316163564,0.6765610050696578
TRA,2019-06-30,0.16020429528333646,0.0938508211105823,0.05436404838634953,0.3984417511600642,0.9545262682875418,0.2929567610150529,0.7655520766060597,0.5455387770662146
TVN,2019-06-30,-0.416179238239534,0.07072211375287014,0.016609475871697595,0.3755394389258686,1.3443340051102775,0.3891002470986283,0.5781872948298741,0.6651501849654068
VC3,2019-06-30,-0.660229486703116,-0.06571305765534173,0.12418246629056694,2.271146853749156,0.1914886567686594,0.049256840904089105,0.4357505336397712,0.31905334286452086
VCF,2019-06-30,0.4490053402217843,0.2531607628938604,0.03659085401952264,0.1319549026212954,0.7001709279726388,0.347943498606065,0.7572532109409417,0.4069750520529262
VCG,2019-06-30,0.338877623653111,0.1383684267539914,0.033748226697168204,1.3495859229677534,0.9044279004568613,0.12314511839769653,0.39683298787367255,0.3172513617393174
VCS,2019-06-30,0.20683560844216903,0.34891043577849035,0.0,16295084060.0,0.4166168455159301,0.27195502548780165,0.5961573532967341,0.7695978123845745
VEF,2019-06-30,0.18457937211011075,0.7863786754926174,0.0052914443456081135,899.1074422219252,0.02180808826967489,0.011479608920401447,0.9895459794636996,0.0
VGC,2019-06-30,0.12736273048403446,0.140391970256761,0.05336076974110653,4.557252407185358,1.9191164341743818,0.14298351912721594,0.39389342795761895,0.2065208192920818
VHC,2019-06-30,0.17453213466187079,0.21813230762222563,0.024898098315055746,1.2527786642941277,0.8359852837767606,0.3468164229229466,0.7260397090333945,0.5807305498851361
VIC,2019-06-30,0.4612310779653331,0.1577287113412729,0.06254072689185307,3.0851044958352114,1.104000109002164,0.118964738649654,0.3730432445495198,0.43377871099261006
VNM,2019-06-30,0.10255752316070853,0.2406452738795416,0.04242831326716088,1.1077297316790904,4.169640898336822,0.3696932273536376,0.7199865059348763,0.30763719213979396
VSC,2019-06-30,0.11425009676204365,0.1885492745670121,0.15919610240483767,0.3500939534146691,5.460885509915388,0.19191762312909394,0.7778202890237279,0.40116321542664446
VSH,2019-06-30,-0.19482274695769428,0.35686283640487454,0.2859363494736727,18.955571287164943,-0.5514387511458437,0.013495598492944471,0.3718802511576883,0.9025353161978404
AAA,2019-09-30,-0.02641812902455283,0.057683089992165835,0.02914889377755804,0.8811452111603155,0.8141053883335435,0.3032886251912099,0.40443829376583557,0.7992105072668909
ANV,2019-09-30,0.050379381744842265,0.16452628522170068,0.0,115477854240.0,0.6904600496955414,0.2855564050352929,0.5470063513449838,0.7873835749662537
ASM,2019-09-30,-0.07269467017831416,0.08114582821636822,0.021131943257181353,10.924699377120652,1.2668420352884742,0.21761429696802467,0.40424858383960627,0.6057687896161444
BMP,2019-09-30,-0.09634473562151967,0.13843180940181798,0.01282580397420167,11.496126730026877,1.4464318524611124,0.3802211450352695,0.8940509227819566,0.18750655552454323
CEO,2019-09-30,-0.8202541707454095,0.16513856601267787,0.005049039822999149,346.2385284756726,0.7183448570364503,0.07961221002785446,0.41878091769165,0.40783988228000073
CHP,2019-09-30,0.0016608902920971043,0.19089496274650092,0.0,-580758412554.0,-0.4554925294785072,0.03142411303644685,0.4346152200827873,0.7905171566815989
CII,2019-09-30,0.4237376105916653,0.6164279856190588,0.20949283789813355,2.520220444577932,0.2621847070475596,0.046352607565695765,0.3167993759699576,0.6244094259252316
CMG,2019-09-30,0.0680920965977913,0.07694112370273105,0.04312173697138375,2.965922591684458,3.164181864304879,0.2598607499571133,0.47288636719429994,0.46051699778991034
CSV,2019-09-30,-0.025882820205222354,0.204820366406393,0.030089063557919207,0.6602788399988088,1.0659975017645886,0.29944046234472366,0.7255205632257037,0.518733420771071
CTD,2019-09-30,0.06754913168901756,0.03360915751208336,0.0045388081579168715,0.16107297866896905,2.355682085379927,0.4189551913849806,0.5488609814453062,0.0
DBC,2019-09-30,0.12785686380059047,0.06252614291528136,0.0459015826383947,1.7182318787759474,0.8795415868324283,0.1959426954043646,0.29888219226974316,0.7198885847248343
DCL,2019-09-30,-0.008067337154614447,0.09286794590261148,0.05823849423409434,0.03646078967777237,0.48481327478618436,0.11754628698310249,0.48288382028534094,0.37838274295671614
DCM,2019-09-30,-0.284831836918443,0.02159922880350736,0.22113973044815188,0.2133165683093887,7.612713650668,0.14254982486455164,0.5637022347279201,0.46814753404844983
DDV,2019-09-30,0.1612923609494335,-0.025670426320553684,0.07328254001353304,0.31405065339694965,1.1784347931151893,0.19516966323181964,0.6211259466942975,0.6215658099998769
DGC,2019-09-30,-0.1334564723519296,0.10836621177754618,0.06243632074796713,0.47170736968297644,1.1240961443620734,0.25800848059294135,0.7485985764815659,0.6149509190472595
DGW,2019-09-30,0.2686681198848539,0.02999133425545161,0.0003632729711365852,-0.097343110467413,2.004508932399957,1.2882280383478337,0.4351569670860074,0.5140643640532779
DHC,2019-09-30,0.3660124088595254,0.1321754837380398,0.05006682673521566,9.47339093736748,0.6632613392941477,0.16275979630675164,0.4744345625708571,0.7679640358024175
DHG,2019-09-30,-0.10545043497330564,0.15717383111993796,0.029033609551966943,0.3052699991123843,0.9775282444414047,0.23131521881691433,0.8081414425002598,0.3068443278753343
DHT,2019-09-30,0.13923967220912398,0.0470618470845436,0.0,3269310091.0,1.5646050988588618,0.9548931815344193,0.46904862069645437,0.682858288645249
DIG,2019-09-30,0.4509900622703699,0.18395519842246122,0.0,643627246.0,0.20014380485348682,0.07875074582609383,0.4873026070097874,0.329722765107146
DNP,2019-09-30,0.10075754389412489,0.10088496631925423,0.09104578042324017,1.0496924428435068,0.757483709960047,0.11183979827447191,0.26468392655131495,0.8108370450123846
DPM,2019-09-30,-0.01917263237870802,0.05220344939057906,0.07710768363242568,0.5402771839103993,2.410383644261146,0.17421140356086864,0.7195103224338371,0.3975309595561426
DPR,2019-09-30,0.498938302899353,0.12437243067861745,0.1021167235177163,6.847510546587657,-23.492011599091676,0.08648448093448105,0.6638018917564468,0.23730150132422212
DVP,2019-09-30,-0.26698877725105846,0.47291599666587464,0.23553822956455572,0.10801300496312166,15.966245813098633,0.11696984440228216,0.9280215768238373,0.0
DXG,2019-09-30,0.331940758408696,0.5186517521140654,0.01447658416116955,2.9604176257385557,0.20793618685522722,0.0835358278216626,0.4342415505852072,0.33408345347877016
ELC,2019-09-30,-0.08165490868778068,0.05245749743258411,0.0688520399726845,1.6184137949096904,0.15794098081149124,0.07942536037842615,0.8008856192542396,0.2700706045574558
FPT,2019-09-30,0.042646048742869584,0.20110470769341643,0.0593858284611877,2.417012131454801,4.274665235690724,0.226309061105628,0.5034922317684339,0.5399171642757984
GAS,2019-09-30,-0.056271074732674245,0.19128926304897081,0.042343639517723256,1.0184645816785094,6.268036353818328,0.31194415612701637,0.7554473760802646,0.2292860789476012
GEX,2019-09-30,-0.05143320266258581,0.12283514583113955,0.044635509902322554,1.5870976922945665,1.464066084266157,0.1885695328212708,0.4039098850018564,0.6862561109688033
GMD,2019-09-30,-0.07948173160767157,0.3495480328151612,0.19567124873798566,0.20319591411491972,2.0879975961882655,0.0708104495159527,0.698112225561448,0.5897223994803291
HAG,2019-09-30,1.0327984941389972,-0.1488971266093262,0.06331420177808926,-6.076869771022498,1.645132200045359,0.047745931064129866,0.40858745528225004,0.5955621832456386
HDC,2019-09-30,-0.17416156214556963,0.20847014793913046,0.012149019185758286,0.6837032925144142,0.15834349141319534,0.07462177449513184,0.42249571491816007,0.7394605834063215
HDG,2019-09-30,0.23270624215793892,0.34964825291247387,0.06289755258219729,6.56511337843896,1.2217113471486754,0.09610654163232461,0.24690008215365275,0.5193880531028534
HGM,2019-09-30,-0.0003529881691381025,0.03105293845368496,0.13088892025268722,0.0032246166698870517,1.610028582838521,0.12191005844629023,0.840382240152871,0.0
HHS,2019-09-30,-0.37222711100767114,0.30111857958568844,0.030705814985825364,-0.0,0.30438013783036355,0.028165544732219758,0.9504308274767133,0.0
HNG,2019-09-30,0.41490058869354973,-1.2856529117349178,0.08466257183010727,-0.271284116968817,0.31012515375666133,0.027617111862325763,0.4235051656746872,0.647210616366019
HPG,2019-09-30,-0.03231442692950648,0.15753544641196918,0.050230381241365474,5.784492964674958,0.8749928827731858,0.15808219517029184,0.47255313144522165,0.7425974307288475
HSG,2019-09-30,-0.1310028892214698,0.045796798074540304,0.053002704722878095,1.1946467841798813,1.29048735368958,0.3693238205964149,0.31745381677124856,0.8243995378748993
HT1,2019-09-30,-0.0651375013987202,0.14742819330846207,0.0949265098583048,0.0680453133161784,-15.742689239465689,0.2167828945164661,0.5501074010092326,0.6716455366640284
HUT,2019-09-30,0.17679612669969888,0.33751450521972615,0.23766293376484235,0.6141746826186711,1.2197631244732468,0.03136434114720113,0.28924566185987766,0.7050276473048585
IJC,2019-09-30,0.7583352088602328,0.11803464612691264,0.013813545711853762,0.5278252880769918,0.5378541822485017,0.10078867965860694,0.23127074488167476,0.15397356517875158
IMP,2019-09-30,0.1645377451225806,0.1546650763615983,0.03382983182704012,1.6544659835203321,0.7162776470887603,0.1872956657261037,0.8319071426966851,0.3400916358609543
KBC,2019-09-30,-0.14209421517160445,0.28865620018584665,0.019779638652799646,8.471627701428643,0.08036373050711489,0.053557158996878663,0.5824639826690555,0.2875817975667162
KDC,2019-09-30,0.0972343562500511,0.06124917136881409,0.04042509959888285,0.03756773836145855,0.9088267601483775,0.1543070067153647,0.6742191379918452,0.5002593286967345
KDH,2019-09-30,0.39686270317615685,0.5866575195586021,0.009240733457464614,27.30925238376883,0.10168986339158331,0.0573632423254765,0.6532761867354118,0.20999103393423285
LGC,2019-09-30,0.1076726846385027,0.6566526927921352,0.6978287049543329,2.4729438836535573,-0.8423194411507239,0.023038633278015253,0.35539139874014936,0.7938413793597253
MSN,2019-09-30,0.1618673836771927,0.28780347000347306,0.08787458560914449,-0.32067466947610995,2.240274586000856,0.15162282530206359,0.5319309985504108,0.7517664941932589
MSR,2019-09-30,0.6423924090405395,0.277802334082624,0.14510285827440428,-3.243857112593577,1.00198893394636,0.09887357948750831,0.42831502572560026,0.7449675437833648
MWG,2019-09-30,-0.05548544896390992,0.05060793253761872,0.01534289688533551,2.36344088885922,3.2961494027603666,0.7828494504329995,0.34895023105943423,0.4763432570870676
NKG,2019-09-30,-0.02253456341821738,0.023562666336577137,0.03643304933040437,-1.284332964481879,1.5255496399725281,0.4058556520466867,0.3925340728661197,0.7107870152253489
NLG,2019-09-30,-0.39482409267010343,0.4238564377693011,0.02448981106622834,17.214745257150916,0.12386357691114248,0.042224434115918974,0.5591541261952468,0.20416753176818167
NT2,2019-09-30,-0.16297543453872204,0.10680496804204917,0.10799657699038635,0.0013722120796417292,2.492683745861651,0.21482166003569864,0.503462032775867,0.5721504902006854
NTP,2019-09-30,-0.5061752616582041,0.132971227552393,0.04816065349384765,0.5579665876392211,0.5209121283378849,0.2020661793737008,0.551170066711642,0.8452534461816562
PAN,2019-09-30,0.14860338589555366,0.08296504368326577,0.04313230930025981,3.8068739722411706,1.2373266326991772,0.2036661845439099,0.5872493019043948,0.7152880116108868
PDN,2019-09-30,0.0498173510764568,0.25702430039564356,0.09332342025424793,1.0801327386054926,-8.898518462765914,0.20698834083303394,0.5866958768404633,0.6319721183619039
PDR,2019-09-30,0.4015621992802233,0.506553973332451,0.007817955145845927,7.021214935343451,0.049240280457508986,0.032309895680950246,0.3162167748128118,0.22223674320337952
PET,2019-09-30,0.07653473599144704,0.02440969767589591,0.007715573980009215,-0.6179580796020174,2.58440917167771,0.5078092601743791,0.3216412245749487,0.4215632765786604
PGS,2019-09-30,-0.0765770414500918,0.017866240515814955,0.020889702021154533,0.2564419249460413,-12.586751762167777,0.7098333327138906,0.4511375536811062,0.11012123632514027
PHR,2019-09-30,1.0527297396826603,0.5806842816595161,0.07996036342641456,1.7957758777888488,6.812038997916423,0.17339507432415938,0.5528700420193068,0.22888278663142342
PNJ,2019-09-30,0.2839998600274589,0.07548192873568728,0.002755995007609616,2.1127251247030125,0.7756787297166716,0.5160236723291735,0.5403280556293397,0.648701978128355
PPC,2019-09-30,-0.14455752383016776,0.12229289367879102,0.00511781536799157,-0.0,1.0614721398232567,0.2762232868776165,0.8282898139948361,0.4358620261403843
PTB,2019-09-30,-0.03868743742810682,0.12756833880447396,0.03317751138228717,6.110398512888343,0.8657370633768496,0.33087787027983306,0.4301797876457222,0.7272258885849785
PVD,2019-09-30,0.006139549417729609,0.061606185236221196,0.13946574710759777,0.06623733941131113,2.245390974711923,0.054634336102910915,0.6743261854211688,0.563337264782219
PVS,2019-09-30,-0.03602689942087151,0.030786917868679053,0.025307306078702088,2.5595333452595046,-2.2566969779604356,0.18279100376932053,0.4985491053592167,0.08776116695734776
PVT,2019-09-30,-0.2439853028582734,0.1382967369119693,0.12572252985072957,2.646599787523003,-6.486980396240008,0.16451901790511925,0.5000922237786671,0.6438745118398859
QCG,2019-09-30,-0.23378904077175997,0.4658634992101611,0.11574260455504123,3.4541452031214934,0.07431474826235122,0.016404843093672367,0.3920329925219338,0.07462639044709633
REE,2019-09-30,0.007503675558163295,0.42118237765412964,0.05716489816949278,0.713323544485478,0.591239498161777,0.07464963017477108,0.59016795862019,0.6437617489448983
SAM,2019-09-30,-0.27414272256699757,0.055988334850141916,0.016985602645809558,2.0986376363411408,0.8168888959891303,0.09939140056733307,0.5420811499558373,0.2534791700572497
SAS,2019-09-30,-0.13129911318159004,0.11053952954412136,0.02019201021498921,1.5123073632181994,75.44996112917872,0.3183787103200724,0.7065030873028743,0.18334981025599642
SBT,2019-09-30,0.13530311373540124,0.05525599318674062,0.03461993590164153,6.774136056101484,0.5903864198319119,0.1912810254022761,0.39827245047874393,0.7699649023375951
SCR,2019-09-30,0.33760838811224825,0.4791713042077409,0.041208914093793146,0.3075121441325506,0.08791334843206028,0.03858970707416168,0.43736818679203276,0.3646653414292615
SHP,2019-09-30,0.792209065958035,0.60774377427683,0.4661748585095047,0.011276794944294372,8.3271601507083,0.11554620577381286,0.5313023378613632,0.8228799387260827
SJS,2019-09-30,-0.9211484508943252,0.1506661181182678,0.0,-1215063552.0,0.06158662470568082,0.0072423128246540975,0.32891192850797096,0.11548381519113766
STG,2019-09-30,-0.027725371723134596,0.10360992130485583,0.04159448847451707,0.39004486113800907,8.71476237378562,0.21528737597087647,0.7588552471038079,0.17277516804048298
SWC,2019-09-30,-0.27168290090436276,0.2503577187706632,0.11467804341413344,1.775157204867423,-5.902316329890944,0.08507112371551882,0.8107599516020947,0.41100938889500116
TBD,2019-09-30,-0.22363449589028658,0.09177016219024671,0.021965818642323946,7.436313434506084,0.4574582579996257,0.2691237927220313,0.2790263701161047,0.6670827683994277
TCM,2019-09-30,0.24796226078611067,0.08242826076422605,0.030946611277117227,0.20261393227960006,1.6178211184572824,0.35870900096217145,0.4741931996711611,0.6241667180966611
TLG,2019-09-30,-0.2121731441152709,0.11139776150336161,0.02819490065478751,0.7273949598824817,1.1884496979955028,0.32346139910110316,0.7417241767575392,0.26336132645997845
TMP,2019-09-30,0.15310008546168624,0.6448574027589558,0.16567439816681362,0.6024878188720136,1.0390700265926538,0.11255560889311149,0.8491279924518914,0.5683303521558691
TMS,2019-09-30,-0.13459515607534894,0.1297208408923918,0.040017864633358324,0.5717556401316594,18.44020252253934,0.18940177087557017,0.5976666059784865,0.6360438250499332
TRA,2019-09-30,-0.13636931403631455,0.12543789977067807,0.05619202528597843,-0.18790514474691966,0.768767651112277,0.2324912671334269,0.7151612120551899,0.38910323932626917
TVN,2019-09-30,0.7916557240993223,0.015307175369476596,0.007171045781717894,-0.0,5.156219688465324,0.5911498639834948,0.42547963585717424,0.5981088269105376
VC3,2019-09-30,0.959079121457301,0.2655832584636604,0.026662738635590908,-0.0,0.4378156460228072,0.12672474449962123,0.45612713138805094,0.32459886511229546
VCF,2019-09-30,0.004220740655543321,0.2500958930368226,0.035333264328304165,0.23145797144915914,1.0265399698759015,0.4074352522707925,0.6261713976779176,0.4884505148453013
VCG,2019-09-30,-0.006201137081255094,0.14799972062998684,0.03482815595015794,1.634816641567683,0.6705253704736363,0.11901491861675635,0.3980233602728478,0.3397831600964217
VCS,2019-09-30,0.05526442860528241,0.29200690907731947,0.028064071309029853,0.627053217907389,0.44896131675734396,0.29171999181750097,0.6105896991765338,0.845766355857532
VEF,2019-09-30,-0.02231082457175697,0.38509062673381794,0.0018739428448730662,726.0155413020009,0.021378063703107422,0.011241895653350195,0.9942633810506968,0.0
VGC,2019-09-30,-0.00523183432496632,0.11646908803830083,0.07333005481714497,1.753731211046849,2.6968883368656527,0.13599296194607297,0.36299728507838475,0.193681830735253
VHC,2019-09-30,-0.12253414439322857,0.1549725746932387,0.024428017320732513,1.1695149172617616,0.725363498848784,0.29502997811264065,0.7371922635946252,0.5897740673505544
VIC,2019-09-30,-0.2067500191967428,0.14538896837752224,0.07367241607848933,8.708754521774354,1.0393640582442611,0.09165153023376944,0.351126736331271,0.41786806939174365
VNM,2019-09-30,-0.019366099200275644,0.22520003977408154,0.043767416601389726,0.9855270200193217,4.6574798866239595,0.3633677551944934,0.6942479279343297,0.3492272893772412
VSC,2019-09-30,-0.03204565038873251,0.19415903428736594,0.15591674952949497,0.35785762648109354,6.094204685301482,0.19173933949441685,0.8161679586074624,0.36321150644281297
VSH,2019-09-30,-0.959898101298314,-0.07356604948751007,0.43432496681848404,-19.308081856438406,-0.2001975710975753,0.005125920612583902,0.36838453675938587,0.9129614790898558
AAA,2019-12-31,-0.2489574504859853,0.06809511423735902,0.0385758032208521,1.1378664861144527,0.7213446365703039,0.23490700295821296,0.4087456949903143,0.7983568709989977
ANV,2019-12-31,0.21372796011242753,0.1854922553137182,0.0,-4661371475.0,0.8604269962596542,0.3421559131890537,0.577118644809512,0.7522997588742387
ASM,2019-12-31,0.13953453839436009,0.08317631362376629,0.019280464673667588,23.924170871564616,0.9970879357417199,0.25111248061774133,0.4029096770923246,0.768830405175633
BMP,2019-12-31,0.08483853274985208,0.10147936442170728,0.0484362174789029,0.3146613635709324,2.191482608723461,0.4123403832769472,0.8664435903798361,0.14652279631444498
CEO,2019-12-31,0.7542435242366521,0.21096543156403003,0.03248188499408241,7.993138322818946,2.0017155100013206,0.17493814435630192,0.45608926314398335,0.5352165086955125
CHP,2019-12-31,1.0564010317409893,0.6681337272776567,-1.3690916798519372,2.1534046321398974,-5.262768427302532,0.09196702146109141,0.4884835516261753,0.8718609026921971
CII,2019-12-31,-0.17089198735301644,0.5082451959354864,0.28415074339270546,3.1879431511336467,0.25605472175079175,0.035776754197159616,0.2963380572024619,0.6099957532413838
CMG,2019-12-31,0.23246899176237784,0.075372418950389,0.03199683406232776,0.5188539021326087,3.482006020527261,0.32015140151992943,0.47905657284528846,0.4704465562850321
CSV,2019-12-31,0.07369313619514116,0.2106337683386132,0.03210475591239099,1.215462468737267,1.1149561874049894,0.33605472134257,0.7393581042606534,0.6199414178320027
CTD,2019-12-31,0.18429481504906137,0.037975824394929275,0.0038044308303990795,-0.19353337568857432,2.5380109341606794,0.46606875883734594,0.522847529410858,0.0
DBC,2019-12-31,0.14268391229429986,0.16469526397348777,0.04522947929827298,2.289299430112962,0.9638067903970184,0.2183656529270006,0.3154441348004132,0.7085790706086322
DCL,2019-12-31,0.4692445568176623,0.3307948729749216,0.038833527599059295,0.3598219417901156,0.7167613689835131,0.18304573200948876,0.5164596955515212,0.3607619159847967
DCM,2019-12-31,0.33909484843174115,0.06942431019998739,0.1693675955204184,0.15574158772564548,-6.08628711632677,0.21092892168042757,0.6000179181042049,0.4385202887944235
DDV,2019-12-31,0.3170465976828287,0.021916410793952533,0.05533163284103585,0.03478940118081725,1.4776826855247398,0.27853946218651215,0.6610572871309679,0.6780416402890825
DGC,2019-12-31,0.2285592594134679,0.12991952589490463,0.05159212657778317,0.4924555966167093,1.542475903668538,0.312512586646578,0.7309511198580632,0.57871991805779
DGW,2019-12-31,-0.04703884577226962,0.03013255089302814,0.0005223471754249363,0.27197723904519583,1.9288957395696498,1.0396987192072673,0.38138954811686404,0.41448762346037366
DHC,2019-12-31,0.6993570539819007,0.21465163518950622,0.0,29199787611.0,1.623161817525643,0.3179332921607875,0.5281077735501416,0.6992637758627496
DHG,2019-12-31,0.37334492246980017,0.1781383281791457,0.02063559637681517,0.424055485427086,1.5426754501097208,0.31820729339068227,0.814492194916392,0.3440505955737925
DHT,2019-12-31,-0.06270288904530014,0.05597776038951966,0.007314757566442335,1.6484633808580866,1.6991699782019314,0.748383298656781,0.4242293549587883,0.3827507259361337
DIG,2019-12-31,0.4959937050785096,0.4107665146979689,0.0,8779388383.0,0.2770727050758024,0.12401917512721963,0.49753795829600284,0.3113401291552003
DNP,2019-12-31,0.05963355818559843,0.08030861986023927,0.10768951246516469,0.915855619206704,0.888514165674552,0.11600660971967447,0.27283828450012726,0.8323776329294138
DPM,2019-12-31,0.19615685090590076,0.13489990533152127,0.06951453185871832,0.02768220182409478,48.42158537453219,0.2051042053814188,0.7133874785928163,0.3784419399125883
DPR,2019-12-31,0.3274331702388583,0.23606438526455908,0.08038835017056802,-3.9000295574184873,-2.501688133461389,0.11644490758178581,0.6107483937908291,0.1927318685181738
DVP,2019-12-31,0.10638716946061229,0.3828495245149274,0.17219854227099943,-0.10680887771526497,-4.8550812106880326,0.1294297356800397,0.9159437091786323,0.0
DXG,2019-12-31,0.31988858325454744,0.3581596739287602,0.0038327569824510815,7.025988670494182,0.21227299597155402,0.10414514885419067,0.46416404907254316,0.41301573518425144
ELC,2019-12-31,2.05367844989591,0.051533380662018034,0.0066140109416206695,-0.24749618514984595,1.1450182284475112,0.4372300429793813,0.5826943545448809,0.11701059365791226
FPT,2019-12-31,0.14081422966837137,0.15195639872383596,0.0485253129645276,0.5815903272037886,309.46757933496303,0.24983293665185932,0.5013500370190317,0.46864633637662695
GAS,2019-12-31,-0.08857665717049937,0.21645077478983218,0.04511671304959926,2.5649063307162896,4.438806294296551,0.28689216036128967,0.7980887191555974,0.22247656169078855
GEX,2019-12-31,0.11495221375222224,0.08250268346540826,0.045432875228978445,1.518986569423597,1.7164246882887806,0.20894583199700126,0.4083937010274822,0.6815030341891102
GMD,2019-12-31,-0.06858249053412105,0.19710862446223917,0.1815791868266953,2.5053763854482756,-2.861390998610041,0.06499329675126647,0.6473545592315659,0.5816392278779251
HAG,2019-12-31,-0.830840443704847,-0.2581698174788857,0.20689721661296814,9.092530442666972,0.3466426041113916,0.022577994967628436,0.440987008070798,0.6811831568321248
HDC,2019-12-31,0.7730602690222426,0.30912398342282554,0.007382014027654132,-4.0691857266777305,0.3329043370576792,0.14355748253474293,0.45161837698121726,0.6657476738263952
HDG,2019-12-31,0.004755214122994348,0.29005108974063537,0.033568749669633,17.689775972967638,1.0613497966096872,0.09410010684146863,0.2377630896061038,0.5700045729998631
HGM,2019-12-31,0.10579309209310866,-0.06550584754841052,0.10556236020340133,0.08117283744536812,1.137081936618083,0.13811158376855068,0.8489732355444696,0.0
HHS,2019-12-31,0.9585300451732648,0.40827000023135973,0.015962199959934698,0.0,0.6234114113771935,0.0712952473366767,0.9487812129191855,0.0
HHV,2019-12-31,,0.48358081123660535,0.30356796775847317,19.226030405488938,-0.4410788587472707,0.011205796546271936,0.24292591629861668,0.9047234964792749
HNG,2019-12-31,-0.23324263266674036,-0.831008340354911,0.21603048065897965,1.1046313222395716,0.7582686956293047,0.023359017000652516,0.4251833145879827,0.6886856668775124
HPG,2019-12-31,0.17165552182093693,0.13970834154643053,0.05105626502390643,6.615900734637302,1.2725657608272594,0.1796795265433852,0.46947124006407154,0.6792185513388435
HSG,2019-12-31,0.03645679299189273,0.05726223757912586,0.049913370389453274,0.2832080440770944,1.3488995777323425,0.3944954352675446,0.33739145593544256,0.8463162457633714
HT1,2019-12-31,0.027853935234469645,0.14211747218270682,0.08897917559745433,-0.33192310544180115,-4.700540061206296,0.22179969376067318,0.5222933809031025,0.6489279867225005
HUT,2019-12-31,-0.2760069387241363,0.34273926342434474,0.3353450875017824,1.9489813493405277,0.5135779284768902,0.023766631113581748,0.2917884827682117,0.7177014948813422
IJC,2019-12-31,-1.3705391483097304,0.2551884716885573,0.06621828547981817,0.03224386022052701,0.08624795294028317,0.026611172454979414,0.2431856491995068,0.09024807614166423
IMP,2019-12-31,0.4218850241048087,0.12882641759542793,0.029309518971940146,2.898870927200936,1.0899204862026077,0.2800702888404019,0.8439318661692683,0.130355205897892
KBC,2019-12-31,-0.17167861937735956,0.7188622096798468,0.077533054299011,0.24254612956983299,0.07094845282145225,0.04801933243471329,0.6314896715030789,0.3162286729897831
KDC,2019-12-31,0.13061688881428304,0.041097105988121115,0.0336418417742689,0.07892176254176238,0.7714193566248577,0.18094834161446083,0.6845816529810486,0.505262996454163
KDH,2019-12-31,0.41358196314847656,0.5427313310887746,0.006409533434139676,5.487259523593235,0.13937427451211065,0.07326862943844824,0.5825585251880299,0.14247653845822522
LGC,2019-12-31,0.020331505326321955,0.5328163451484801,0.5725176316996708,2.3568697986155795,-0.4051355375508106,0.022573723682319156,0.3489329530928186,0.7804802584746569
MSN,2019-12-31,0.030330727982506408,0.22002833836198613,0.07729385354480307,1.5728515793878657,2.5010066511908318,0.1163117650672371,0.5332977701497446,0.6610172018472877
MSR,2019-12-31,-0.8584945470939888,0.20783640997813513,0.2983870540258592,1.14341356496897,0.3504569374268119,0.041367099570463965,0.418805695430146,0.7354529151890622
MWG,2019-12-31,0.01091717539348005,0.05217194124166332,0.017934349781159393,3.0071261692597093,1.9182852528886571,0.6139303179653448,0.2911567175558283,0.47872112441879655
NKG,2019-12-31,0.060672331316906955,0.04280473316669481,0.03549631520196102,0.028425347094037455,1.940828660829449,0.42376823341823566,0.386648023017058,0.6461378551134507
NLG,2019-12-31,1.241420085997065,0.4791626228107332,0.0022118000851809633,109.87116077949777,0.5058812532528849,0.1396672233595775,0.5746794897605597,0.18951232112135907
NT2,2019-12-31,0.06186319957879738,0.1264366213345046,0.10377825883574232,0.0034017207903818195,10.636719798026748,0.2525769726746085,0.5462495332903311,0.5366911952597434
NTP,2019-12-31,0.42701080804687486,0.0906102257913714,0.02939082462457679,0.25327617104381867,0.8839744696417019,0.30419329711901166,0.5646568858893493,0.7544541872711089
PAN,2019-12-31,0.20837278510094082,0.08851116732618201,0.030397112390684648,4.162516522304118,2.32521009417375,0.23470974498959946,0.5705488477950247,0.6666033102336244
PDN,2019-12-31,0.13109238400228243,0.19490605513151468,0.0,17624494382.0,-3.2738414956982247,0.22767670914373747,0.6008668923165781,0.531284096352506
PDR,2019-12-31,0.9646723440853203,0.5685980454870889,0.009196979192765865,174.34300589181882,0.1441802792395205,0.07460875166281955,0.312224962188955,0.22617598089252872
PET,2019-12-31,-0.09139985247271133,0.030611371103045043,0.006662454699275431,-1.4474424626790143,2.1305358509022017,0.4609712063046637,0.3279904605860128,0.44612874474084185
PGS,2019-12-31,0.10958577345469032,0.012538189622104732,0.016961622071118586,0.2007755269871727,157.19410283807727,0.7934682479767875,0.4571674649398054,0.22511655472669512
PHR,2019-12-31,-1.0521769752258379,-0.362784711749794,0.05041687726166065,-2.214823621958425,-0.7868527924553279,0.05915961529928891,0.44740723244358666,0.15888635470198492
PNJ,2019-12-31,0.30222911993927365,0.09812029866335681,0.003537250823634335,2.371135238223673,0.91346671190593,0.6189892918223523,0.5318452756581695,0.6493847368576074
PPC,2019-12-31,0.1804468339422656,0.2482094024500822,0.00535612166701954,-0.0,1.3640734799743066,0.32900354666264564,0.8230223112259817,0.0985554664751561
PTB,2019-12-31,0.2424366876035508,0.11884660207536796,0.03637422625839833,1.844218105734197,1.0559993651147035,0.3870654664408926,0.426385041697346,0.7207227515087695
PVD,2019-12-31,0.2861764152357401,0.11692606378320382,0.11233857311735577,0.06349956770243163,2.702237290525282,0.07170862559803745,0.673332276118193,0.5500185362636367
PVS,2019-12-31,-0.25265963921430495,0.13348761694246727,0.03813168845146033,2.447287625347495,-1.9687414758294388,0.14739397775700766,0.499736817852681,0.10806228510567449
PVT,2019-12-31,0.11003446434894461,0.16725966280904914,0.13018083745157058,2.0040816135796216,-4.929184826313059,0.18168412591511504,0.516263727924285,0.6450064625767162
QCG,2019-12-31,0.021084833952155515,0.06353425154402366,0.17861410633148367,-0.6420729045060778,0.07211778219060243,0.0157719996687683,0.37605377233093396,0.06866067485270744
REE,2019-12-31,0.08396880341961688,0.4323425701671468,0.06002867692600965,1.168762278539786,1.6653816803392858,0.07416900678426291,0.5658355779381138,0.6605739382808076
SAM,2019-12-31,0.9255325333740008,0.07180567327682197,0.0,17902087209.0,2.3604459776168794,0.24928912570876152,0.5518622934357179,0.22713478266688417
SAS,2019-12-31,0.12633669879537035,0.08985137775196728,0.01846904451880156,2.7000882032343205,-15.995703809758975,0.34341409082661056,0.6759334773386705,0.07984314728604602
SBT,2019-12-31,-0.023893583393658102,0.07356668072561917,0.037847252209386305,-5.995181018708279,0.5060769291765544,0.19335376010784816,0.4411037727634414,0.815608996377466
SCR,2019-12-31,-0.09321646974347403,0.1326736987486445,0.03656764804566514,-1.8116889005225525,0.07425775520059688,0.035287748665635624,0.4361897011677992,0.36805546851176385
SHP,2019-12-31,-0.23358872265046565,0.5169630593625065,0.4782784008312977,0.0043539658544792265,2.8509647344059013,0.09667300271311165,0.6010787944943955,0.9369333532410651
SJS,2019-12-31,2.2546685676954907,0.24312463575179438,0.0,1932469699.0,0.5340301579390198,0.06787144215434213,0.3358546328456013,0.12357023550153448
STG,2019-12-31,0.07313492499673362,0.039775742138689625,0.05082377783581111,1.1777339526164359,12.132060278142578,0.2261283919524357,0.7475975850124179,0.1790804856914604
SWC,2019-12-31,0.04005559051698664,0.0852396607872799,0.09071217682126027,2.735638970778717,-10.646468727602207,0.08900867119315671,0.8207471808444716,0.4250637060084198
TBD,2019-12-31,0.4835087248069567,0.10561064168821617,0.0,5676912944.0,1.297600742807755,0.555804274621518,0.3908507582760574,0.48254098595862277
TCM,2019-12-31,-0.17281090842305924,0.10565717154224462,0.037991458216250266,0.2592581920755656,1.5063284594553132,0.29656752694551786,0.48763677954011475,0.5717364300379053
TLG,2019-12-31,0.20903077993541327,0.1272527644657962,0.02361179990827479,-3.243632061078132,1.182442780828766,0.39848419223222104,0.7476453038660836,0.3622781642522397
TMP,2019-12-31,0.2054064173032829,0.6987889485340096,0.1577155448102986,-0.0,1.7483824834611552,0.13514602227707134,0.8457739677893069,0.5187210718867644
TMS,2019-12-31,0.009760709843758902,0.10039219902789588,0.12179359310900333,2.035254341428019,-8.278616127865499,0.18546374992336734,0.5881586499560338,0.5620192622900072
TRA,2019-12-31,0.36376778904513846,0.15742295027494693,0.04374434714024394,1.5595870803296183,2.02935318917419,0.3448389652994834,0.7114611701068305,0.3185048051091051
TVN,2019-12-31,-0.8579855954405351,0.022207796420166466,0.016814572858651115,0.03127559717116619,1.8794608599269724,0.39379489001879975,0.6239157524635817,0.54011035909257
VC3,2019-12-31,-0.2649127020688549,0.3070639287315278,0.02154229079126991,-0.0,0.3475755528440628,0.08556806387934976,0.41981968592596525,0.24352335870073794
VCF,2019-12-31,0.35097881568083783,0.26746255140870595,0.02482027610744204,-0.0243577335267027,1.0896898931108814,0.489622464006939,0.6480260126038179,0.44098713419983676
VCG,2019-12-31,0.4421677102263887,0.12926595294494395,0.007738410753899241,4.570446217315035,0.8070391265425471,0.20501293412891752,0.4279862607545052,0.4626830279233758
VCS,2019-12-31,0.05915648642441795,0.30364482620526195,0.02639544258598208,0.3209712166579607,0.44594563290921085,0.28126607059887015,0.6176282673795165,0.7822921024959839
VEF,2019-12-31,0.46229243591391345,0.3056010729862876,0.001045171019129312,1206.936534973104,0.03386465268994057,0.01780059827971245,0.9957095639663298,0.0
VGC,2019-12-31,0.07390450749028449,0.08735248685945518,0.05598355066641048,6.481699341140932,-11.815695068977927,0.13716980508202603,0.34680603928981446,0.162799468571094
VHC,2019-12-31,0.14999097057385546,0.10553940771861374,0.02187691412215147,4.646685809981538,1.0197021326360445,0.33689935226141093,0.7377270185390307,0.49932198720060045
VIC,2019-12-31,0.36541006154614053,0.17685619438073152,0.0803551240092451,5.3102769059561625,2.3570131376149135,0.11545901952898852,0.29517536673420824,0.4081126468081977
VNM,2019-12-31,-0.002319170024364148,0.18470103861423073,0.04243126725203794,0.737266061668606,27.469729222220508,0.32523504000016323,0.6651306357761008,0.3657287651165963
VSC,2019-12-31,-0.031612073811014385,0.24899168742415656,0.17489079007516123,0.7649471956571304,5.0733031173865095,0.18717805178084057,0.8649671138390701,0.2351895847063299
VSH,2019-12-31,1.0043532956566088,0.4912055061534247,0.35191508105046154,48.89134560922529,-0.7598813884838975,0.013070764298212105,0.3491679632798831,0.9166244005991121
AAA,2020-03-31,-0.141623888330701,0.07638324682393866,0.044613355908504335,0.20692573875607914,0.5846207667333543,0.2097109873817097,0.41720496839026633,0.8293350846254518
ANV,2020-03-31,-0.5377868862718281,0.07929688034018634,0.0,40930350697.0,0.4245949437462427,0.19806411484553174,0.5824049066832461,0.7995461840296616
ASM,2020-03-31,-0.18994470968307442,0.08538858749410212,0.02416039321766742,2.1530869856068393,0.6136446772454874,0.20532332774944276,0.4082268921245533,0.819575122692937
BMP,2020-03-31,-0.12461101373943205,0.12337805675943121,0.05692776726643632,0.28414841467566176,2.05629996596973,0.35180428378865203,0.8720565404541113,0.14672712563090776
CEO,2020-03-31,-1.516607196571769,0.17411709679079865,0.13682236922218569,4.294431089254877,0.36846418283305693,0.03875053261633262,0.45824236593110446,0.5762129620104409
CHP,2020-03-31,-1.0892575414932923,0.2595435140660487,0.6462980624743376,0.002641225752941236,-1.3255365028112671,0.03214762811271084,0.5030902818399147,0.8954326737927759
CII,2020-03-31,-0.059578298717727476,0.5345756721215401,0.31335287018971836,1.0328853546362504,0.29554178764421707,0.03374539530420899,0.28582069155976464,0.6974028378978262
CMG,2020-03-31,-0.3169070245897859,0.0657957783252058,0.05454025240406178,2.215013590020114,3.0470459482509833,0.23695679924213944,0.48445172525868335,0.4658992239802263
CSV,2020-03-31,-0.2483216401154778,0.19142261689848683,0.042981864182815695,0.01661554946781326,0.9531066300651179,0.261692501313004,0.7766306087286576,0.5244115825768589
CTD,2020-03-31,-0.7342322281914271,0.042751401928461406,0.00787434752660582,-0.21743385160490897,1.0613403922360676,0.24366330390397992,0.5779274490781797,0.0
DBC,2020-03-31,0.13349174338469502,0.19113181658784884,0.05769958576805933,1.2313731747804197,0.9492736540897706,0.24132577312543343,0.34020143274584297,0.7127616074734868
DCL,2020-03-31,-0.4311911318859892,0.09147561132542507,0.03862430154462808,1.8497052083578363,0.5611784222298805,0.12150051078091186,0.543572561865804,0.33948624646513054
DCM,2020-03-31,-0.4400561903509052,0.08352682612144735,0.25955746990435946,0.19842899690233567,8.58580367342623,0.13559196816607158,0.6066304937117188,0.45548506497112234
DDV,2020-03-31,-0.2692163102457302,0.0011952375155301412,0.1031260081716966,0.07432212107283956,1.4453717057769242,0.22516343401844796,0.6956659241473414,0.5126104869626834
DGC,2020-03-31,0.045414271150354193,0.1393108725725544,0.049900177462206034,0.4168839599802237,1.4174511745050868,0.31292612377677537,0.73996042165182,0.6700562081920751
DGW,2020-03-31,-0.07845723006526673,0.02762913434371502,0.0005269220371277182,0.06545212818151835,1.8189288307474045,1.2176656280939997,0.5079814265962369,0.5437990360019069
DHC,2020-03-31,-0.0012603182731828293,0.18249330558122082,0.0,4343091642.0,1.4843812720991858,0.32286744073996126,0.5539864944890491,0.6755321514460334
DHG,2020-03-31,-0.3875633117615757,0.22344909112659764,0.03180597669555473,1.43538726003495,1.2217810500334698,0.21352726186742274,0.8415273905284426,0.27400450402588683
DHT,2020-03-31,-0.044975622949908006,0.07638342385834054,0.0,8642657817.0,1.7143304756895976,0.7267817638575199,0.4670361976281079,0.4504988196812388
DIG,2020-03-31,-1.29577151998718,0.06577781157112372,0.0,721028407.0,0.06874679734891095,0.03440225268480899,0.49476358491748856,0.3097761704620673
DNP,2020-03-31,0.09106336488204247,0.07564019977609425,0.0576550079446461,0.19049376603129048,0.9925396091233611,0.12062556613863148,0.2613246380739276,0.7955435510911462
DPM,2020-03-31,-0.305052911465118,0.09026214306042768,0.08740399837214127,0.09608822281525864,7.126886972387679,0.15120635570438465,0.7227684829419323,0.38373082177492307
DPR,2020-03-31,-1.2622165863399206,0.32300973596740873,0.22997762072296107,0.15239829842689046,2.5618357548618365,0.033987399557797685,0.635562231276385,0.2191153276226908
DVP,2020-03-31,-0.400559803488667,0.49798568719018804,0.3142003796046384,0.0034053212286484537,41.88590959265966,0.0863148273821022,0.9460125320887732,0.0
DXG,2020-03-31,-1.18262319813192,0.2709375100726143,0.026328660787940245,1.015096649191083,0.060768469082441094,0.02985423286626861,0.423904809952252,0.45811867308370946
ELC,2020-03-31,-1.1859230412865682,0.030267016336387304,0.01777438799257655,0.2608319037012044,0.3643497213237783,0.15012716924982364,0.6581776182720621,0.0916454902448236
FPT,2020-03-31,-0.20827209551806453,0.18188462116330242,0.0647595328087858,1.8015307472612443,3.388316149689637,0.19839345100398006,0.5122718176357585,0.5891653139354289
GAS,2020-03-31,-0.021787550588342718,0.17177851020296722,0.04274935832058442,1.2181400045273065,4.032569530336595,0.266992362221639,0.7939041689883877,0.19823629973091925
GEX,2020-03-31,-0.22427271929631673,0.08717161678451188,0.05439915533717854,1.072082413961472,1.0493301839430809,0.15771493010287574,0.3836585083776283,0.6988907162512601
GMD,2020-03-31,-0.05825069019395925,0.29104556453942393,0.22464782810725764,0.5160843576193749,-5.659286055508843,0.060364557063879616,0.6494902198652037,0.5796802638198314
HAG,2020-03-31,0.14668261916535907,0.1864817209953856,0.35830622050741046,2.2398422788054133,1.137833504725695,0.025635588461038812,0.4169484686800362,0.6572423148436224
HDC,2020-03-31,-0.8557613546607861,0.4112431068561963,0.02365041934438324,138.35500296765755,0.19177318767177748,0.05937097933809562,0.4658272517053912,0.6606514123418732
HDG,2020-03-31,-0.1460082150166079,0.3421313263950439,0.07561493365725219,9.82260595393847,5.063598779738796,0.07654244612735181,0.24086522541608524,0.5608783324092662
HGM,2020-03-31,-0.219890632758615,0.10247232271476847,0.11318964208758002,0.01443205049309855,0.7285471320527173,0.11254970570316793,0.8717937898876602,0.0
HHS,2020-03-31,-0.2786742631515083,0.3763882533043194,0.022503244123209216,-0.0,0.4578284767262105,0.05313054187230802,0.9500269586644903,0.00041937360174010714
HHV,2020-03-31,-0.07308054963080828,0.3561273720230493,0.141795606990853,6.652975608391687,-0.3051309691046463,0.010180394837298472,0.24286338443815558,0.8772680998311301
HNG,2020-03-31,0.23086590707949473,0.12159744463739179,0.39081269080098807,3.3684579167219297,-3.3490246236002488,0.028350635269013505,0.3930687333985666,0.661572407152639
HPG,2020-03-31,0.06381718391394435,0.16097374946043463,0.06675884708974231,3.142644860495383,1.0927797190053012,0.18201037386943716,0.46740632696822326,0.7247494703618615
HSG,2020-03-31,-0.1270556024575208,0.0656785491571584,0.056347395077265064,0.10532435979693623,1.2311427167333584,0.3421598243764514,0.34388322363711565,0.7706074908943281
HT1,2020-03-31,-0.26944048082977917,0.11276696720448905,0.11046280717682543,0.2313368351234513,12.48448414037279,0.17832669829950965,0.5590833977823657,0.71116776471897
HUT,2020-03-31,-0.16254297445176133,0.33539748662814844,0.36315898042355227,0.4761462478718594,0.4649718182847071,0.020187039643054946,0.29130938184880917,0.712478686113105
IJC,2020-03-31,1.8997439281895825,0.11287816826904284,0.008346618138756597,0.12424317726074602,0.9522315854099942,0.20307896293108074,0.29519403132227007,0.11362706019396876
IMP,2020-03-31,-0.5306627130734781,0.17207424905373134,0.05244481087800447,1.2992996873171958,0.5690657570667769,0.16747226985443744,0.8805475251644579,0.2775855924048822
KBC,2020-03-31,-0.3259118813721243,0.308048264644915,0.051899598004055345,0.599843704014081,0.06871289298286778,0.031149066950389874,0.5695714106661934,0.2654371782852821
KDC,2020-03-31,-0.2100526263266489,0.053943411826746605,0.04218096964890215,0.2542157873844065,0.5601878158720859,0.14921363931725867,0.7011875993846644,0.5833566530268262
KDH,2020-03-31,-0.30694918326353954,0.2887123453622516,0.005100894696959584,1.022657766239093,0.10445942599349643,0.05216096468409931,0.5750677410060246,0.16534227690679132
LGC,2020-03-31,0.02510159553713972,0.6270003928422976,0.7010175085084405,1.298880956414836,-0.4792467065263928,0.02278514791736027,0.3468631044334558,0.7927755338850063
MSN,2020-03-31,0.4528052960354834,0.03473421238310167,0.06184644393381053,0.894597649547072,1.1638566537345323,0.16938406654833235,0.4907545985562359,0.7340191599810897
MSR,2020-03-31,-0.10797296625811904,0.08526206176933503,0.30014012208734964,3.1641021978289894,0.287298923083175,0.0392192182340569,0.43554994548421744,0.7979923459130278
MWG,2020-03-31,0.14112542584796156,0.05840858847733995,0.016956551724919385,1.4183542203707988,2.638595519742592,0.7997552294296417,0.3628639904329756,0.49456519808696
NKG,2020-03-31,-0.295812023686471,0.04246068068976037,0.04775716787687917,0.022604752780634563,0.897873732210234,0.3090728501421171,0.38428212379427684,0.7342618161915578
NLG,2020-03-31,-1.2239264777933687,0.32321200212285334,0.017056669149555212,0.552643364077086,0.12928782311469364,0.040534947434482715,0.5769633922621942,0.1930150351106821
NT2,2020-03-31,-0.10026452669541909,0.11677791174460972,0.11344591140487892,-0.0,1.7375138566333295,0.22815115628049798,0.5684380471915026,0.5657426308000956
NTP,2020-03-31,-0.3577939329361594,0.11459202094196212,0.042947392618788445,0.27132766377451434,0.6710579376169968,0.22902963412402505,0.6026816932664131,0.7884968373232252
PAN,2020-03-31,-0.6257837837962843,0.0680013871130289,0.0680481431954661,0.5005386630875057,0.9677305644822275,0.11383202822837558,0.516891428196336,0.7839427581482283
PDN,2020-03-31,-0.22308221520123125,0.22726533176998895,0.0,10179585924.0,-10.384740507442531,0.1864980696683908,0.6189645601996521,0.5976866783163717
PDR,2020-03-31,-0.5048749479021906,0.3142208793773611,-0.006931746051276851,-27.891329976148842,0.07648311453021617,0.04684836413087835,0.3074320788674012,0.2312369623812317
PET,2020-03-31,0.19693777228957146,0.023006224205667027,0.005880263582724904,0.07045501730326979,1.6768108427472532,0.5055754198522497,0.2961660673069953,0.45756618823713024
PGS,2020-03-31,-0.26635115448709584,-0.015656955417191018,0.04624616340423008,0.6188738091622963,18.57486811691497,0.6581397770369727,0.48307863647562027,0.24971020661608379
PHR,2020-03-31,0.18490259155308347,0.6235008502866313,0.1641522662731119,0.2995981552563342,-10.029128941596763,0.07510740261121827,0.49566958253263277,0.1847982962085678
PNJ,2020-03-31,-0.06162936786701944,0.1102985668449357,0.0039018812115572043,1.7854402187661755,0.8614173892252953,0.5966229908224535,0.5942635541138804,0.7095526503413541
PPC,2020-03-31,-0.057269409102212995,0.07563390779166479,0.004402561013900384,-0.0,1.0114935980525155,0.3279343805585397,0.8834433468403174,0.0
PTB,2020-03-31,-0.31329433743629265,0.08784185074106958,0.04468339615213139,2.12410102146772,0.7602420365055295,0.2805922705513188,0.4363461862948069,0.7297969922259832
PVD,2020-03-31,0.12952813746089054,0.03453858572396537,0.0981977214035374,0.01240239678758672,1.9457228738780807,0.07986193405841797,0.6647381296568647,0.5287140343248974
PVS,2020-03-31,-0.08837861435603624,0.0565045297661496,0.04264717930815946,0.6015586045252969,-26.44306687074309,0.13305175233411312,0.5097325860126319,0.1080570901961052
PVT,2020-03-31,-0.22255465088517118,0.10608015002455543,0.1475093319025044,0.0315936110136568,-4.071007170215846,0.14270713639993296,0.5187408782340732,0.6126310969278902
QCG,2020-03-31,-0.41150149170131867,0.3619270479371524,0.17237382711224244,0.36702499623661017,0.05025356049540028,0.010469493867681503,0.372958771689346,0.0693111622344762
REE,2020-03-31,-0.15272596945533098,0.33775717851284287,0.09588619091803074,0.936929894616145,2.017576098473528,0.06373467080169475,0.5500594852238354,0.6420929621126499
SAM,2020-03-31,-0.9616456617596637,0.022306135386780845,0.0,20171020248.0,1.4323666422412364,0.09296707283729586,0.5386348325778068,0.21856775921440616
SAS,2020-03-31,-0.3948674439421201,0.03313804005425869,0.02308047837895171,1.540777149663742,3.9504794619100245,0.2397488409914349,0.7073677070677208,0.15436494226544084
SBT,2020-03-31,-0.08909816095163056,0.08282348858877187,0.04062727793234433,2.301027096975251,0.40839726345285055,0.16565733911934916,0.4230239062179408,0.7940928140428041
SCR,2020-03-31,-0.6718933686887341,0.3697165276892526,0.08998248456930052,0.009452034223571106,0.03711621726435233,0.01795625512095339,0.437992145060129,0.3718698570744569
SHP,2020-03-31,-0.8927386489376457,0.12782765607318564,0.6298459031012064,0.001003319618837065,2.3374988709774636,0.04108891502705457,0.6210398495369833,0.9585425984768025
SJS,2020-03-31,-2.4054187635508724,0.2091006331586523,0.0,-0.0,0.050919769328705185,0.005996757999999809,0.3298918820813071,0.12971943570441186
STG,2020-03-31,-0.20249454387790916,0.02530595985102123,0.056532079936795224,2.866722110501118,3.47837686058523,0.18444318295542694,0.7473673283578354,0.2474073645915488
SWC,2020-03-31,0.08594614430471627,0.25878789831033494,0.11629977860715338,7.328726643066606,50.63355874527161,0.093684598738013,0.8114164066450291,0.47623494643517517
TBD,2020-03-31,-0.84331386039492,0.09760983120110918,0.0,202140000.0,0.45467977122824776,0.2365853324909778,0.39862923684242496,0.5509115469895874
TCM,2020-03-31,-0.0817225096806616,0.06450088154645145,0.039652923292930166,0.1541305841735618,1.1008291948087967,0.27779824221643246,0.496900722753184,0.6820442645975636
TLG,2020-03-31,-0.6959931687745309,-0.04073214889610786,0.040460975637843385,1.268664350346081,0.4881383325296636,0.21206803368402175,0.7638585839907649,0.5038692404379513
TMP,2020-03-31,-0.9418409329481631,0.503177643352146,0.2534277632455011,0.4014264952598807,0.4606499548092788,0.05352923332384344,0.8867033607929374,0.6955586476251061
TMS,2020-03-31,-0.10853942302022994,0.14820570160285818,0.046244002893191936,0.3231831722613078,6.720097250872553,0.15998026364982768,0.5999327141192554,0.6569670602051734
TRA,2020-03-31,-0.3115006983816512,0.1440108101106722,0.057978949791527234,0.1993031059093555,0.9031553445956507,0.27083961442180254,0.7633308103828474,0.389820009415279
TVN,2020-03-31,0.25715025769411853,0.018776811105899533,0.018828816551536877,0.2921762997962124,2.5274723351688353,0.312015090596513,0.40750286102831945,0.5519076759138671
VC3,2020-03-31,-1.9290000176238014,0.08975655656427517,0.09315822957112992,-21.338351001833676,0.021038137584371546,0.010437853745810967,0.5651073181260232,0.23603149374999718
VCF,2020-03-31,-0.7962647982531061,0.27287813530947386,0.0486976178732683,0.13745528046300165,1.3170396178447838,0.23420292727617673,0.7363577059987345,0.5132890326307378
VCG,2020-03-31,-0.7820811963727644,0.11434721578953551,0.041433480260462265,3.8163882151372044,0.37939913961028937,0.0971050160653511,0.4379591682245265,0.41232444516443095
VCS,2020-03-31,-0.1316224465732143,0.27139087948799046,0.02882693257901421,0.4362572752102153,0.3648271381421449,0.24762750371632777,0.6138456479516838,0.8615056127761156
VEF,2020-03-31,-0.3655588055379164,0.6819517184003961,0.0032889973128483034,197.22049473665618,0.023098079758580015,0.012279911768103198,0.9967411697352351,0.0
VGC,2020-03-31,-0.15112439839964245,0.11020494269290909,0.07550675527782776,3.1541557700782743,3.2046598699602007,0.11816579851641723,0.35305280004987255,0.1713071009932983
VHC,2020-03-31,-0.2749152440888064,0.10886085966649561,0.030645296008870945,3.757082027272949,0.7660786464897058,0.2627807183087713,0.7809243952819394,0.5878910439514511
VIC,2020-03-31,-0.6552392643201259,0.24680592110714733,0.13711353369530827,4.356898840820529,1.1117249749308098,0.05922926703261452,0.2952334331604218,0.4327487091969366
VNM,2020-03-31,-0.0043645624145423395,0.23491553743629703,0.05015747352852011,0.6469469590951038,4.081423021694775,0.3141628094294469,0.6998948451170816,0.45342208794272437
VSC,2020-03-31,-0.08670593045227999,0.2004529846613931,0.16328108348494316,0.268985772361489,2.584693026494001,0.17113429574616162,0.8923224414182863,0.12251450953569112
VSH,2020-03-31,-1.161816537658669,-0.020116313962770922,0.5020103378612182,11.39778093431708,-0.22106740874810651,0.004067331904484507,0.3477006070914688,0.9250547092034388
AAA,2020-06-30,0.1287559605071567,0.06993805398179259,0.03912756819990013,0.9328426120511462,0.7034930155149348,0.23796568762248893,0.41630553085349226,0.8107336568913859
ANV,2020-06-30,0.088353145548272,0.06028320185374633,0.0,20102955894.0,0.5360141832578619,0.2261237007844511,0.5848864720357548,0.7715313061859764
ASM,2020-06-30,-0.09428339700214569,0.10635740251382443,0.02710111078239608,4.803164716928028,0.590170466473164,0.18272911078507287,0.4088792881509008,0.8076369023678551
BMP,2020-06-30,0.20387513026947507,0.15333564910306396,0.04888518795569276,0.05163197294486826,4.512602720350887,0.423147806699438,0.8116699860572508,0.09769349901590495
CEO,2020-06-30,-0.7122157769167664,-0.4644873913622971,0.15740965308362664,2.8338233511412625,0.2011856877797233,0.019298396366215054,0.4509165863002393,0.5965785597931004
CHP,2020-06-30,0.03947525007002269,0.27099155400552916,0.0,15257177923.0,-1.6135761809443836,0.03385639484041859,0.508038107463869,0.8949224440308565
CII,2020-06-30,-0.12643063372648675,0.3304964770013426,0.2439437696073855,0.3678800022059677,0.260095228433259,0.030264355290157585,0.2749896796909765,0.6926296921318817
CMG,2020-06-30,-0.01760803452745843,0.062127290683671434,0.046483644870456434,1.7577597788216088,3.204297367139441,0.2183239771267181,0.4626021561066946,0.48309830656519925
CSV,2020-06-30,0.040960118441654945,0.20208202781572218,0.04105290967949148,2.9922484092934067,1.2509514946307232,0.263948696755149,0.7740291425924154,0.44979622100652406
CTD,2020-06-30,0.11060386185813652,0.049208641199464276,0.00702437832628004,-0.019320276986512633,1.1766990932929704,0.26982890166603557,0.5615225284652653,0.0
DBC,2020-06-30,-0.07057646899279044,0.23322820113142975,0.06612354238173174,1.1076869658286488,0.8601259056182424,0.221106086027261,0.3681128807595,0.7087819544358194
DCL,2020-06-30,-0.20760736241039057,0.19884277287833332,0.05331771576628908,10.013517371772956,0.3833620725835255,0.09395001240093973,0.526944140664834,0.3758488521051731
DCM,2020-06-30,0.35012385340840085,0.1521803793523391,0.1971438582810291,0.1753083228942217,5.286123222962325,0.20755271012894252,0.6805591926529877,0.5281621364484037
DDV,2020-06-30,-0.41559095395755313,-0.08093405033088998,0.14441832195475618,-0.059377206648024566,0.6515398162923558,0.14893214576506295,0.6819594400522404,0.6852676905736381
DGC,2020-06-30,0.04364127363363438,0.17875555545268265,0.05035838540071718,1.4865375857336562,1.6082668435727885,0.29328114704073277,0.695346601819255,0.6815229013846801
DGW,2020-06-30,0.11547520727544237,0.027335713034476343,0.0006483413409028138,2.465624821359324,2.2236402948420775,1.173269841886315,0.46301885785304725,0.44291629359781165
DHC,2020-06-30,-0.025737134235150453,0.11687125923486576,0.0,7858427623.0,1.59107575848489,0.3052822548847379,0.5459255167760658,0.5132002899459316
DHG,2020-06-30,-0.041518032390435756,0.24170856719186776,0.03446726684728051,0.20114373289896958,1.1332459651775442,0.19993960862586782,0.7428703018292914,0.4054357695849183
DHT,2020-06-30,-0.2716612953345071,0.07825136052629195,0.0,8110592967.0,1.2181105691192382,0.5245552766240877,0.4035963857712762,0.41891551490994855
DIG,2020-06-30,0.8517068062276875,0.14333937260988047,0.0,-1322214991.0,0.18875165336780758,0.08018502234591379,0.489560612816106,0.3041877414759828
DNP,2020-06-30,-0.3291626635583531,0.14974015410797867,0.17237770648657447,2.351935784331908,0.851117463515773,0.083367332090603,0.27703556791930894,0.7976335974780528
DPM,2020-06-30,0.25208596075552997,0.1734594512422506,0.07446269444770993,0.17131405593514548,-28.939104362234477,0.18815077321093818,0.7010003574066701,0.330418166010203
DPR,2020-06-30,0.5721251604742271,0.18372410818449855,0.1653817597773665,1.990245294201014,2.924473711765915,0.06226512545481917,0.6439913075138152,0.21981709960904935
DVP,2020-06-30,0.30228964789419327,0.746331075965083,0.43618819450686197,0.22789750774933693,-1.192218191757531,0.10787094059374855,0.852222184223761,0.0
DXG,2020-06-30,-0.17828104419177918,-0.6196872287383296,0.01409671722207312,1.4738481742924565,0.05411698376927401,0.025925793271337406,0.4223389228481103,0.4940598322022841
ELC,2020-06-30,-0.13330860243199433,0.10100088292243156,0.018295883949603593,-0.19803626321699638,0.32522433245241855,0.13606645524501623,0.6885179420319139,0.1192903522396225
FPT,2020-06-30,0.054518777607873034,0.19233533027710598,0.0633453825374616,1.8490609931872048,13.082666878372432,0.2007816398337045,0.49853316015054083,0.5761072784822909
GAS,2020-06-30,-0.087614200615262,0.14395568384560167,0.04576564118570085,1.667798821980692,5.475969394724223,0.23842007361154421,0.7971602753116661,0.16230684946539187
GEX,2020-06-30,0.15744818896235435,0.1407453262310256,0.05116198622124603,5.318363006315783,0.7666295073841508,0.1952538365378902,0.35889298224027294,0.7407613663026803
GMD,2020-06-30,0.0862119168186574,0.26407524736972254,0.20779587114613715,0.5975842291720436,4.680462877471631,0.06720455626585019,0.6676626782143297,0.6056686495156229
HAG,2020-06-30,-0.1598541838132582,0.19749220595934994,0.22598434266854658,6.546196323782406,0.2453618907617325,0.02135532283876065,0.3966170067593952,0.7355400911837322
HDC,2020-06-30,0.31762361709240483,0.2563386824230627,0.02266058974688808,1.5436757367910567,0.27008929348094696,0.0781160460086078,0.4510757353572524,0.5844148897998713
HDG,2020-06-30,0.5754485312926262,0.3983939705317074,0.04587954657157245,7.335319736403094,6.259583467537854,0.14200769298330065,0.2751826139552579,0.6135016751487707
HGM,2020-06-30,-0.025322542912127433,0.15143001288110558,0.12279037055603358,0.07983444057293741,0.7303947952402895,0.11522865944202809,0.8598713365061367,0.0
HHS,2020-06-30,-0.1461426972747334,0.7450713997898563,0.06740134613384319,2.113540865884213,0.968618984293218,0.042896300085460644,0.9237954673790137,0.0
HHV,2020-06-30,-0.19904924758352904,0.6245308401746107,0.7579470813335059,8.691650261713294,-0.18357412433675172,0.008227013289877155,0.22790496346349656,0.8670184597390385
HNG,2020-06-30,-0.28240122682529645,0.25594109536135157,0.3381794788190024,1.241354739792795,0.24424105708570612,0.020404901808970363,0.36215909272305735,0.7677558751361595
HPG,2020-06-30,0.06914141582451666,0.17324083563360357,0.0659403459000285,2.1665411826803047,1.363039106396051,0.18545599245570646,0.4667845833169954,0.7103492569717735
HSG,2020-06-30,0.16660336819524055,0.07356340138842297,0.04842584750519443,0.10542545458817718,1.322825494151162,0.4176181023671711,0.3742200615349022,0.8234368366460973
HT1,2020-06-30,0.1584135392687726,0.15043648863803175,0.09837333848119369,0.060354022673670446,-12.929754783457984,0.209115038739973,0.5701579781837098,0.6226412868002419
HUT,2020-06-30,-0.25153271518518183,0.26286398866702876,0.38577398674771685,0.5226574591038721,0.40436827910517487,0.01565427438982111,0.28928467204846436,0.7098847202716504
IJC,2020-06-30,-1.8455012335819347,0.36030534887613264,0.07351533024448438,3.1842742029128264,0.14817191074084113,0.03171471603844449,0.27581825736246296,0.1553389215497656
IMP,2020-06-30,-0.0379904835967327,0.2050824939675885,0.05754110558574057,0.7797437210218038,0.5801881382769014,0.15098707281607204,0.8176872995329076,0.22455905583079863
KBC,2020-06-30,-1.0988480018698186,0.3785397147650424,0.18308697692824802,1.0271636098026686,0.02202149967554671,0.01049752494855405,0.5765885303157282,0.2784064435926308
KDC,2020-06-30,0.11606446571545853,0.07840885528087056,0.03593497847599233,0.2417068770731315,0.734200433807166,0.16241777746241887,0.6492914656475259,0.5530351362332878
KDH,2020-06-30,0.1184171009679376,0.404819363804907,0.005597336054578495,2.179206816538648,0.1181619465993954,0.055026234746336174,0.5218752506619532,0.1973231853049135
LGC,2020-06-30,-0.03094213874171014,0.6223400980919972,0.6679531633570686,2.1675673077183917,-0.359511122886383,0.02157924517925008,0.33045966566128915,0.7776186145134931
MSN,2020-06-30,0.05411126388831421,0.06249288100792366,0.05952484632674508,0.19334618403702858,4.700852934428211,0.17892458088827248,0.29730604575286956,0.6602164089543839
MSR,2020-06-30,0.5815164238126768,0.20844329238024067,0.19475169366303696,0.400264941746789,0.4227610702793772,0.054585104788564744,0.3256583578560105,0.5646025876936547
MWG,2020-06-30,-0.108170934504697,0.052549199689457364,0.02047568146184948,1.9328706602626204,3.449129662661636,0.6901245320478241,0.3722104757026337,0.48660263136309645
NKG,2020-06-30,-0.04554370374911531,0.03021069603046721,0.03252600008055126,0.3833125571406465,0.9348033632652625,0.30172522827853915,0.3846465822458964,0.7273368350567884
NLG,2020-06-30,-0.4281273149860875,0.2996161601431053,0.02908439782384736,0.9480139136297752,0.0803002215372716,0.024424515499997315,0.5239378803699243,0.27948708401718014
NT2,2020-06-30,0.08735399723861367,0.14519668159842344,0.10742325240098581,0.005229780356139192,1.9405511797949657,0.252956849011233,0.6078377178237748,0.44649209272043094
NTP,2020-06-30,0.21826628601359152,0.1405470928581392,0.03556861191486266,0.8993367377021252,0.7049752483467866,0.27277068903072765,0.5770400240492957,0.823596667183054
PAN,2020-06-30,0.3916443582294077,0.07394142645434357,0.05318882364309578,0.27653407827840576,1.0167788589842293,0.15835464475740801,0.47001630085690704,0.843107540902888
PDN,2020-06-30,0.03019679055408153,0.25657065053777234,0.0,22597233866.0,-2.6744081950097423,0.18221452774707794,0.5784585739479282,0.5132958176170245
PDR,2020-06-30,-0.12976966717289778,0.2742528747065027,0.01527269205977241,55.47675170723833,0.07069400383241044,0.038636810471946684,0.29580133768687594,0.21946895775214667
PET,2020-06-30,-0.12315951096914948,0.020287663768289263,0.006673108097659131,0.04415214258156027,1.5004061217860176,0.41907632107042747,0.2672955520100284,0.4258265664651204
PGS,2020-06-30,-0.27228089222300944,0.009399188945800246,-0.010167333322214632,3.0989014293866215,7.911482962301314,0.4895711759428445,0.47316950487271686,0.30846907674174767
PHR,2020-06-30,0.38653817551097774,0.6934837013951164,0.13587693350742774,-0.19060175762496498,7.521424476029183,0.10371605779457534,0.5187586300969077,0.21522020603261957
PNJ,2020-06-30,-0.6017400511041754,0.031705332946993424,0.006741793227672773,1.1828765947348079,0.4708846639650398,0.33595824651661976,0.5759594425930294,0.7648931000988425
PPC,2020-06-30,0.07361528640704405,0.1296164290012538,0.004432663410392442,2.0679718868971446,1.046582585240593,0.3580544735439621,0.890109020306394,0.0
PTB,2020-06-30,0.10350353523196036,0.09477616181599846,0.047477776395235406,2.616981539330515,1.011874041719906,0.314709670671309,0.430812884733442,0.6781159274845853
PVD,2020-06-30,-0.09287508085150277,0.06267860895522963,0.07261928945274154,3.211378430727111,2.2995508280700605,0.07406002091406245,0.6692270642999525,0.5344073724182675
PVS,2020-06-30,0.5304036640319912,0.07733343419554288,0.02567068433444428,0.42233104022300755,-20.344126342135002,0.21149894517979673,0.4794657580516451,0.0914259639607119
PVT,2020-06-30,0.1824623446305471,0.15956316550876615,0.13057127684738906,-0.07479301445334405,-3.5593039322852116,0.1724752393035829,0.5337177254516269,0.5816777971007802
QCG,2020-06-30,2.091228923793212,0.03025554154057899,0.014257075192695578,-0.03977138289044231,0.4028309172255758,0.09109497432017678,0.3956902305366082,0.08030460220552348
REE,2020-06-30,0.0665025251800214,0.4278619728415706,0.10631472039063576,5.1467743390735246,0.8523459047512877,0.06752372598856692,0.5656691998586176,0.6775631819225076
SAM,2020-06-30,-0.4388183086327257,0.0699395196344793,0.0,29986004993.0,4.348850748107075,0.0568608089270304,0.5106745993293004,0.11959555024329374
SAS,2020-06-30,-1.0909338459516038,0.19349745380394126,0.07631200651972689,0.2496051539688004,3.1465413125388983,0.08996231143124926,0.7094746284410347,0.008720102863190887
SBT,2020-06-30,0.23992005548812798,0.13209854909555346,0.03663368810714156,-0.2586849345468724,0.6136449020810398,0.21578393951054367,0.42561935015697416,0.796111039111323
SCR,2020-06-30,-0.44165113994317556,0.30541932434946945,0.1249415990845504,0.03382811919558342,0.022874574880376503,0.011220739449389292,0.42606817697302823,0.39041910485691267
SHP,2020-06-30,0.1221172183632247,0.22370878712702633,0.6201870219521439,0.013335463601192555,-0.7029581025553545,0.047388901809393834,0.5374071253977056,0.7471292526180217
SJS,2020-06-30,0.16599519423130663,0.4636186389613601,0.0,708667198.0,0.08304142050576768,0.0069730461478743075,0.3090563169425902,0.11604621975096462
STG,2020-06-30,0.021748486490631894,-0.027638644664476193,0.054255294225196427,1.49186457930557,5.169273044169491,0.17538605031865553,0.6899264021822823,0.4152177759817958
SWC,2020-06-30,-0.11779811919987355,0.2753816127506749,0.14588607136969203,2.1245373248484962,-4.751371950774299,0.06929792140509067,0.6882761651079103,0.7175003195721417
TBD,2020-06-30,0.5124219689742275,0.10148720845908805,0.0,7624072953.0,0.6977169545602567,0.34651103231783675,0.34002579928807164,0.5104428266018851
TCM,2020-06-30,0.18816391257399917,0.11284191247702464,0.03508275466397841,0.022830330459931533,1.2664978116922623,0.3139071420892532,0.4678615000891524,0.5889581206562818
TLG,2020-06-30,0.30777464794342135,0.07671799975205426,0.03320481207128859,0.5515353364245505,0.7106310438954103,0.2901564219302938,0.7581515842845709,0.374649340630292
TMP,2020-06-30,0.4131004623997966,0.6158508598895577,0.16182214904004216,-0.14099734435007572,1.1147162817493816,0.08531888675679442,0.9021189979278889,0.4930525658701877
TMS,2020-06-30,0.4325086787260313,0.14426872311808037,0.034673017338171366,1.8091018951963904,16.360266205083384,0.2201504897461094,0.5917004531051215,0.5885650371884041
TRA,2020-06-30,0.14445334532210627,0.1347634133937482,0.05315156992949182,0.6149831440709516,1.2798423700135595,0.3007349228938695,0.7582518590021121,0.3430644289545192
TVN,2020-06-30,0.12907061080868573,0.04029230827992526,0.01574120146106571,-0.07997061378970816,3.629673428052565,0.37723930445936227,0.4434049904096665,0.5729953648706002
VC3,2020-06-30,1.381660020866039,0.22999482103494212,0.1660363368836182,4.097906552388456,0.07237171494401097,0.039408856598815586,0.5415353673228726,0.29941707953569563
VCF,2020-06-30,0.33155786973314294,0.29263554113509505,0.03575065231153694,0.3861792446600633,0.8509200392922455,0.2910867472321045,0.723260893000271,0.4602007421096637
VCG,2020-06-30,-0.06945787810624468,0.3086548425331406,0.052016895531947015,0.2601629209600518,0.3698844753216673,0.08798748115112888,0.430319985428741,0.40116473494599425
VCS,2020-06-30,-0.19378453281567448,0.28653477640605207,0.03617279866810229,1.9489046505320609,0.31486094306105006,0.20038317808022463,0.5831120419277311,0.7743581517996985
VEF,2020-06-30,0.1679013591661662,0.7627652814691562,0.0037278609905635547,534.9003436618932,-0.005605229509276559,0.004002794174723932,0.277114742607995,0.0
VGC,2020-06-30,0.03648043999432165,0.09912362658779113,0.048457874638170584,6.7643786372222685,15.534880954518798,0.11907402859619312,0.3495115573378951,0.15362205821562383
VHC,2020-06-30,0.003123075775302023,0.1541338885342656,0.033802045099766455,3.349891396312366,0.8093848861873124,0.2512729669130272,0.7688330057292198,0.5436743476700432
VIC,2020-06-30,0.21817291668272795,0.189264704487568,0.07990473788284304,-0.25078713251727347,4.080061096512887,0.07132908453390817,0.28956430107512887,0.4560457270897356
VNM,2020-06-30,0.09207794543325348,0.23622234614769166,0.045930899282342334,0.45086553264547974,15.241564028675688,0.31999509162104856,0.6523746065171822,0.3695648907650499
VSC,2020-06-30,-0.035299905111807334,0.18777396259334217,0.19812185345445657,0.29529623789709397,3.9718300613268633,0.16007719382389596,0.8824552460876118,0.10875079468095951
VSH,2020-06-30,0.4204291343099194,-0.032283683556971664,0.38989691521618225,8.302483207217833,-0.21466218775689766,0.005985437137046979,0.33506090766104457,0.9146847976923346
AAA,2020-09-30,0.0629625659441519,0.07554884468483257,0.041740446764033184,0.23570045166561102,0.7530279238300884,0.2404721586433341,0.483394848702471,0.817959555644466
ANV,2020-09-30,-0.09757623298411251,0.07944184300713045,0.0,100530894145.0,0.49895878828082363,0.1886142135568783,0.5470908918957846,0.7068723912546682
ASM,2020-09-30,-0.023136358546333828,0.08869855994612175,0.027749417973433596,8.044388390061917,0.5051356949795343,0.17212397560065854,0.40207807963228304,0.8107486456394538
BMP,2020-09-30,-0.11335118271914509,0.16843001414362557,0.055602831902694494,0.5481771754127757,12.624231326164136,0.3519259643858408,0.7314923098936141,0.06382862415419459
CEO,2020-09-30,0.6522299973118031,0.22290203933967329,0.1536416473108198,7.177475026761107,0.34714797134693565,0.03852563506911212,0.46986407806915115,0.5700792260504118
CHP,2020-09-30,0.4819606807241114,0.4855237246136933,0.0,5465259149.0,-2.4300675170822066,0.05598327220300126,0.4951046975629874,0.8620799473470223
CII,2020-09-30,0.8287903552501306,0.17369190555478442,0.08768422210367881,0.5214179156991252,0.48325570664854395,0.0694735322021723,0.2777267711406963,0.7298824664407374
CMG,2020-09-30,0.1588854847545312,0.07991615969806122,0.0481461002033174,3.4965016039652013,10.919397440912451,0.25650718366132724,0.45638184335094223,0.4273211030294341
CSV,2020-09-30,-0.04705566172672511,0.17125268897076237,0.0430639408616061,0.2844532120959881,1.0189133845562701,0.2580403963401271,0.8068897842097673,0.4815317912211085
CTD,2020-09-30,-0.35578637778058286,0.0410947414970753,0.009919956000708267,0.11307380030502735,0.7647750111616299,0.2017051824772431,0.6054264430947962,0.0
DBC,2020-09-30,0.13618513031921933,0.19519176731620283,0.05688032691860065,1.9480860780910771,1.1482205949694302,0.25025642057786707,0.38608251641774294,0.6517803216405663
DCL,2020-09-30,-0.06984925437321658,0.18583017850195607,0.055839316537891565,5.235773795621782,0.31626885715664677,0.0876246729784881,0.5366065283279374,0.3747578768033989
DCM,2020-09-30,0.04563183340815205,0.05731738402933832,0.16971219820152347,0.054122603926883284,65.1586879735215,0.22231937206095598,0.7049039120264311,0.3583889064324819
DDV,2020-09-30,0.6448578651679544,0.00033695985200818363,0.08195788183017853,0.35559697428934983,1.93376498147478,0.29959433806610297,0.7158425317573898,0.5362505723460604
DGC,2020-09-30,-0.014856618989442481,0.15850323426619015,0.05049166986801153,1.6697577777744281,1.3156711452240955,0.2757133176942736,0.7043385681470052,0.7340411824041444
DGW,2020-09-30,0.3347520687670161,0.02944152178197589,0.0004904695051724996,-0.9370950321655788,3.1477050648565705,1.57114013349578,0.4562981665211432,0.3755516126277774
DHC,2020-09-30,0.07171977939333517,0.11401074135475389,0.0,7706528200.0,1.4654891472969034,0.33876598464372437,0.5968341402906528,0.5932619314718085
DHG,2020-09-30,0.04986715941462218,0.2124024967006371,0.03093392387757492,-0.010763355099788471,1.061518234797035,0.2061706396076672,0.7667355880240098,0.5040237595351005
DHT,2020-09-30,0.17999539645746288,0.057935881210225276,0.0,3269310091.0,1.3510439890108001,0.595786932450184,0.40746803176724017,0.4146978346435645
DIG,2020-09-30,0.41408939205344225,0.09710960012579015,0.0,5789917076.0,0.2696513798795805,0.12316839035560911,0.5131054751954568,0.3172661261296962
DNP,2020-09-30,0.1901992299230755,0.08944758344932355,0.09024225705749636,0.2694944450986713,1.0393904052798293,0.09451193303264298,0.2648257984334718,0.7617512030839684
DPM,2020-09-30,-0.10417318306036508,0.1224151174199754,0.07810729805698867,0.030160035395232435,8.628092144318991,0.17752339529190203,0.7254904550269895,0.3543935284384742
DPR,2020-09-30,0.4782072258826276,0.2778424398706737,0.13756183251980547,0.4728410412518407,7.987903314281031,0.09801800116228045,0.6500960353598345,0.1578065805415638
DVP,2020-09-30,0.003774331698415208,0.43422299169722617,0.16120205293224668,0.04015718268331168,-4.439318605036055,0.11107183239680903,0.9124943055606094,0.0
DXG,2020-09-30,0.43034146684737623,0.48655500085679215,0.030253241731158145,0.23112217900234203,0.08223241776172834,0.03673246308136359,0.4086653504201488,0.45398097634403495
ELC,2020-09-30,-0.5625903542944174,0.07221362449940007,0.03313332025155052,-0.08614330092766573,0.17990980013681038,0.08493911684045143,0.7584089735182947,0.1933628268232569
FPT,2020-09-30,0.07983060228975636,0.18843750376553234,0.058726812856406595,1.2505318163008,-65.06496280631598,0.2068429037557173,0.48153140091020297,0.5623767147035744
GAS,2020-09-30,0.019589369656420115,0.16060351303835801,0.04444226011872682,2.624248795265391,4.929027336059826,0.2645865382684227,0.7745661839889773,0.187663434264067
GEX,2020-09-30,0.19243109541328196,0.09093870236252104,0.032857209979138755,0.6143643800813181,1.1304000873119917,0.2137104645364559,0.32855090946699167,0.6860383977514349
GMD,2020-09-30,0.031449240577066946,0.25962390548409797,0.1975225601479975,0.2353519804155132,-35.28760026160576,0.07108655013447593,0.6623481241894402,0.5881328523703448
HAG,2020-09-30,-0.02145225314810399,-0.42371112662432797,0.1850982698821759,1.4830729959669482,0.314880813948168,0.020006394464765907,0.37386687403579566,0.7036885421978443
HDC,2020-09-30,-0.06650364707755697,0.2308404169721006,0.02297378631794107,0.6694258085682218,0.26319271285917234,0.07631747498497202,0.3964150321016078,0.6559128067878472
HDG,2020-09-30,-0.820261952137371,0.35969830653154405,0.11540086869532902,4.845824391854903,1.2579954383120897,0.06260354715145211,0.28751357204718136,0.6667269092254102
HGM,2020-09-30,-0.14855207160316702,0.007696349217314706,0.12129070171088856,-0.018949499610668524,0.6012514007136136,0.10063101539063979,0.8716543537226343,0.0
HHS,2020-09-30,-0.09827952689942625,0.4125581185099541,0.039453142797034976,0.39096172628563686,0.7433464587467156,0.03908641020171361,0.9438497058608741,0.0
HHV,2020-09-30,0.16062583231785535,0.529611863156337,0.3572363532420189,3.7631174363732915,-0.2408603268175649,0.009471631353615645,0.23103972520375118,0.8613884631601941
HNG,2020-09-30,0.1628907935036245,-0.439517559239438,0.11748543922114356,2.235637066255681,0.6630114610568181,0.024874272083101216,0.35039747816530076,0.7723277230871765
HPG,2020-09-30,0.1838947384011909,0.1916782804513739,0.05820755986143869,1.6064032451367058,1.4823162651519972,0.2137365753385744,0.4680872740122373,0.7241998417601196
HSG,2020-09-30,0.19862332627546422,0.0799392130761286,0.03965058260999017,0.7789142905276275,1.5280818779064116,0.47151104754400414,0.3711752194302085,0.733172376603485
HT1,2020-09-30,-0.026343341970919316,0.11509369949117688,0.09303271815891764,0.14331090413074957,-15.77141082210832,0.2085695240617223,0.5994650719878123,0.6183216336361197
HUT,2020-09-30,0.20100909272729342,-0.29536259748069904,0.20558989102480713,-0.09731123652034977,0.552844584923432,0.019424325462635998,0.2854116910877263,0.7126643202150182
IJC,2020-09-30,0.35851719345175376,0.33525150456220554,0.05626445806517793,0.7398066719251624,0.20834697416523532,0.04684812946651967,0.29461998226713026,0.18122566088567582
IMP,2020-09-30,0.010807660178739133,0.19718156626180608,0.05609736455027967,1.4490402790885937,0.47268400516456094,0.14291387832333302,0.7878535688005934,0.4492898684944339
KBC,2020-09-30,0.10665993408928824,0.307035692336387,0.12254085152393374,0.004988498174969886,0.02532234071005658,0.01097095493606524,0.5387045079937242,0.3228175426072254
KDC,2020-09-30,0.1789957237016411,0.07935007071928699,0.030634474306183313,0.3221354989670946,0.9799721980952988,0.19745264746716767,0.6676705256453657,0.5538929856849171
KDH,2020-09-30,0.8011118840719106,0.26403587092953534,0.0005925843262481957,47.032677925397564,0.2785899606002929,0.12085495449925232,0.5282869164233086,0.25686467408218566
LGC,2020-09-30,0.2104482613838344,0.6818000287426871,0.6876349264873163,0.24355272273098338,1.911529549373139,0.02512179809097444,0.3546325014721229,0.8220259296815603
MSN,2020-09-30,0.12787042471143537,0.102637301965122,0.01731985167834245,4.261892994677273,5.374818683058742,0.19540216882766012,0.26171098844858753,0.6642565906253945
MSR,2020-09-30,0.5665018576850268,0.21663519941944884,-0.14660970895362063,-0.4097306613717069,0.7882902717605095,0.09020115725329968,0.31806170823259955,0.5332293400675875
MWG,2020-09-30,-0.01849139273585172,0.05429242614007656,0.024520359632308676,1.6719244076886968,3.6113608367153462,0.6378709227967061,0.37370881151769975,0.5098990245125524
NKG,2020-09-30,0.3683151356783833,0.04346105639615774,0.029093083670323178,0.06958332002720508,1.1554289435134788,0.41290798057336897,0.374248662485023,0.7868912442654336
NLG,2020-09-30,0.8266121544229261,0.07035284315346307,0.009404492052241592,2.1133665882567136,0.15559640528483085,0.0559182193264592,0.5273241319587508,0.2853348226038078
NT2,2020-09-30,-0.4898852716497881,0.0015057268263015153,0.15008868932126607,0.2102420752911394,2.5232882556257747,0.16907063784503082,0.5990309974048008,0.4868364734032259
NTP,2020-09-30,0.030183194151503705,0.1310771373599193,0.034449350077779904,0.37405492499699045,0.8795286618945172,0.2990305335390101,0.6470377588462553,0.7121154834626322
PAN,2020-09-30,0.31769361575024385,0.06512657739098093,0.04089220384573074,0.05239704667194252,1.441800451195501,0.20236820896086855,0.4425465321455948,0.7527565388595707
PDN,2020-09-30,0.225834104898187,0.2580268148695233,0.0,21313652278.0,-4.322910920422107,0.22168779155884644,0.6105457632975927,0.4934539357929608
PDR,2020-09-30,0.8672596942319021,0.427514272463313,0.0028213748401894534,13.42992094257688,0.1366844941063855,0.08541148576236743,0.34363312052048706,0.201709582087474
PET,2020-09-30,0.5501685474210679,0.01989497451657031,0.004776157448030138,0.12464158144373141,3.4356955960023323,0.7030379660406775,0.2670389506337583,0.4903022107330699
PGS,2020-09-30,0.14520658649967838,0.03548165083149429,0.02274326930285253,0.3724862153920407,8.43554354996428,0.546659651926028,0.45397617163730863,0.3482482118447126
PHR,2020-09-30,-0.09186834543114179,0.376857783287882,0.08382160484825958,0.6399386208375828,-20.26066430741297,0.09238528049063614,0.5355002151792744,0.19370589467204383
PNJ,2020-09-30,0.35860112477195,0.07561195037546989,0.00487468381418111,0.5355414838121516,0.6970504925545955,0.48510270638368125,0.6060108412927829,0.7091151302600538
PPC,2020-09-30,-0.4284443573773287,0.07135424790632855,0.006443051297583489,0.12509029320298962,1.1857911031912485,0.23074112285201107,0.8889326817064294,0.0
PTB,2020-09-30,0.06828111048519704,0.10387396339363392,0.04823156458139536,0.5319517782984095,1.1702716174138281,0.32214728512688623,0.4143664642587799,0.6236864276812293
PVD,2020-09-30,-0.16830989920216885,0.0631017470465531,0.08070142516077226,0.22527485108568368,2.420744079797436,0.06257758832292311,0.6696829597533245,0.5418734653640511
PVS,2020-09-30,0.05252950768660085,0.049061036949790394,0.0237604681144922,0.6637491595666652,-8.07676696627648,0.22391303251662203,0.4888937051268894,0.09114930411438855
PVT,2020-09-30,-0.005869569119599079,0.13566215495407843,0.1365818052399632,-0.03592135031910213,-2.4198602737941504,0.170241832447142,0.535018571762579,0.5622422013794227
QCG,2020-09-30,-0.5784981796006765,0.06804542634289275,0.027347127820126556,1.5142934693733163,0.231736577690061,0.0517361570704062,0.40279487704710737,0.08152491239919743
REE,2020-09-30,0.15196801267468177,0.33756400646319384,0.07789050503247219,3.7275235710282266,0.8635650092706779,0.07844325353079855,0.5848450210139146,0.6781995213490338
SAM,2020-09-30,0.5786880080923228,0.06300225634639367,0.0,504000437990.0,1.1082034646182255,0.09242873685623001,0.5519345107047989,0.22674144122685655
SAS,2020-09-30,-0.44540395912270675,0.35979907088930585,0.1514125184480532,0.5619457006249104,0.9007046904938797,0.06164717888124248,0.7810910270213477,0.013409249274675399
SBT,2020-09-30,-0.03484058972648878,0.07165974368857025,0.03278349042943566,1.2337889992457136,0.5805570645379782,0.2033347452892488,0.41762381392551606,0.8040605471257309
SCR,2020-09-30,0.19986724292279057,0.31472135121398437,0.10065091600311049,0.16674739389582685,0.02653361831768602,0.012977579571137592,0.40523399801867566,0.4117009169599515
SHP,2020-09-30,-0.02625171003738123,0.13049937211498439,0.5556192085508906,0.01845990042819104,-0.6757637028975643,0.0475687739001105,0.5527982488412514,0.7363837504223707
SJS,2020-09-30,0.9316242720637499,0.1254361148176542,0.0,-711110834.0,0.14751419660449658,0.017330060302136543,0.30380300503067587,0.11693035303171409
STG,2020-09-30,0.24807774439895824,0.15447470296555116,0.046415509983157334,1.180154089539059,6.70169105756784,0.23843139527531457,0.6980022776621279,0.23343551699931878
SWC,2020-09-30,0.6753219734789431,0.32986202725349073,0.08851123338249377,2.05270653474655,-12.499560699800536,0.14812707562599126,0.7874986760768908,0.47419766651782264
TBD,2020-09-30,0.08973933876831951,0.08159480758731093,0.0,2040101472.0,0.7024674602867582,0.3302030609403384,0.31449869751948906,0.48443857045115946
TCM,2020-09-30,0.027210610152310827,0.1135538167241333,0.03404242201219883,0.09580267538935319,1.5959976675509353,0.33748650818510934,0.5324552815397166,0.5619660487099969
TLG,2020-09-30,0.24033395890611756,0.1981172664204841,0.029701886422823055,1.0868945300717792,1.0824463863892402,0.3594470582364867,0.7439556006368968,0.37373326135522017
TMP,2020-09-30,-0.1726449720428311,0.2609923058446153,0.09043573821065852,14.317178664037367,0.6615668205638274,0.07175429831796207,0.9152329497772179,0.11847609553433701
TMS,2020-09-30,0.16517771738877593,0.10934150387661429,0.024070961237248605,0.4212998167019294,88.49000757676625,0.25344541582974345,0.6033332241815945,0.583931688551391
TRA,2020-09-30,0.007073311300572965,0.145931344682893,0.04654089656924251,0.07727352350314709,1.190259578903954,0.2948622823852772,0.7677746702068843,0.29618415271099074
TVN,2020-09-30,-0.10817588357191102,0.01441436633784603,0.01750954135546472,0.7796485611131228,5.792903953218703,0.35117295090187,0.4609464242522434,0.5428774427981806
VC3,2020-09-30,-0.9353832200678087,0.07404627539468074,0.0,-0.0,0.04286642662321858,0.015153400343236822,0.5312028646918739,0.218333715007344
VCF,2020-09-30,0.1822534781778856,0.32362778191903374,0.031310968120980984,0.02891482386930668,0.9680523993404635,0.3139571522353085,0.7299979889237557,0.39670115422586677
VCG,2020-09-30,0.7841092340216799,0.38237426666166174,0.03130021565500547,0.19470816983134423,0.8843430442727844,0.1795664089988541,0.45446825338677893,0.3878350630908666
VCS,2020-09-30,0.2881429281956208,0.3231094088276644,0.02993611175973828,0.3074886856924405,0.4002848161372994,0.2536490716189193,0.6208385636171901,0.7923999260101272
VEF,2020-09-30,0.9318169657564798,0.9119652790227645,0.003956407166442707,262.8624153298331,-0.014205500334230388,0.010080773332523064,0.2830789030697525,0.0
VGC,2020-09-30,-0.06964899021607815,0.1322739486692098,0.09879936623200215,1.942850515094184,-7.039777420841002,0.10860557622790856,0.3258109996929415,0.14499655148734708
VHC,2020-09-30,0.09844126684009695,0.10932831864654961,0.033139777170594104,2.2513705177064174,0.8205027024585161,0.26732755188875024,0.7663042869741613,0.5273729858691932
VIC,2020-09-30,0.2922359002609983,0.16201470503415066,0.08281608701024559,2.8055734342138794,-7.8716119663734325,0.0949115223467484,0.2896477504157607,0.45241285355190064
VNM,2020-09-30,0.00853205767935004,0.23835462826529624,0.04521458191628292,0.3887286601876295,-39.280499383903646,0.3176160760853403,0.6288442290966448,0.35282201174379235
VSC,2020-09-30,0.09291317716374958,0.1981202665101517,0.11617330028459714,-0.2648997893748734,4.985731786466994,0.17631248891640597,0.8816736720941822,0.0
VSH,2020-09-30,0.5328202245231815,0.38275356033585234,0.3565290759271248,3.4706848105054178,-0.2942097941014447,0.010153118496755199,0.3367443126224706,0.9021530864185313
AAA,2020-12-31,0.08924766464190828,0.05426651790429299,0.037454386302511876,2.258165017746249,1.1097151197772854,0.2517701085885652,0.4695849794450735,0.7833117944231457
ANV,2020-12-31,0.17027899686238437,0.12084672454604699,0.0,309813793989.0,0.5511785110687635,0.2007775430403078,0.4827669478288724,0.736099437771225
ASM,2020-12-31,0.25459973439667954,0.07934325165485184,0.021670201802099068,6.119957166286469,0.7744326873070568,0.2113962618265104,0.3910768042983597,0.7814231958689238
BMP,2020-12-31,0.15112248341384302,0.10767756053514335,0.04374157240912957,0.388662174824445,5.157217041625854,0.4378189989111715,0.8191394450987664,0.1013537883737916
CEO,2020-12-31,0.8566431778249727,0.10268615561597849,0.04785770031351434,2.984300889768963,3.008497876899145,0.09201441178048798,0.4646705906502178,0.488295139032788
CHP,2020-12-31,0.8085143425677341,0.6527485570162419,-1.093449661147951,-0.5126729689117505,7.35524097760634,0.11960720537414583,0.5361113910479287,0.9223321277233997
CII,2020-12-31,0.23324581824511115,0.10864513332508124,0.0685545970003027,-1.0572328085831886,0.5275755423506189,0.09052595050273725,0.2669782664413989,0.7638097246803527
CMG,2020-12-31,0.2133922228718241,0.07575478240113923,0.037945633849451,1.1067378461811763,9.190816190163284,0.30789992065836547,0.459713552511939,0.45111842675105934
CSV,2020-12-31,0.050380716314298774,0.14366660451323926,0.03612508890022176,0.9125283975891981,1.177605577704724,0.26732937928799405,0.7760031365522022,0.4305712226743009
CTD,2020-12-31,0.43034176310566563,0.02713775577524302,0.006281530603107475,0.006801495914495706,1.0806620571886891,0.30695766401696667,0.6004021120774897,0.0
DBC,2020-12-31,0.11804942875717436,0.13370447297763513,0.04978580949438937,1.6814416452615433,1.6133492629145385,0.28476399691118004,0.4164782894871876,0.5770752273909628
DCL,2020-12-31,0.3581862971592861,0.17661606191651805,0.03877007610494251,-2.6899826522960684,0.500814772360904,0.12263340537839527,0.5007325447810154,0.33294304802904373
DCM,2020-12-31,0.11462210559698954,0.10222315501621586,0.16077378785287694,0.09357560591878908,-11.354281510310733,0.2638910611638341,0.7252343381030412,0.34303240508673066
DDV,2020-12-31,0.33673381065912594,0.08220691229824992,0.06363833813833805,-0.4186607909829688,3.294142391574082,0.4637771492066412,0.8282295735818045,0.18810716992026077
DGC,2020-12-31,0.01679493753053114,0.16337372876730152,0.049800458744180695,0.8269154681017393,1.7270405304148064,0.27512878796628215,0.6924546115071124,0.6360390316214927
DGW,2020-12-31,0.1019607912057386,0.02867168369008775,0.0001167390166724604,2.892090729599064,5.810726696631943,1.3172551573173485,0.37324469429229457,0.32760610864193757
DHC,2020-12-31,0.21563167964948574,0.19362693719625174,0.0,18213856670.0,1.9881173776446226,0.38380820118108927,0.612893698236496,0.4939676967913046
DHG,2020-12-31,0.32044181380880926,0.1892310342829719,0.021430485955050937,2.198840154966113,1.7053973588474924,0.2797591939391404,0.8022566789041558,0.24136461938022094
DHT,2020-12-31,0.26247283471613175,0.0549150575313323,0.005203689048428428,22.21085262870081,2.004045095528128,0.6787662327740218,0.37999490406251024,0.35794272488854295
DIG,2020-12-31,0.22381639623001093,0.5358890403252585,0.0,6050092397.0,0.8409543457378374,0.10405997744549449,0.4047305238484794,0.21538004313152798
DNP,2020-12-31,0.2395038094900238,0.09134889652041989,0.11120044586892774,0.65049778022756,1.320208127576768,0.10807103082391202,0.28184590942408666,0.7823474547989105
DPM,2020-12-31,0.22860707385703377,0.05993761136887786,0.05867947178710001,0.14049166778671246,9.524040709915363,0.2230790711758439,0.7301970519872398,0.3444000205208496
DPR,2020-12-31,0.41306373604690544,0.19710467089618042,0.07593436267777072,1.6804390816576098,-6.240332529363645,0.14144181455458768,0.616122776250667,0.14465265485239423
DVP,2020-12-31,0.11726576678693078,0.3414139337498508,-0.4288573280059879,-0.005526171882256417,-5.683132396099527,0.1212656787032696,0.9191996905635665,0.0
DXG,2020-12-31,0.2898362160289688,0.13115998250382288,0.020647134689021716,2.7800122278919632,0.11332252489058393,0.04640172149895489,0.38840052548083626,0.41346547283196633
ELC,2020-12-31,1.359000913823128,0.043651713668937886,0.0076939106132517835,0.04428976959770349,1.2041253529808,0.24461403377623825,0.5695613086499796,0.1070246212132381
FPT,2020-12-31,0.13460697211685851,0.17301014705034964,0.05254872473321357,3.1309768689721307,-4.876755218385275,0.21401873801630822,0.44557998278081123,0.550410817841662
GAS,2020-12-31,-0.030194712276265964,0.13325869273662935,0.04938254452892409,2.801605770242711,4.117711015979114,0.2510797092887941,0.7831417287835183,0.21790989752742718
GEX,2020-12-31,0.1700771784412652,0.09860591729107825,0.029269510204466286,4.479713930301337,1.8736523270664542,0.2200419934335597,0.30194525643147657,0.6379974861967556
GMD,2020-12-31,0.02187089334851765,0.16519467271929136,0.17246404402007487,0.5529474154605781,-9.417162276192604,0.07245227284402492,0.6696659034824091,0.5836809901898359
HAG,2020-12-31,0.7166918964733614,-0.5938448535728809,0.06681906511336776,1.7439768416106964,0.5071955967144068,0.04748546077009387,0.2665230873053772,0.6798968021913216
HDC,2020-12-31,0.3940836773942595,0.5665782035436049,0.02859654210107471,2.539062042040966,0.32507006536341465,0.08722876203308666,0.34278302100359276,0.4633448200855966
HDG,2020-12-31,0.31193351660101726,0.437243303761095,0.09885083231774981,11.121456970040823,2.5334032697749542,0.08320870794443765,0.297445228988902,0.6677016073920568
HGM,2020-12-31,0.3306185219774717,0.24366744925455275,0.0669853375771383,-0.9248878925096257,0.6166092989805375,0.1316977696842928,0.845888331250754,0.036936391226048075
HHS,2020-12-31,0.08200055801983394,0.2578495872063212,0.02436877407583072,-0.0,1.679888324144516,0.042159872938880516,0.9481690461863439,0.0
HHV,2020-12-31,0.08017707286236987,0.7385786530257715,0.7157610889406273,11.349077446233158,-0.23470058095279056,0.010033746556346567,0.2302813928881946,0.8537633525345003
HNG,2020-12-31,0.966297987512529,0.3769247003923221,0.17389487396158812,-0.8946801804953258,0.6244010399889088,0.06478744112549281,0.35118345210618357,0.7135800780993714
HPG,2020-12-31,0.04660828851234649,0.2277908271257593,0.06825276643898523,1.1090109789406766,1.328556793961628,0.2000287302688968,0.45030143540435685,0.74893455405642
HSG,2020-12-31,0.08523152894437444,0.08595305947524172,0.03648937528879877,0.25550854310075927,1.644032479246187,0.5254630322133834,0.4083134040679942,0.7226654004662139
HT1,2020-12-31,0.10979327780611008,0.09831316131827572,0.0763674673932136,0.12028800864754535,-2.2073417854682003,0.2206535240218939,0.5379894497921134,0.5125419685247978
HUT,2020-12-31,0.023273711626358405,-0.4957603644822685,0.2842279609871103,-0.07940826809216799,2.1765411932972643,0.02132141725827141,0.2914637509233741,0.7654335472504306
IJC,2020-12-31,0.03154257239735063,0.6245936518449866,0.12775501781827295,0.0057515511758923785,0.11627112663886387,0.047072949658596215,0.31149261603518413,0.205834945205836
IMP,2020-12-31,0.5013523997589027,0.18409821321164435,0.033617370147582426,2.822648959218018,0.7922982772526316,0.23321402412652473,0.825434339469408,0.35775594656555926
KBC,2020-12-31,1.963335705387588,0.2181149143576872,0.023182397220228832,0.3419083395343261,0.11696926926076195,0.06418810779749982,0.4510059615777598,0.44549792331241933
KDC,2020-12-31,0.00731289004697665,0.045829785753346654,0.028295849975213866,0.5314768474202826,0.9735641771524954,0.1908651048653911,0.6222041385697139,0.5453763553410773
KDH,2020-12-31,-0.3030898696714881,0.3503390695949735,0.0055527873118001924,1.2370674962681156,0.16904404749740898,0.0945863145786289,0.5873954366152763,0.32200141205744054
LGC,2020-12-31,-0.11576508064630277,0.5573862099500796,0.6455059410368128,-0.04792449038880496,-3.8260796955344487,0.0233076191629682,0.3748707430432516,0.8248993663191324
MSN,2020-12-31,0.04464260814969867,0.09457685866388811,0.1059268024440906,0.4924240549039469,4.242431745660135,0.19289730586605813,0.2162694188203033,0.6836471184691804
MSR,2020-12-31,-0.17299944938402506,0.07494141177420724,0.5069735503698289,0.1563865788450569,0.5169488508217309,0.07146512580457556,0.3455627446292285,0.49857862360216937
MWG,2020-12-31,0.05523052515294432,0.05381142739595077,0.023443080156137105,2.039596703307354,3.3832848328893306,0.5950274441423525,0.33554313885712955,0.5464194710928243
NKG,2020-12-31,0.014314114616148873,0.06384582017831723,0.029484351510495305,0.1974691298859553,1.4815566815240342,0.4567826861405521,0.4217037453652144,0.6882551415222119
NLG,2020-12-31,0.8742028751235323,0.5016252439741545,0.007594527790647221,3.8123704944482757,0.3363491737764639,0.11753248379633328,0.49928755114040274,0.3645610431573468
NT2,2020-12-31,0.14389250949973312,0.16796184497990277,0.15590298286301618,-0.20864427693628246,2.590415306730787,0.20911635312171298,0.6734556241316949,0.37185264013344393
NTP,2020-12-31,0.005327505483284615,0.10655802731736995,0.03334174367457298,1.8690367289875864,1.1273476015924684,0.3199879736981137,0.6647009292517068,0.7236463186688029
PAN,2020-12-31,-0.05639321357837785,0.09404314837731159,0.04184119373161361,1.1921991607360027,1.4456946473338876,0.22915942482073448,0.5420788660183807,0.7328664508231847
PDN,2020-12-31,0.07734647333384533,0.21989209302238852,0.0,12810411073.0,-4.375445617981675,0.23391650798010724,0.6383943504787019,0.5006633588971486
PDR,2020-12-31,0.07254941161396669,0.458687589079078,0.0026801724896812896,9.609896263432276,0.17928355800591264,0.0908185914967507,0.3330918790914732,0.1826111708133868
PET,2020-12-31,-0.04047045168016691,0.019149118771039152,0.0022343624407199208,1.0435241940472206,3.489829252331172,0.6266322437690295,0.24772291277453104,0.5374989225590923
PGS,2020-12-31,0.16574017769022995,0.044606846329122735,0.01861146242749347,0.9264241248184591,8.928555244389203,0.5784074782673025,0.42132411567167194,0.40049006385527425
PHR,2020-12-31,0.7144081020373768,0.4575107698909498,0.04550833537272557,-0.000549966707323736,-2.821894148655653,0.17613116189304925,0.5053378029459381,0.19903904607520181
PNJ,2020-12-31,0.39855985561073887,0.09656273560765019,0.0032526905175678943,1.3033875411194897,1.0971846647590506,0.6892266212748367,0.6178984658233789,0.5674132150783081
PPC,2020-12-31,0.21386620926269784,0.3122784720575257,0.00708244132796782,-0.0,1.2987620291415438,0.26301210952265847,0.8705660680453635,0.0
PTB,2020-12-31,0.10737676715066248,0.1032263124678779,0.05493674391997665,0.08944848463231414,1.1707141596812254,0.339127951744249,0.4167492405781163,0.6116558349833697
PVD,2020-12-31,-0.36678243336843674,0.08840171940274799,0.1469616278779122,1.541780349476017,1.3495247947650566,0.04361172754586224,0.6732517519390069,0.5673119664773076
PVS,2020-12-31,-0.04906649018856057,0.02849155186556787,0.02075387413655941,1.9113423749492315,-7.0227919155256595,0.21881331130961704,0.48951968836713444,0.08970389187863377
PVT,2020-12-31,0.21892725127206566,0.17376291499305374,0.1183264698506517,0.7033884753175271,-4.141421938102148,0.21448415132887103,0.561294556437278,0.5353226917177861
QCG,2020-12-31,-0.6182763065792911,0.1347326053198934,0.05790599773565897,0.16161272085067324,0.12299452796545364,0.028273983511817147,0.4101711394660281,0.08285184156859282
REE,2020-12-31,0.11956940355283155,0.4695891269789621,0.08684744938181216,7.921110072142278,0.9469488146807403,0.08528355054562994,0.5946812574207783,0.6734090439352298
SAM,2020-12-31,0.18713067681897919,0.12204284415869276,0.0,-434435726050.0,1.3941181213758123,0.12181658584708614,0.6119801274466791,0.28584537549655087
SAS,2020-12-31,0.9506543111458621,0.1804778433014889,0.0433997365660715,0.3565222338723824,1.51987829904088,0.16742314318323176,0.8370211899341526,0.017592240402749527
SBT,2020-12-31,0.07056928042004915,0.0845903514762473,0.03094779049570256,0.5527029519511735,0.6651526345139404,0.2194659493764154,0.43288438155488207,0.8082810952087663
SCR,2020-12-31,2.2025865571589622,0.20101366156593997,0.010246151172014396,0.04690020038746424,0.2942772960571307,0.12218788608468845,0.42785674764789733,0.42686580407060615
SHP,2020-12-31,0.6045990850583562,0.4865022324910418,0.457932774138229,-0.0,11.435807952771475,0.09112922068232833,0.6141624852063101,0.858219249161404
SJS,2020-12-31,2.0282020933370526,0.0809421996617093,0.0,1273005581.0,0.9100372833016189,0.13170364341069515,0.30766702238493365,0.13977273573324916
STG,2020-12-31,0.22433241742265267,0.11339177676663278,0.03542711547081266,-0.8916617741726441,4.9412311360962,0.29360189138747633,0.7056105962027818,0.27306969507622253
SWC,2020-12-31,-0.21584639655340573,0.42518295126386635,0.13152890892173896,0.10675231509921636,14.89087251429463,0.11489070522830802,0.7979221606357226,0.4663629681934834
TBD,2020-12-31,0.523570423128696,0.06116716170104176,0.0,17211698364.0,1.5971191010029,0.683577920942536,0.42118315052687005,0.41119977837423144
TCM,2020-12-31,-0.2559639285561106,0.1279935399530371,0.044266307430343876,0.06797348613994522,1.1322318178749056,0.2576970255787054,0.5505719898774172,0.555521815271199
TLG,2020-12-31,-0.09454462954516148,0.15925509091316128,0.03209840861012389,1.2681495970566445,1.2476176833102175,0.3265194357899367,0.7553185364784715,0.31616431356447655
TMP,2020-12-31,0.1614515854784825,0.5110695730895325,0.15809827150271066,40.48359924179151,6.993226732747709,0.06835661017982554,0.770634917499504,0.7214052146242692
TMS,2020-12-31,0.20854108401143429,0.10199808285880767,0.016807588153470786,2.121002611702719,-32.52145974274669,0.30098685152745946,0.6115677220233188,0.5561990330062918
TRA,2020-12-31,0.263793537713209,0.15261062652267907,0.044405587449625604,0.7757039813083715,3.159261747951784,0.3632827945277817,0.7084620986008876,0.1637182394121375
TVN,2020-12-31,0.1385733878600913,0.03794889413343232,0.01573749698032539,-0.3756814917871254,5.444240122873974,0.38739773732439686,0.4523193028677611,0.5583641866479496
VC3,2020-12-31,0.9886450433580867,0.12384531945491505,0.1123174241732783,0.8091702531064188,0.12977962703753906,0.03982467073056757,0.5353324286448874,0.3200161744950342
VCF,2020-12-31,0.16578710976997432,0.32433785393139597,0.026616123834568364,0.10998537335189522,0.8759114951008479,0.45482647188411474,0.7029042407315615,0.500903844093144
VCG,2020-12-31,-0.6017041981574204,0.2084695211470008,0.0,-0.0,0.709982942272667,0.09686856625529447,0.3655945387000973,0.3534491960362146
VCS,2020-12-31,0.10288123848672694,0.33236165262513045,0.026986332118705807,0.3078014569565531,0.4600315389773525,0.2769509693925095,0.637094642784548,0.788492849400167
VEF,2020-12-31,0.057742321287367546,0.8546715623907325,0.0022621801947876573,10.988838656249772,-0.015175787583247224,0.010591501130811294,0.2885182859267607,0.0
VGC,2020-12-31,0.023639887217352194,0.0780320682611116,0.06828904023942281,6.831236627174386,-2.366910525978853,0.11046944351400849,0.3274856231782683,0.1311917279769334
VHC,2020-12-31,0.07600689137813767,0.08844717850834126,0.027395386094132994,2.843589789319823,0.8143330458045678,0.28104241442677463,0.7176404634128446,0.5784675867772949
VIC,2020-12-31,0.16059958517259418,0.14516847588160886,0.06921791343092343,2.63189528275777,-2.0557975585592096,0.1129550290979552,0.3199795195385858,0.43380820189309877
VNM,2020-12-31,-0.05979525600531073,0.1789227156307482,0.04405632823584308,0.531370879023104,4.507985786696255,0.3113128321559963,0.6947222558464267,0.5061709430741408
VSC,2020-12-31,0.06463527410031032,0.20376113750092642,0.20364601459541998,0.47396498283568667,4.319494538772752,0.18882983979785553,0.8830637208908609,0.0
VSH,2020-12-31,1.0747556033143217,0.7247753956880265,0.2789514966044162,16.062006791267088,-1.0533137361333864,0.028919484382781503,0.3441711455344206,0.908892623266741
AAA,2021-03-31,0.07705667529133334,0.061716640501870285,0.03493843330696962,0.41217975651848404,0.7368125466157973,0.2538733538187214,0.44966578123793777,0.78486258460738
ANV,2021-03-31,-0.3041234121037494,0.1330911735908536,0.0,62027219778.0,0.36830441432550215,0.14844543772666555,0.49707884489398335,0.7921007675096956
ASM,2021-03-31,-0.26502737333275,0.10087610549434152,0.035262654122436794,2.1214677926466154,0.5649140273478427,0.1589819572734877,0.39098571877480787,0.7527312018628459
BMP,2021-03-31,-0.11912200151156803,0.08914781714271587,0.04626376460229542,0.3941806137560358,2.658332919329021,0.40627895039205447,0.8286321122833746,0.11171857044891319
CEO,2021-03-31,-1.411401942993338,0.043469173044871454,0.183016270489566,-0.0641166562186743,0.6092470628065483,0.023165953169694938,0.4744766052687804,0.5108803985766986
CHP,2021-03-31,-2.188145096059424,-0.693710252683952,0.6940232996773774,0.023324812937319465,-2.151557086806119,0.014166692538597578,0.5456288878848436,0.9510402924820343
CII,2021-03-31,-0.8424134231812062,0.31173256446152225,0.19851487451778876,1.3968792901223461,0.2094436444971669,0.038555674357517646,0.25884572796982,0.7694174604111274
CMG,2021-03-31,-0.14689284388701832,0.05292092301228443,0.04985806689033901,1.969483539362335,5.010015572247461,0.27212511849726834,0.46614515619914404,0.4506482184181734
CSV,2021-03-31,-0.14863367420899273,0.16340726617803739,0.04596873749770606,0.38339865560051145,0.8947453504631306,0.2393473904455188,0.8348867976191563,0.32849050130498647
CTD,2021-03-31,-0.4990207285769387,0.026245332102874056,0.010099554363301323,0.07947546949512106,0.6800791913782867,0.20234192085114447,0.6402088804565123,0.0
DBC,2021-03-31,-0.14665243683486198,0.18344457340928405,0.0596690950609741,0.949691296214625,1.0760541298956712,0.23643544518399906,0.43107209036558103,0.6092356155862078
DCL,2021-03-31,-0.16414309941447294,0.14149000929745928,0.045382382230749724,13.048356519943786,0.45330743827792375,0.10321257161155564,0.5415115119081443,0.34901665550016947
DCM,2021-03-31,-0.1868587952506972,0.086316116152696,0.1884266257161153,0.15040069477479368,-6.390291972877602,0.22375389837359042,0.7564741062055605,0.2445800522065045
DDV,2021-03-31,-0.11131867304422272,0.056084733862675464,0.06112321020655864,0.2502376352624024,6.156909502507627,0.4118060809097308,0.8383680504810384,0.0
DGC,2021-03-31,0.20457301858686638,0.1584907212022022,0.040599721108444835,1.8979057616285344,1.8419745461087789,0.330163308540091,0.7169352032239387,0.6342220645752678
DGW,2021-03-31,0.21975972676958025,0.027937774674319883,0.0002841208567878001,-0.0,5.546170222740464,1.4998803075347418,0.3772122809493863,0.3234434164003885
DHC,2021-03-31,0.15406001489516213,0.18514953461186243,0.0,18170847318.0,1.7773206422470496,0.3885867124282831,0.5552057276894973,0.3570521760207524
DHG,2021-03-31,-0.1684794789201428,0.22059425846897282,0.026338844662764153,0.23055056386009917,1.2538201865033938,0.22356860615005203,0.8021414990466241,0.4715093502293551
DHT,2021-03-31,-0.4680506600771743,0.07708219610429007,0.0,11093274643.0,1.2643768102941493,0.3123471972573784,0.5643473030781451,0.41228757730602933
DIG,2021-03-31,-0.8807306979359493,0.1405575303010653,0.0,1949194360.0,0.30656303194759904,0.04298884907271232,0.40585705722383963,0.22163328478588137
DNP,2021-03-31,-0.16652526150509292,0.11719485629267437,0.07734363722274179,1.2579737299682139,0.7050716422046177,0.07211418883577274,0.30149596568632275,0.7197370045160626
DPM,2021-03-31,-0.24419145246409504,0.11818887519853728,0.07736199998245692,0.2574608401039962,8.69428703634604,0.1745613110042796,0.7205713568316167,0.3200037291031102
DPR,2021-03-31,-0.8846968238068267,0.28213582531804327,0.19651983303983497,0.14118519116122583,6.619586460746297,0.06168775164352755,0.6601866763042239,0.09556161194180739
DVP,2021-03-31,-0.21256812406382655,0.47350690014571123,0.0,3454581500.0,-12.976609511559003,0.09977343079796641,0.9293613730028729,0.0
DXG,2021-03-31,1.0046532369388026,0.34929626352478477,0.009007526391853704,0.4920611455113123,0.30129836135350513,0.11604177923301151,0.3770085728132598,0.44623462497234495
ELC,2021-03-31,-0.6846583289200987,0.07562244365715216,0.014221879549612381,-0.08156412297465004,0.3422446192869379,0.13103184313355068,0.6097724228725278,0.32748666430296863
FPT,2021-03-31,-0.11870856982717352,0.1886030149964911,0.06000569709954357,1.5840940819829463,15.203773472603384,0.17841815193454136,0.4436339640187709,0.665985169888342
GAS,2021-03-31,0.12260117267885919,0.15022647662905922,0.05198710472651267,2.0258051556942878,3.3415991176312523,0.26093005562244853,0.7515568724520647,0.24904750749955032
GEX,2021-03-31,-0.2553435730153727,0.11978028317599107,0.038817414252584254,6.676016195437477,0.912260130143834,0.15442785649251017,0.28652627134239067,0.6769113456858856
GMD,2021-03-31,0.015224700933203873,0.30520980797864006,0.1832690950158613,1.6716906230842559,-5.391418964524827,0.072329479258962,0.6738578746744709,0.567167658434643
HAG,2021-03-31,-0.9809489992087601,-0.07473912051435967,0.5476639089131735,0.9468517504105097,1.502842770137871,0.035095476351579794,0.2575985651217101,0.6370169588943032
HDC,2021-03-31,0.02093019239059491,0.363761635331469,0.01955596172689102,2.694880660515977,0.24341089879927968,0.08876567661415094,0.3709973521804936,0.5947996659289218
HDG,2021-03-31,0.15453915897583584,0.42776277970788346,0.08074037721868298,8.712296498541571,3.412826103334575,0.09675265788949684,0.309833530391307,0.6889035899664168
HGM,2021-03-31,0.7113942945663705,0.26372766780157253,0.04017759378913533,0.03586778415110681,3.627620595213805,0.25607764940395683,0.8728896176572771,0.0
HHS,2021-03-31,-0.15198952613820968,0.4072659658747064,0.026546971194541566,-0.06063210325322418,2.1379240664532233,0.035723496718518426,0.9491992503010644,0.0
HHV,2021-03-31,0.14074683344744907,0.5629287520536127,0.39581908891407086,3.2133330241541107,-0.2326867025709712,0.01142872096054983,0.22955467151039896,0.8419794822751969
HNG,2021-03-31,-1.312680520312911,0.09853627697977305,0.27963934843423227,1.822024433923201,0.12253818785530403,0.018279999245126247,0.371412888079316,0.7927563462395769
HPG,2021-03-31,0.2032294211525011,0.2578550762904586,0.06081764521591444,0.9605113971404183,1.2942320799360536,0.2319305284919551,0.47647488077501365,0.7636045833099822
HSG,2021-03-31,0.18024011383135513,0.11600923118437231,0.03045574884793084,0.2737352196041851,1.8339699031222456,0.4955251090132402,0.36966707804257015,0.48625566331434766
HT1,2021-03-31,-0.23348464162431976,0.09039789752169539,0.0892730053511074,0.07690707181893844,-26.75669881641938,0.19118472265846076,0.5971220559378054,0.6088697871499654
HUT,2021-03-31,0.10154783982446813,0.2586508389485932,0.36731474737660347,0.44267513933381736,-3.249171178545841,0.023741121613831257,0.29078832201623284,0.7615239474137838
IJC,2021-03-31,1.513431372906436,0.27081539624433987,0.011901321640255395,0.009343452924128096,0.460436243517621,0.21505223543502286,0.5093070065987756,0.39636970206282246
IMP,2021-03-31,-0.4846119790235755,0.18657573510216935,0.059967231119498,0.9608937733561559,0.4757796846612405,0.137854725012266,0.8113218054784174,0.5934135758351348
KBC,2021-03-31,0.30102160960716323,0.47267218234081887,0.018634611027796497,1.6853791199457877,0.14234636504807266,0.0808712026631181,0.4496756443861148,0.43460635695564626
KDC,2021-03-31,-0.007081939839350438,0.08136761461998972,0.03005935726816938,0.2565589656914732,0.6948652022073768,0.18127350258148228,0.6054682328575622,0.7236963305924382
KDH,2021-03-31,-0.4308224112566884,0.31617923350190225,0.004487989518445067,5.485914268039342,0.09738558549468314,0.06300854036996589,0.6172240472134444,0.42713741696740054
LGC,2021-03-31,0.05338492868416896,0.6186309010419289,0.6581070538712689,0.7965708333564636,-3.562464236073868,0.024232984324332577,0.3745869313183979,0.8152876654473958
MSN,2021-03-31,-0.09781447855179919,0.08304283273181672,0.06585332126751822,0.5476243451852559,2.8467651045291196,0.17412524631228993,0.2185074347579431,0.6965542518217962
MSR,2021-03-31,0.04392961473894932,-0.0077981922569856435,0.146160750945517,0.40860485791547757,0.5638301924832221,0.07947018606472611,0.3559195713300876,0.5230873043551002
MWG,2021-03-31,0.12583191373039654,0.06360197493150258,0.022500962153320654,1.3529763813014777,2.6756909857993834,0.6241381138397557,0.3398486847665899,0.5644378939679399
NKG,2021-03-31,0.34802020825434316,0.08469592058039324,0.021128833135456458,0.04063869825966918,1.752133318225884,0.4831354911971028,0.3464845318598136,0.5398841610511328
NLG,2021-03-31,-0.8551297025610635,0.54846258716207,0.021788401519349385,0.48868093165882137,0.0657542581234309,0.0340392113812658,0.49591882279908206,0.26610990402340834
NT2,2021-03-31,0.22222247493543568,0.07536217251760709,0.11209391201577769,-0.0,5.69638725154998,0.2419876377984933,0.5989132924040691,0.1863340547532306
NTP,2021-03-31,-0.15706554595533195,0.15163541312697099,0.03162130203396835,0.3130368053912324,5.962256329028286,0.2461733783795218,0.6281568718986981,0.3770537142392157
PAN,2021-03-31,-0.40481998602254565,0.06343451129978392,0.05728568202065152,0.8237747005358023,0.7414267325265572,0.14582827292463246,0.510393630306981,0.790637401575925
PDN,2021-03-31,-0.09021639705615056,0.23322725115864829,0.0,41611888202.0,-12.424280284737979,0.20813386129198602,0.6318095430195093,0.5279055421289769
PDR,2021-03-31,-0.8812236041649429,0.570938410025226,0.008528127484678535,9.054079043220415,0.0561171729224537,0.03378439618392042,0.3955230331477623,0.20757051020468867
PET,2021-03-31,0.005609172158680777,0.02346561516972795,0.0033198388068456266,-0.008679909617903669,3.1951043425679684,0.6547177464910595,0.26835360606188297,0.5080719954850209
PGS,2021-03-31,0.004460161526572135,0.016461995158019084,0.0166251950719653,-0.2929064768810371,-15.451159902816157,0.551470979033975,0.4052877206734572,0.30295364951104775
PHR,2021-03-31,-1.3013180823008677,0.32949719033686986,0.10336915800085644,1.0314832835502303,2.995645008948946,0.05238451341103961,0.5538620717707676,0.20649547273516644
PNJ,2021-03-31,0.20664611214728024,0.09334358759481728,0.0026155231933902103,0.25256380402538275,1.344873428213252,0.8835955130402949,0.7070795574570115,0.4665561163799428
PPC,2021-03-31,-0.49070520601439926,0.12405590351455466,0.010055920211818265,-0.0,0.8866035789037148,0.17847745991750283,0.9288201007082797,0.0
PTB,2021-03-31,-0.13404540270315096,0.10440086633829787,0.05138881779976078,3.3132448593893087,0.847587468193453,0.2741147326384843,0.40413840516461147,0.6685211570739193
PVD,2021-03-31,-0.4266291708758139,-0.13284715532362637,0.12152324157593845,4.014507744599056,0.7688069866831954,0.028598063136437046,0.6699886896337147,0.5911861074033188
PVS,2021-03-31,-0.7477685222402344,0.0852681638431449,0.05072937218001945,0.17579311847265455,6.275714263279726,0.11104405982256293,0.52997119470962,0.1067332299658556
PVT,2021-03-31,-0.2643834874543869,0.1449566975146906,0.12652516934780172,2.1127493055700115,-17.558864485869957,0.16034372792235485,0.5671293072295605,0.5706547536777306
QCG,2021-03-31,0.17817412538359897,0.10398728014063197,0.047234932832036856,0.0626703813246182,0.14558587424377883,0.03474175515907425,0.4237446266189298,0.08360136031911315
REE,2021-03-31,-0.30055571835483613,0.4867207878991055,0.13235412407236294,3.333160032099494,0.6381785622571856,0.06229242550870811,0.606585254034175,0.70132284599594
SAM,2021-03-31,-0.3991630455787423,0.0752506059195256,0.0,15426650241.0,0.6718907039283981,0.07543699850795933,0.7182877470898346,0.2743065969761178
SAS,2021-03-31,-0.7901938703970907,0.09301153362901445,0.07922092948979209,0.8793642990452887,6.3193869823421895,0.07867876783501565,0.8241296725217025,0.014630770908201161
SBT,2021-03-31,-0.19509739401471302,0.11419765473852485,0.028430512276893333,1.580871381009847,0.41403029515134887,0.16144656353133802,0.40072262393055064,0.7927994550824933
SCR,2021-03-31,-2.248927437160218,0.49438104650653664,0.1585300904528062,0.10506314526787848,0.029055002725350804,0.013028765287620385,0.43333295626901414,0.4262781150658096
SHP,2021-03-31,-0.8786715410478083,0.10587123232321274,0.6330268437946389,0.0035015657126770943,-1.9769975391421937,0.038535568947343356,0.6229218597031002,0.8877996958570177
SJS,2021-03-31,-1.759807451594762,0.2414617630888286,0.0,-0.0,0.3364196656802612,0.022782237309645906,0.3110312863440557,0.12562970306909116
STG,2021-03-31,-0.14504578811394161,0.13273264466730209,0.04624368915223183,1.6448785321137849,2.5537884178700585,0.24910101718423333,0.7136363879549255,0.26673530075263313
SWC,2021-03-31,0.23213798217444168,0.30127711333493984,0.08890230654705245,2.454592737280401,8.349929539253784,0.13920087502126172,0.8002385190591755,0.443521414249514
TBD,2021-03-31,-1.2412053185553804,0.0696068460241258,0.0,-44099545.0,0.37253840060652155,0.19982726157707673,0.4353069793227516,0.5222753677101697
TCM,2021-03-31,0.2244913451557135,0.08552932030511302,0.033353253664702355,0.1067545993874565,1.1870275078987174,0.3126665210126404,0.543363405134702,0.5618645321559382
TLG,2021-03-31,-0.09363161338254035,0.15857727716500047,0.03601033569769715,0.4150987677115086,1.0402618543885396,0.2930735792011046,0.7694927804501831,0.391688852755641
TMP,2021-03-31,0.09749408244465847,0.5872893233666199,0.33771858467098415,3.6485314008571383,1.6133352913425334,0.07422170548055726,0.7415159884194502,0.765283620615942
TMS,2021-03-31,-0.08541639870978274,0.11777837570139296,0.022137294659629776,0.7344026954371558,-3.651365117910867,0.26055345769867616,0.5401297620489923,0.4457844397928692
TRA,2021-03-31,-0.23911571897867742,0.15009826206659047,0.05350045180171009,0.41729907174083664,1.4004046416100362,0.30961426663797903,0.7720882036824238,0.2001982524340302
TVN,2021-03-31,0.09624614292501532,0.05462266659004669,0.015462693341738196,0.05114231034410128,5.992275357790563,0.40018947725218607,0.4392429946650775,0.5320770515933938
VC3,2021-03-31,-0.8502761709028049,0.63739096762628,0.16332649002693753,-0.0,0.03167451594719658,0.0151134758805355,0.4814204610361028,0.41992846635624737
VCF,2021-03-31,-0.8478835579915369,0.23798713379742792,0.055021719258820295,0.11129047296262812,0.3513810437137676,0.20615836064417148,0.7817338362418816,0.4706400783821274
VCG,2021-03-31,-0.2708823567333639,0.3456289587707255,0.06291071407164193,0.49139824880279975,0.3177796953865774,0.06756489849654931,0.3578681089391433,0.33143572478156363
VCS,2021-03-31,-0.07262807914190124,0.28899484956035715,0.02709102144813225,0.4302505724439402,0.37133531026180755,0.24865006597345257,0.6727527434725356,0.8387869279078746
VEF,2021-03-31,0.011152179134743883,0.904273478726185,0.0033962698814099007,725.642992068877,-0.015327206458796573,0.009902981849960553,0.273933600027795,0.09399261263305154
VGC,2021-03-31,-0.0019406153195963146,0.16079345638102344,0.07858472286264635,3.268906847576808,-856.9908773506132,0.11041518415138098,0.3396004857694355,0.14448877378269262
VHC,2021-03-31,-0.0998106045683347,0.08656429464943337,0.04204906288053824,1.5217384507236744,0.7392407686950793,0.25287386446260823,0.742498735286502,0.6020002520703387
VIC,2021-03-31,-0.44826403266017273,0.1794054614562091,0.1167016666087415,2.375688412025727,5.741020658870749,0.07291061567011556,0.3329289341572377,0.47441957164268506
VNM,2021-03-31,-0.1034675403721339,0.2329295058041368,0.04791442993396262,0.2882510792135515,2.8276586522179827,0.2663129631879092,0.6652915775265132,0.5506555847053892
VSC,2021-03-31,-0.05511385597287905,0.20252767819715173,0.16965180218406115,1.2426645803229457,4.815360847459557,0.174231857881358,0.8904732118919392,0.0
VSH,2021-03-31,-0.38482309949606036,0.6681929283396946,0.3291756078319697,6.618944300927271,-0.7495189701903024,0.019307351592402454,0.37833105767182085,0.9029637545338474
AAA,2021-06-30,0.35320064666360224,0.04874689627916091,0.025233252956056256,2.4891746091231264,1.4282033576792152,0.3440667543389585,0.5408896049246572,0.7691652578492882
ANV,2021-06-30,0.41591137977337816,0.04944624403631014,0.0,64858725476.0,0.5066228679900854,0.21519216524798346,0.4801046549607393,0.8499486176229841
ASM,2021-06-30,0.21048264513097764,0.07234945822184849,0.035972739467126535,2.639727575372507,0.7104466416536257,0.19484894747309367,0.39415099403226345,0.7506280116771286
BMP,2021-06-30,0.22632878465287265,0.03555299765707042,0.034189199702551604,0.28920265501250064,2.4011209413715284,0.531216379493748,0.8334622483375443,0.11982258899834075
CEO,2021-06-30,-0.10810674523006931,-0.4424265292305407,0.16547063205914672,1.0056411370420626,0.7942826474168708,0.021161418163801484,0.4643153887084299,0.5155451081145348
CHP,2021-06-30,1.1547803479848162,0.37516147871250777,0.0,3117607639.0,2.2241349049294725,0.045538890479711075,0.5605519330465127,0.9419038198246726
CII,2021-06-30,0.15917090485989363,0.3177154254809534,0.22250258512506305,0.33020892648122224,0.2238413482909073,0.044779721309888054,0.2576216759520262,0.7795164476390298
CMG,2021-06-30,-0.024291165413886134,0.0684574165991133,0.045070968450402364,1.9891873312702555,4.586799293550248,0.2519521079882378,0.45424290225864367,0.46033857926144445
CSV,2021-06-30,0.3071878978392475,0.1803555958029911,0.03519691815097809,3.112843409001372,1.136111094698157,0.3050911672140948,0.7937560808126033,0.33603760261976884
CTD,2021-06-30,-0.014466224175560866,0.023047426200927625,0.010111131666701308,0.08265679605938851,0.7500974915248138,0.1914151405306229,0.6123049101006544,0.0
DBC,2021-06-30,0.048447890586337666,0.11040558556537466,0.051443047877155486,0.4455678504599323,1.3334708845676608,0.24589144216167655,0.44043921110077316,0.49595749145746487
DCL,2021-06-30,0.1266482924739582,0.24241029611101106,0.04763835545271818,3.563968460288122,0.474408199355594,0.11189860341578092,0.517288374924954,0.8924561842647667
DCM,2021-06-30,0.2277051558071219,0.13534913964376633,0.168296714961509,0.07743942674437405,-3.0165970337753842,0.2575594035266381,0.723103707140935,0.1658252105131931
DDV,2021-06-30,0.15314274223324054,0.07384132072889904,0.0535283989797612,-0.18714234832732363,-156.027835745544,0.4168878964948606,0.7589699065874461,0.0
DGC,2021-06-30,0.04376065119290971,0.17280877730393168,0.039984059448037734,-0.03367922232036453,1.5747798048283206,0.32469714974933606,0.7270908742197019,0.6784860973186465
DGW,2021-06-30,-0.16730448255746083,0.03585928014670314,0.0004087105827225504,-0.0,5.525549632132061,1.2428907022241968,0.4070477310325014,0.3013776793674361
DHC,2021-06-30,0.06252974648720498,0.1292840170850097,0.0,47801770204.0,1.87633387292184,0.44141961344333935,0.6400728021932287,0.43416859400052826
DHG,2021-06-30,-0.07156622022378628,0.23236227999695297,0.027979537405324988,0.1629014860703171,1.1136590061839915,0.21569562601389689,0.7540277732290016,0.504162558954737
DHT,2021-06-30,0.17335717284556074,0.061235785607598,0.0,50922779776.0,1.3209570791524092,0.36693154584449317,0.5734219272990464,0.4853638673266444
DIG,2021-06-30,0.21329178961348783,0.12498588804300811,0.0,5329290306.0,0.32416592812781597,0.052171337569797485,0.40079676697955036,0.24552670624905198
DNP,2021-06-30,0.37584726525962836,0.1042530280410053,0.1980974182694496,0.88230857872165,0.9745319479750508,0.09785495265329186,0.28100262638530504,0.7308945433537606
DPM,2021-06-30,0.4377933299483391,0.27121350125133087,0.060718360014228354,1.2166642843081088,13.811003269079208,0.2557209484221594,0.7340298246917777,0.32472172160725465
DPR,2021-06-30,0.10294511697972593,0.18867248244450338,0.15711856642517333,0.06698020650215628,24.293848931897305,0.06541884510839266,0.6696461486027568,0.08053070188298907
DVP,2021-06-30,0.261149847379253,0.5720535291893077,0.0,8659658914.0,-1.6653329297161126,0.12332278296108547,0.8526294206927371,0.0
DXG,2021-06-30,0.19879288751249588,0.3068248345828241,0.007316679626307098,2.5950955354475083,0.3402601057598137,0.13097876389227858,0.4683719812511339,0.4727938286935911
ELC,2021-06-30,-0.4806427999636085,0.1109715296393917,0.024137067144566142,0.3587538658423474,0.2357582260860023,0.08385417870945694,0.63896352323645,0.2792026433859029
FPT,2021-06-30,0.11510795094245106,0.18690172651581272,0.05342270785661607,2.0929767817491527,-17.626869562762945,0.18950516476670645,0.4269330412492417,0.6374356098131156
GAS,2021-06-30,0.2462824223111406,0.13107240376060067,0.042042559502052934,1.356482374616849,-49.651671737668146,0.30613911200628147,0.6394170771455765,0.20904369571334716
GEX,2021-06-30,0.6706082201355308,0.10948271386466216,0.11316322073208471,1.843277465357241,1.364563427050611,0.1876074927988794,0.3006136527178302,0.5755603033402971
GMD,2021-06-30,0.06289148993813809,0.29274735706652705,0.17980636771484146,2.407911648578278,-39.371655317351006,0.07545459346443223,0.6729687101989856,0.5431953048424004
HAG,2021-06-30,0.04415097516423842,0.2937192407899973,0.2653034192972142,2.360342238940927,0.3843255681578357,0.03729604610699511,0.2852159959639832,0.6395189526833085
HDC,2021-06-30,0.149086906355874,0.2651416357075091,0.015106952953441541,0.7173625283895017,0.32298040399871103,0.10162549976392048,0.37840473022917526,0.5823779072481784
HDG,2021-06-30,-1.0478025725889872,0.3436074346167501,0.2080882598666085,1.9909887225365406,-0.5179397482905719,0.03202603320584034,0.2880758927296703,0.621516208948325
HGM,2021-06-30,-0.34633187229966245,0.4440188993835799,0.07908373553924343,2.3241924942513044,2.9412963794016176,0.18016255635013717,0.8620061984949401,0.0
HHS,2021-06-30,0.11116142215491644,0.3644537236321266,0.025332473463392416,-0.21209767207221183,1.4607122714679974,0.03970885005357103,0.9496077265374647,0.0
HHV,2021-06-30,0.18358609083176783,0.5367836174381908,0.4780639807031082,-1.3546171371202709,-0.16405643968133096,0.013543498131212306,0.22880676407860132,0.8283526598088023
HNG,2021-06-30,-0.7530982734203319,-0.7698795893381432,0.3901333698457547,0.528525345635168,0.05378074809954728,0.008857573571187079,0.3578843061747975,0.8200759790023369
HPG,2021-06-30,0.1036670670398307,0.30622427038390043,0.06077158388025055,2.6456847895508524,1.660160905017683,0.22373694697739063,0.4629549593550411,0.6524196859122046
HSG,2021-06-30,0.185204706081301,0.15761444102134645,0.026477244606747902,0.025083447067779804,1.5564334464606966,0.5222101059750556,0.3917173945363882,0.46231419326250817
HT1,2021-06-30,0.2546739560408068,0.14395057023284194,0.07420541785940014,0.21227117386636893,-4.089348592417121,0.24408520828933866,0.6041322962228973,0.513200528046242
HUT,2021-06-30,-0.0332604153170589,0.15617144087373092,0.32735044923771334,0.47147927029988995,-1.4154488513255836,0.023290183141896573,0.2899854465025121,0.7567518251894075
IJC,2021-06-30,-0.9161498032099612,0.45226131798005653,0.03981017235505888,2.130949525086454,0.22805889592570686,0.08305220114090762,0.46715856816724605,0.29989689668377373
IMP,2021-06-30,0.06895661321181623,0.1967057173816733,0.05818237184625615,0.8061174320158704,0.6547321290243305,0.14475873795255587,0.7611565484601566,0.3755805648372336
KBC,2021-06-30,-0.9584341340281922,0.4314806277125886,0.04712969729039326,-4.760383616909513e-11,0.053796285234198514,0.028524150645400603,0.45916291397752385,0.5039428584589012
KDC,2021-06-30,0.11017901112875024,0.08846345519010812,0.027652253453791697,0.7947188905783422,0.8907893395182804,0.19208575063409608,0.5779593693024508,0.6251121171990495
KDH,2021-06-30,0.2872732439993586,0.3094320871527653,0.0033819624953673735,5.1929306478257535,0.13207342084330526,0.08114249345071706,0.618718704915526,0.48436311244992064
LGC,2021-06-30,0.1608391389440466,0.4503094868763836,0.6397359900511389,0.2487771847640293,7.761960821930014,0.028407218745966606,0.37916139200416316,0.8140045581020969
MSN,2021-06-30,0.06502896175162698,0.10746170573612994,0.059157631593453934,0.5624563888757338,4.317475156006233,0.17900371626771333,0.2604599660727,0.6847331415636339
MSR,2021-06-30,0.038492899915140766,0.0845753463690956,0.1266612460569282,0.6188393185669329,0.5819884441391712,0.08039020542861097,0.35588092027921553,0.5255345153107828
MWG,2021-06-30,0.026360964774554026,0.056178099937071097,0.02383074221390112,2.021176727670302,2.7878089239538575,0.5926874388597649,0.3385300586413847,0.5912845356651427
NKG,2021-06-30,0.367457369491931,0.14668535669314298,0.01578421379610431,0.4773573945782604,1.7160936421633477,0.5053472628250817,0.32780846295216204,0.42979034362408763
NLG,2021-06-30,-0.49439644997569643,0.16557803764435328,0.024514432717369004,0.34912029284725576,0.04017222368826279,0.020549076528275145,0.48392968739285624,0.27127160664486544
NT2,2021-06-30,-0.03393581362866383,0.020006846457593205,0.10940340278975089,0.0015724745410683348,6.09339302114131,0.2304794888418467,0.5904862138904684,0.2232556929591474
NTP,2021-06-30,0.16092074214770924,0.13772595604420249,0.04470832122614888,0.10122843643747252,0.9995907224551204,0.264306409963117,0.5738678086987862,0.7379836808186229
PAN,2021-06-30,0.24507225254054243,0.07893558666696625,0.04918096573623253,1.6495789912191197,0.7650901612899241,0.1829591227996,0.5136449568366571,0.7906257174376531
PDN,2021-06-30,0.16914449352766994,0.271375041491468,0.0,18008917263.0,-2.3643332835380293,0.22838833239671802,0.5823602008772376,0.4054543947650109
PDR,2021-06-30,-0.08039731759052658,0.6474038504128445,0.010094929233030243,1.1637874852630121,0.056504697761444435,0.028919325006745166,0.37772881649303713,0.1185707147673379
PET,2021-06-30,-0.21044038044913388,0.02840211367839469,0.005738189159488335,0.4439343135069077,2.7537420081151205,0.5945331977486852,0.29409425477643797,0.5778124484494502
PGS,2021-06-30,0.10009796448115425,0.022192972970837433,0.015128376610109353,0.8038408155092884,-14.705400949709254,0.6618670995063342,0.4271941901480349,0.21510802954914932
PHR,2021-06-30,0.5149379020890715,0.19621905502794462,0.0825049606907673,-0.10852767785356758,-2.819941163743158,0.08630243393165657,0.512912432054591,0.14918304507730437
PNJ,2021-06-30,-0.4766185691333298,0.06592166893710241,0.0048595451266669025,0.9418643420930053,0.7086373680079627,0.4864586453505501,0.6232646939561514,0.6149564467689301
PPC,2021-06-30,0.17692833597073518,0.07686551063540871,0.007987408199008691,0.1567730482106479,2.1544613018187877,0.22741073873648468,0.7786675024884402,0.0
PTB,2021-06-30,0.14627950120735556,0.10936985729710083,0.04977883337940772,1.5281592646579354,0.9359027328949348,0.30034196484065506,0.3857013837171356,0.638324723227202
PVD,2021-06-30,0.6899746503581365,0.06204928900402648,0.16761551856592122,0.189069431358748,1.1038177088961507,0.057514148303585734,0.6746897991543305,0.5999050297933789
PVS,2021-06-30,0.13746976606833564,0.06600702938586286,0.04314936512487019,0.6506627979954107,5.841968448000838,0.12758153123855284,0.5260877592080019,0.1017233229750566
PVT,2021-06-30,0.04849731511988914,0.1881470183615901,0.12581688511243158,5.035502372806502,-7.186193207446397,0.15559874198659154,0.5208632527476936,0.5680393895060915
QCG,2021-06-30,-0.5220713214634188,0.11428614517163105,0.08054840056702395,0.01865774022547264,0.08330331694507069,0.0208502227621157,0.42931267480156476,0.08484852494868994
REE,2021-06-30,0.2635868656257502,0.4277967973244035,0.2712951048729009,0.5182244531787301,3.002734498460113,0.05556375870308893,0.5066028075367796,0.7312366082794339
SAM,2021-06-30,0.11313359153646071,0.034416413452392686,0.0,42384911750.0,0.519024850561707,0.0727099869303392,0.6241196585857679,0.4583901745340786
SAS,2021-06-30,-0.15877777685865802,-0.12276632171249263,0.07492324166474708,0.6675693139091589,0.8407992349354976,0.0721207271061656,0.8742078807879616,0.01859207801375863
SBT,2021-06-30,0.2816521773904533,0.10439739810375182,0.031235891464021157,-0.680117170691639,0.6262174163188697,0.21389076305441213,0.4024398200152447,0.7677649638663356
SCR,2021-06-30,2.1662999716978786,0.1809833631637802,0.011273877134056167,0.11340770225215753,0.27288832405503444,0.12129929140493483,0.47471302255293724,0.3967179266632336
SHP,2021-06-30,0.6642697482020776,0.4012009994154387,0.4866499741412676,0.01515293454903971,4.5013476646678,0.07462604428211342,0.6435815377510208,0.8759130268138078
SJS,2021-06-30,0.1360371425906682,0.19122743124923544,0.0,1034548595.0,1.044820607776823,0.02594024069513259,0.30644742936761443,0.11624663579270533
STG,2021-06-30,0.24460294046814973,0.12337593541288122,0.03806290970325098,2.962480594500353,4.82209421903786,0.29178075212495336,0.6808733189291634,0.25494002109000957
SWC,2021-06-30,0.3488511064660489,0.27443769178747346,0.06296211856875103,6.095294756615089,10.35327246139516,0.188352374904868,0.8027510929035424,0.43684770813677437
TBD,2021-06-30,0.6628399715002431,0.09735214393729635,0.0,16104931480.0,0.5835563003628005,0.33787353960196964,0.3638381775294037,0.5972860766352219
TCM,2021-06-30,0.03221518759957262,0.07917122025276159,0.032270996934237774,1.565387888137931,1.2218515154047065,0.2774572709445781,0.47179653187680143,0.46543984955030615
TLG,2021-06-30,0.09713193693302932,0.15378166960435194,0.032122185555751234,0.767401258602785,1.0770523706431403,0.3027564893824186,0.7527091710682349,0.3630618696336478
TMP,2021-06-30,0.10473322294045329,0.6549594183648447,0.35902038100776357,2.641520946645416,5.7015556806174414,0.0915113623980916,0.64689560050891,0.7005949875566224
TMS,2021-06-30,0.27735196537984436,0.10617681384216536,0.024410692668648943,1.6953435448945056,-32.494334427083324,0.325079569897987,0.5941738792600433,0.47111746360838413
TRA,2021-06-30,0.15519138503559704,0.16122602490948865,0.044855449454081014,0.7662659275942091,1.8114464886211525,0.3405012528095396,0.7630200465164153,0.1586072068809233
TVN,2021-06-30,0.15949940782343583,0.06859401183395929,0.012224918750363536,0.2809322707806092,3.459896175223945,0.4245013745776935,0.41934082625294833,0.5546518139429982
VC3,2021-06-30,0.7206237978592335,0.15975902648763787,0.047793789571632446,-0.20032583846001406,0.05613814769384541,0.03196620654866191,0.4977088155913768,0.6054105099254131
VCF,2021-06-30,0.015208735350974025,0.24365714888076423,0.05438783275884262,0.3879648078538894,0.36058735593485136,0.20416086939232145,0.8014733452296954,0.3475157693620723
VCG,2021-06-30,-0.27628768820999544,0.037644116621920264,0.06549371410955213,3.3962370654767486,0.21006854433709027,0.036573477900800594,0.24691743209846095,0.4324084110569132
VCS,2021-06-30,0.14836424641625484,0.3005774932240705,0.024574419437608908,0.38476478273864967,0.4558500435235405,0.2776808422326237,0.6510590552869673,0.7523048863666387
VEF,2021-06-30,0.3010841900161055,0.938053932715669,0.0,-0.0,-0.029447450618311125,0.012869678653026394,0.2730989077685213,0.12622826441560112
VGC,2021-06-30,0.22613301927454513,0.159743363995243,0.4486978235947392,0.5258329947340042,-10.774530668205765,0.16565530166607656,0.3927532870336328,0.18819169951326398
VHC,2021-06-30,0.26914786708957605,0.12885629921129274,0.0322595117310022,1.3356458103888873,0.7967135122832855,0.30034329677009874,0.6865293063928497,0.6846301137980833
VIC,2021-06-30,0.3050209882040424,0.15021699948976,0.11598694088629162,1.357672056948094,5.569799473888713,0.0991233094371644,0.34464308567443186,0.5032519462923473
VNM,2021-06-30,0.16570418994266353,0.21948085434212877,0.04373623953184869,0.38416125560273773,3.36900382377304,0.30248556292998985,0.6480213325223486,0.5162657638197308
VSC,2021-06-30,0.08937743246235604,0.248570684349339,0.10047077584321933,-0.0020337068851995176,3.643120662600941,0.19013920701034526,0.8944802604653608,0.0
VSH,2021-06-30,0.9676330402885478,0.5171161524981233,0.6119249898087398,-0.08632510874432739,-1.639293365841438,0.049474600984491586,0.38101195401118443,0.8727128004275594
AAA,2021-09-30,0.043274108893588965,0.03645444085281377,0.0235927564004415,4.934930083369955,1.3048190099547046,0.34792367203187524,0.532053896667636,0.6894729402037063
ANV,2021-09-30,-0.4834870341731807,-0.0009614066875841306,0.0,122208293445.0,0.3503302611671788,0.1386068139957173,0.4987713138073061,0.8777556489308403
ASM,2021-09-30,-0.29294241717148545,0.15104884713163855,0.04630086629326686,0.7944228403271532,0.510856757448761,0.14498635930723508,0.40785719604680515,0.7522805930579094
BMP,2021-09-30,-1.006528890597152,-0.06010713506065066,0.0847744207690931,0.3803576007642811,0.7283377977022124,0.21012891677995416,0.8919006543297546,0.19978949004245758
CEO,2021-09-30,-0.09846418622547062,-0.10700485914823751,0.16654283261627317,-0.43025601077611064,0.42687117569104877,0.01935649151071656,0.46047328849765895,0.5203371005440449
CHP,2021-09-30,0.16050333142586715,0.44421446654517177,0.0,147145834.0,2.304733722744874,0.05639604807255253,0.5326557382390992,0.9293257005658673
CII,2021-09-30,-0.7591274201049246,0.5344992891785579,0.4107431005635775,0.6645287332058574,0.10210519662992183,0.020748948064561824,0.2550666170239523,0.7760542076996771
CMG,2021-09-30,0.05992745117298259,0.08520586685133846,0.045367765509245435,2.3632787744080463,7.643791325836971,0.2592224706961918,0.4556811983853759,0.44409457320786916
CSV,2021-09-30,-0.11985736476928902,0.14125352982085118,0.04804509355053706,0.3553437049825374,0.8981519441847892,0.2695185888291663,0.820301376742801,0.3737136986611284
CTD,2021-09-30,-0.8208795773479609,-0.010283845296483561,0.023011670175320263,0.5663557637589226,0.2745037531354701,0.08823547609017005,0.638752398496853,0.0
DBC,2021-09-30,0.033946719594386665,0.07747931509105647,0.05036483689318623,0.6978159189873064,1.261774585026131,0.24995719307099984,0.44535736592039943,0.49522805133278247
DCL,2021-09-30,-0.2824112612882879,0.15677025815461249,0.07145276263505651,1.2719671940274861,0.5570609943080905,0.09703510562242158,0.6024933379394957,0.5760283911355781
DCM,2021-09-30,-0.2587527555294834,0.21281828204374467,0.23228747807510766,0.032413256732507785,-3.437655907602395,0.19227071505977364,0.6918766461463103,0.12665694501846145
DDV,2021-09-30,0.0645254380776667,0.08655007425902767,0.050974063617114776,0.2009150648979755,2.919899477701264,0.45670217384390727,0.8189870526565197,0.21154785781069999
DGC,2021-09-30,0.03581831770898771,0.24177027928160255,0.04353584375413179,1.110936779598305,2.1614947593423492,0.31566170502380553,0.7537430304180418,0.518930126471222
DGW,2021-09-30,-0.09423036593540078,0.03681395612656517,0.0004134579142456382,0.10714914496693591,2.2222191248632917,1.030126641996383,0.3874712013538208,0.46337590463888156
DHC,2021-09-30,-0.12791222190427717,0.10113206643928828,0.0,-18834874350.0,2.071222789315073,0.3831476733212293,0.6665126169037414,0.33413647933979274
DHG,2021-09-30,-0.0035053649500801456,0.23184688954568133,0.027577549332892724,0.3371638311592146,1.163897566641231,0.2148750070532248,0.7981498927373574,0.40044022214269903
DHT,2021-09-30,-0.32732566572116667,0.0441307054151095,0.0,3240632992.0,0.9245757977697368,0.26366942746793703,0.5788908558403174,0.5445480972758838
DIG,2021-09-30,-0.12121989571828984,0.11778608280731555,0.0,-3883225923.0,0.3157026299623887,0.04014428894226989,0.3660372608271942,0.3773762592748344
DNP,2021-09-30,0.07860079272809692,0.09778201354548668,0.06131049844646991,2.4197723932707373,0.7530108573827816,0.09918805994741842,0.26334780032184785,0.733884454388895
DPM,2021-09-30,-0.062470707843037133,0.27131988451213834,0.06388357058764348,-0.31864375132215134,6.171855532651618,0.2356038567811414,0.7437804877456423,0.28903974913117086
DPR,2021-09-30,0.29282282348219635,0.279184282080955,0.1304759330271499,1.0074676715115345,-17.160639452414035,0.08726375553816548,0.6627525882780596,0.05477807791802425
DVP,2021-09-30,0.09361856771906951,0.5089148976718921,0.0,35682893137.0,-7.487142173912545,0.1349337558281254,0.9086644711280402,0.0
DXG,2021-09-30,-0.9866062381320047,0.2904724063426862,0.021164115280300398,0.4870817820759469,0.11967642461741188,0.047434976967314475,0.45867467901758524,0.42374859503746587
ELC,2021-09-30,0.6425025202317404,0.07300161458234407,0.0073035942061186595,-0.0,0.4973841511505379,0.17228908619270408,0.6769791542113451,0.2608952966227532
FPT,2021-09-30,0.023740596816172,0.19290701562753457,0.05608391489033217,1.4528018487515062,-11.475902837553186,0.1889721884803527,0.4212702789007293,0.6361532123593799
GAS,2021-09-30,-0.18902407378453306,0.16714531714519257,0.05143298449918401,0.8101998235206405,3.6325509925082935,0.25897775506966986,0.6855278461672514,0.341996790488219
GEX,2021-09-30,-0.35069805335688187,0.10225044409637125,0.09965923562677435,2.1481729096891753,1.0178298402530632,0.11733617804282552,0.36142191040631955,0.5623316299649418
GMD,2021-09-30,-0.04335766265700393,0.2938104470902592,0.18224628370837728,0.23433718871686088,-3.748781542852955,0.07458269773896503,0.6685277179611447,0.5451866528868461
HAG,2021-09-30,0.018502354233292436,0.27137196442918565,0.007279781852143009,89.9797566322155,0.334361235386538,0.0374009623420701,0.26979097131312096,0.6192435549985011
HDC,2021-09-30,-0.19875773308135733,0.33124003696121146,0.022180443320156604,0.011722200414061782,0.23601889813382462,0.08329045265365174,0.4077685300741665,0.6175986368061236
HDG,2021-09-30,0.3002911536206646,0.5875110800039686,0.22064717045250043,7.228882635339784,-0.7446544800114753,0.04217662500845873,0.3142828399151587,0.6197084002196568
HGM,2021-09-30,0.2649732880095968,0.9460545852930039,0.6476163440500631,0.16172951160100968,13.617690757365265,0.20338883122234733,0.8445904580821376,0.0
HHS,2021-09-30,-0.883886747664881,0.526875654793373,0.10122222618696118,-0.0,0.3202328008223925,0.016074584551707415,0.938309582888594,0.3097267198174963
HHV,2021-09-30,0.050797267481595645,0.40649425279815893,0.17230257748647815,-0.0,-0.1525047050122325,0.01405754847906558,0.22817283461329316,0.815915863197223
HNG,2021-09-30,0.6871576988896899,-0.2942907825453945,0.10962018197521442,2.211146452880473,0.09525149011315204,0.0238860345820172,0.3948085979244823,0.804238064286686
HPG,2021-09-30,0.10640283779800101,0.29303562851832266,0.055394562500587746,1.5227431638381137,1.223586889774647,0.22771815318642455,0.4828452995328389,0.6761431399346348
HSG,2021-09-30,0.1927858456070615,0.07213625251979718,0.01994585563185636,1.0296628465815285,1.7320794489929303,0.5985813069916057,0.4069344661366006,0.4330386584066946
HT1,2021-09-30,-0.7726794160024484,-0.027925901142573,0.1354442598194871,0.2673119913096406,-2.5799468921876887,0.1119498013067883,0.5979393742436837,0.47651492908008797
HUT,2021-09-30,-0.3355200658923849,-0.04558066112441351,0.3419620849293477,0.49322346677141454,-0.5234016170115249,0.016844792223251494,0.28595434297905215,0.7558617000748163
IJC,2021-09-30,-0.4336041818238544,0.35479422027423785,0.05265131568679157,0.011041343853655928,0.11657109098024629,0.055481008916281827,0.4939443639445101,0.3600582816194254
IMP,2021-09-30,-0.20963222377562554,0.15034334376143077,0.06914604844275844,0.43449717424763934,0.4249883729266567,0.12154032727583612,0.8026683171789862,0.5483409383588063
KBC,2021-09-30,-0.7714183328632511,0.3313589059253042,0.07553943233019549,5.205500665329805,0.022661896973990847,0.012003103808640421,0.5048345990721019,0.4932240582367074
KDC,2021-09-30,0.007893092188210563,0.0707540876329689,0.026399212354165005,0.2761165648752359,0.8797776954382575,0.19228619299815228,0.5831374578623068,0.6401818003211602
KDH,2021-09-30,0.05681287098567482,0.332519693868878,0.0031300366694474633,3.8718751524485047,0.1364528191576457,0.08292863662102043,0.6750077521612192,0.5940171172737126
LGC,2021-09-30,-1.248530422755906,0.4418936154179144,0.6705016190605986,0.6914746897016981,2.3556181079503924,0.008128235029208003,0.37837960436654294,0.8064806633809465
MSN,2021-09-30,0.10836896492658027,0.12544810429394346,0.05462587571924329,0.6992446232977516,5.1939896828180565,0.19512797661313633,0.26229858699665043,0.6705044748179378
MSR,2021-09-30,0.14541058378550972,0.08682434734242765,0.11235064894883705,0.8068060338747689,0.6318509440954575,0.09359158201750309,0.3563612518393226,0.5397195116383139
MWG,2021-09-30,-0.2602572861052144,0.045940498497871775,0.03182333630648017,1.7662600142385243,2.10084096292179,0.49158764966224644,0.3751901583582705,0.576751998082715
NKG,2021-09-30,0.07156520706869363,0.10266312101459865,0.014003490358909184,0.19281817131731666,1.373674949589778,0.479339572423816,0.3341959051911352,0.43379192089052837
NLG,2021-09-30,0.24431042044738566,0.5969846269663063,0.03024159825376668,1.4104982332276599,0.03623842748096464,0.021722240385181623,0.5394231008775314,0.36015742797630734
NT2,2021-09-30,-0.247811962475151,0.23408381681413032,0.17933390520064801,-0.0,3.1751982916007986,0.1876602759281774,0.6138018726854074,0.23767866771058035
NTP,2021-09-30,-0.1951184498442899,0.10350937032461613,0.013682663750554814,0.343893173855625,0.6339921347193755,0.20158202812811027,0.5471972610240637,0.7512436630382604
PAN,2021-09-30,0.16549901759580796,0.049964559276603045,0.0298497062733312,3.9999338301509324,0.8861373162214616,0.2229935219115622,0.5337173868021402,0.7183312981233423
PDN,2021-09-30,-0.19352139768626514,0.2361499528616297,0.0,61350776881.0,-1.6900465954063144,0.1844425522603585,0.603792714736115,0.43819093087376765
PDR,2021-09-30,0.8565175501548444,0.6259679528414983,0.005487044904611588,5.429201088531423,0.11691216711128612,0.06478529591218189,0.39447270582120497,0.180266199173062
PET,2021-09-30,0.12767310602384302,0.02587026261084109,0.00430488149390059,0.5593468691145116,3.1993263794894973,0.6015868149609245,0.28901232646262565,0.4276463353641164
PGS,2021-09-30,-0.1443846290837958,0.01994532502145573,0.016836109755302617,0.717485381113145,-6.014033048717911,0.5682781729021148,0.43230157773045436,0.14472401709443533
PHR,2021-09-30,0.12469886933988031,0.3504544277038473,0.07275898958243064,0.32106757159300414,-2.81719269966631,0.09792533132356473,0.5404631038709455,0.12901403924395033
PNJ,2021-09-30,-1.6229591417453753,-0.18822390701721256,0.013204013239210685,0.13058795055106795,0.1352119196392408,0.09605597440822526,0.6063261499723533,0.6701467516319405
PPC,2021-09-30,-0.28258538053029375,-0.03280479192126603,0.009324582820093302,0.09380016406682708,1.461132587107986,0.18539353502395656,0.8360129111466169,0.0
PTB,2021-09-30,0.06738081993184784,0.1339452066233433,0.047373642409964625,0.48059541635621106,0.9173247345226984,0.31506156117275325,0.40740441959542584,0.6585990764025251
PVD,2021-09-30,-0.10396471726743958,0.09007041642266303,0.14990563171862145,0.7284077059580123,1.1708236798455214,0.052083374159360735,0.6742066481170554,0.5978657944164069
PVS,2021-09-30,0.2655796780438844,0.07148935907287488,0.03232328343289973,0.2339855224073759,-19.82319378882153,0.16428224160751584,0.5259824286717439,0.10017560039949742
PVT,2021-09-30,-0.10849330346283785,0.14005627439472754,0.1566357791421694,-4.575736752143511,-3.0309543189471126,0.13233743891571317,0.5112910743938203,0.5356678208954864
QCG,2021-09-30,0.07763629501519073,0.10050235044823935,0.07344368279709537,0.06916811920592919,0.08790006789967801,0.02262000726236837,0.4319838716739561,0.08417672899139955
REE,2021-09-30,-0.37453536497640966,0.4159863499467576,0.38365122237702065,9.571805863077422,1.1713861197638404,0.03752387590755003,0.506464518050157,0.7569853708121564
SAM,2021-09-30,-0.0758727043594715,0.19064715869685991,0.0,-0.0,0.4642286023103451,0.06681734997596998,0.6253819694643479,0.49426744117224564
SAS,2021-09-30,-0.2363523829787386,0.02346711068237263,0.10884430500179854,0.6154502900625454,0.6196886509584729,0.0567117973864738,0.8711587899117276,0.014788057032449349
SBT,2021-09-30,0.0652146844693339,0.09733763195776987,0.022548430310864814,0.12280879597971778,0.6619641297697252,0.21746309125328125,0.3948323998599166,0.7227370583988078
SCR,2021-09-30,-1.051924830320514,0.13518338451432657,0.030524963810828924,-0.001339932797529116,0.09507544410138555,0.04283199053757886,0.4807975364565578,0.3931783606915696
SHP,2021-09-30,0.5664091643094632,0.6325668130878661,0.4501306656917597,-0.0186528504064465,1.7738211366835486,0.1278649418727816,0.6973531618553146,0.8946040918523618
SJS,2021-09-30,0.01234506643915018,0.15249910541179185,0.0,-1031912231.0,1.4711915287762056,0.026443926022063777,0.31130490996953614,0.10875485062793844
STG,2021-09-30,0.06134168968530266,0.10710601136964736,0.03712481638812741,1.677483950374792,4.27296253379167,0.2926611802697628,0.6667165020687627,0.23093180316846873
SWC,2021-09-30,-0.5470690200860278,0.26424695721164876,0.10753981422256681,0.4494624151343754,5.138379435269755,0.10791076680175518,0.8180145543044318,0.45786880627780135
TBD,2021-09-30,-0.3563149886730685,0.06659878893097512,0.0,1921414545.0,0.4542752655249897,0.22027190750607278,0.3474457365792886,0.4888413905145965
TCM,2021-09-30,-0.21399588628934776,0.0037711806008576473,0.03750168449221352,1.5055027343170715,0.9319684339729198,0.23959424042926666,0.5038792680196559,0.5437180836976727
TLG,2021-09-30,-0.5065177962930202,0.017290527843746437,0.04663286628849828,0.635402745943179,0.6135568899962284,0.20038843741696388,0.7761239312253868,0.31390502813187293
TMP,2021-09-30,0.17995649585245352,0.5642294323574937,0.26736011779285374,0.11381715612462683,1.6719105215760977,0.107296117312471,0.6786721157542442,0.7540091435455394
TMS,2021-09-30,0.09060521247771142,0.08985707938487525,0.006891176052794395,3.9393219695842085,10.781182583852125,0.34218141872396635,0.5596089722857597,0.5099922296549014
TRA,2021-09-30,0.03108154686122927,0.15790516653801742,0.0440195076627337,0.23795789662336983,2.266085169536593,0.3147036054650542,0.7190612870006989,0.10271355798975448
TVN,2021-09-30,-0.18870886054514557,0.014544481526217718,0.014145599306660041,0.7604184020262249,2.64492366379812,0.3452779843630494,0.4147611944355747,0.5615674961885228
VC3,2021-09-30,-0.6357661673083739,0.15839528664231506,0.03530176301116156,0.04648628086735523,0.02588915263501303,0.01632368840640509,0.48129706816559276,0.6682516355116626
VCF,2021-09-30,-0.006807938650189628,0.22567599242087802,0.05347158695629404,0.05259551845911168,0.3448465757961588,0.1935730360469596,0.7984294771910294,0.3389275866140291
VCG,2021-09-30,0.2381780865470223,0.212618807397308,0.05711312442406808,2.685379304794033,0.225223059655788,0.045335406766498006,0.2467218190843143,0.4440889985646166
VCS,2021-09-30,0.03729025424141821,0.314702102596477,0.025969412406223552,0.4002902454283325,0.4576267887904154,0.27274854224974476,0.686557260973937,0.7804769869124605
VEF,2021-09-30,0.1577971457300706,0.9558453879805471,0.004653382642765814,-8321.013564017867,-0.04969560298453598,0.014119203681395673,0.26667021248177175,0.19006974017246187
VGC,2021-09-30,-0.28663568841788295,0.12923956231523567,0.2093023447555454,1.886779407342668,4.149546418652063,0.12143300690412998,0.4026779364327778,0.19547854381003774
VHC,2021-09-30,-0.04681370271760482,0.133355071201539,0.03756278004008649,1.1478212914244788,0.7964110366397446,0.28165241764255367,0.7062456836400881,0.6448453515505568
VIC,2021-09-30,-0.26726127330084426,0.1887880076235848,0.1392056800790632,5.278271506300463,1.0622047235674943,0.07331181232328074,0.3789116272321546,0.4786727700436777
VNM,2021-09-30,0.036996296790949894,0.21686764727235655,0.04136312741043161,1.1133823077685008,4.254441966897282,0.3197872685867563,0.6505929629195203,0.5012342230324274
VSC,2021-09-30,0.014659792241760741,0.3063564072417142,0.19047140068749585,0.12702237799997565,4.659980772253864,0.18399421678190245,0.8947633804732897,0.0
VSH,2021-09-30,-0.5283948163142104,0.21341491590664363,0.6448524600432487,0.4705631528128931,-0.6364310276179254,0.02972086949855963,0.38400659273151827,0.8714418193429756
AAA,2021-12-31,0.21146881682725716,0.031182248693842812,0.01954443145675351,0.7575605238938219,2.344280045042145,0.42837175154149215,0.5462953775246552,0.7387350678027086
ANV,2021-12-31,0.47336575274055764,0.09819600927647713,0.0,-16748076192.0,0.6216156600770826,0.21988338810326954,0.47780019624426157,0.8025184954994566
ASM,2021-12-31,0.06181515560618675,0.10468012513566595,0.042200738685606386,0.20025010997198456,0.5389525254306687,0.15398728765643083,0.41683024081800407,0.7462342814449706
BMP,2021-12-31,0.981476236070506,0.10014914422939812,0.03466037837888532,0.6505075450002276,2.5847860024208846,0.5038111090254304,0.8056577146247691,0.10353003857367424
CEO,2021-12-31,1.770057501573317,0.4206682107401774,0.49061571641843726,0.5758182171481963,2.545068999797774,0.11318520395554003,0.5020213392576457,0.4955113438493656
CHP,2021-12-31,0.8606038626306545,0.6346494288848118,0.0,-2847040756.0,2.2640875235814435,0.12753870847828783,0.5777356986339242,0.9131907904788767
CII,2021-12-31,0.2633007273866054,-0.03871331320777363,0.24828312889819362,0.246870256765257,0.21057308296452756,0.026643711266699746,0.273072346933802,0.7573067321079798
CMG,2021-12-31,0.2813549852498451,0.08325771888780752,0.03338093209811969,3.9550753527997236,10.030735641442059,0.3105230165775628,0.43200462148843033,0.4170294626809983
CSV,2021-12-31,0.37221834890437633,0.20040314307918045,0.03226977449309333,0.8526116087111383,1.2982472981205038,0.3588301068417081,0.796411896836413,0.23711577388313304
CTD,2021-12-31,0.9754443211307608,-0.02578932128289455,0.008329081175390763,1.0671666739080554,0.8027986794999057,0.20724669313252467,0.5613404452827335,0.0002675189958094649
DBC,2021-12-31,0.137782780814804,0.06763612694398811,0.04366515223648671,0.4744652377957824,1.3478068633365106,0.2859901097601425,0.43383746681025576,0.5362614705909794
DCL,2021-12-31,0.23928245031554313,0.1894833344130794,0.058375627128241195,1.838249141089946,0.6680122963378978,0.11436531061705026,0.5736406704688218,0.6588422703126733
DCM,2021-12-31,0.7610446848279112,0.29704588037000396,0.1257756931975113,0.07365244471912061,11.026345308626315,0.3654632780116188,0.7012183639363216,0.21348462770056564
DDV,2021-12-31,-0.08717130938132046,0.04551566243389414,0.05961000674627038,0.20970142277541273,2.5304073031024488,0.3917456061841139,0.7860104647659916,0.11147883517532464
DGC,2021-12-31,0.49624316738415136,0.4138121988445101,0.034569297379083715,0.1664128695272738,3.9365731675941054,0.4229344657008403,0.759413540617634,0.4196551944262454
DGW,2021-12-31,0.7239529993425401,0.05243346273318273,0.0001458955575533906,10.827849488288381,7.08269546017164,1.2202564529665474,0.27250089610229666,0.23453571807994647
DHC,2021-12-31,0.1635311436585186,0.09065236483438392,0.0,5833799440.0,1.6177118856777293,0.4681505531294801,0.7067250915740476,0.5265328650932258
DHG,2021-12-31,0.14081767501333872,0.16979773744721083,0.022095924784449876,0.5109769054097896,1.0968720334819153,0.24314289581400597,0.8214417129431923,0.25152880667356886
DHT,2021-12-31,0.31170907474395637,0.06529947887911634,0.008665155995727567,-0.7758503198121246,1.1223747674326634,0.36998733997493277,0.6087192293123868,0.597691107924679
DIG,2021-12-31,1.1781024222515775,0.6022543720343269,0.0,-2293258411.0,0.5300838667165308,0.10764879683991861,0.4556647536423633,0.5347012044478141
DNP,2021-12-31,0.399617279908075,0.08629600124088144,0.09021361792321124,1.1015882263226449,1.4982805359791298,0.14786321080198161,0.281111927692595,0.7116888113167255
DPM,2021-12-31,0.5951714907338146,0.38873282348336474,0.04181933131560407,-0.5869155946990231,3.2811709123884985,0.3743785853745668,0.7696763129738354,0.28094596641636954
DPR,2021-12-31,0.822067014308758,0.5365017510790064,0.09025956835990206,0.8216086209670814,-17.88446694466097,0.18451876995342906,0.6963876119780955,0.04399029641314176
DVP,2021-12-31,-0.06994056953933492,0.4037926919808279,0.0,4281843200.0,-13.856475096044838,0.12137555313313339,0.9156716996467476,0.0
DXG,2021-12-31,0.6270166802008327,0.19457137350253054,0.011023127536359995,-1.2033380121337713,0.21295733450809917,0.08978506177620134,0.47361245217601694,0.30121936001398214
ELC,2021-12-31,-0.33571790963808695,0.1302028359180902,0.007613341164314584,-16.16904307930812,0.3377319946210038,0.13540409231460557,0.7586575545033454,0.11336070286707343
FPT,2021-12-31,0.1973751022377751,0.1709353733092003,0.04975753735257877,1.9416074362226077,-3.648662280124992,0.20683350080405777,0.39891090410397756,0.6226130546928762
GAS,2021-12-31,0.0773200832670084,0.12921742597750951,0.04471985706269233,1.4674827107567303,3.9256094249312965,0.2600825583072974,0.6626127511874762,0.3008375149416523
GEX,2021-12-31,0.4319838049463596,0.09883839022238741,0.07691518058228233,5.709922313908056,3.2955542203801405,0.16032733516886052,0.335103080768598,0.5438154149063458
GMD,2021-12-31,0.3594589009086713,0.24609964378079657,0.1173550142758055,1.8181386731593103,-2.6071183930556767,0.09865558117100269,0.656154710365979,0.5204990411750373
HAG,2021-12-31,0.2853724035471081,0.2570947701948208,0.44630519859555745,0.21085957874241085,0.5774834130218324,0.050368364684894674,0.2573541137615201,0.6139593805009691
HDC,2021-12-31,0.4568257119632288,0.3134618735059711,0.013237122435278375,1.877277577432239,0.269814586554966,0.11805469419155641,0.3929308236233781,0.5858769337686494
HDG,2021-12-31,0.7880328489336332,0.6058786773075306,0.19947184157897488,9.9592020711662,4.935005098961022,0.08863611709944118,0.3368454172261701,0.7046263601098464
HGM,2021-12-31,-0.25915443803164334,0.6102407054391922,0.11488721269129826,3.0662246807869593,2.066020219751657,0.14765857425868995,0.8533643475204805,0.0
HHS,2021-12-31,0.959545738359692,0.5250588812500492,0.03482206059530394,-0.0,1.0001608071875192,0.0404452553996628,0.925007603179841,0.3419758655883119
HHV,2021-12-31,0.28092155511559047,0.381870102755779,0.13392807845794047,2.4964358174422707,-0.3254446084005212,0.018305067826588178,0.22653848766184137,0.8043461794316261
HNG,2021-12-31,-0.25028751123420845,-2.4429195670299033,0.10631169824977443,1.1605867872267472,0.24815956341406994,0.02232777062247394,0.42795838064566877,0.7313822415402184
HPG,2021-12-31,0.14113924023994984,0.1892633576460332,0.042197179108065475,2.7399502509307205,1.929533973693463,0.2569509026104962,0.5093257833006095,0.6541884831404731
HSG,2021-12-31,0.0701678805036124,0.04829192067484182,0.018139980109649623,0.4186617649601501,2.0294687184714664,0.7452907320322367,0.49227869039634375,0.5125099640658911
HT1,2021-12-31,0.6637450068798099,0.05259610190080752,0.07923583437301983,0.2920261488161795,-2.5553936237285604,0.2303088865807165,0.5874977947539622,0.4433764451376847
HUT,2021-12-31,1.0326355577407753,0.5365739084584855,0.295477098888441,-0.47128884352717226,-3.612144755104658,0.04299077924351921,0.3511294876641931,0.745361536004818
IJC,2021-12-31,-0.3087166819866701,0.4165773334136865,0.07951726850512529,0.9093346207285294,0.08486507974376006,0.03972901865750967,0.49111497968697465,0.3242122372297228
IMP,2021-12-31,0.4373114283112969,0.2107166012895482,0.04776069153828058,0.7367388775318205,0.7285103723939419,0.17655388941418604,0.7819801557326772,0.5272835512309231
KBC,2021-12-31,1.2664854539870951,0.32796216124602046,0.018842579164147177,5.036440828038092,0.07729259429159409,0.04202706855114858,0.5284303788853322,0.49039215589188906
KDC,2021-12-31,0.14737541037628477,0.08147095877600433,0.02545265831968823,1.9149730428643803,0.8723144576769613,0.21642502623146942,0.487526955997426,0.642569338945473
KDH,2021-12-31,-0.3781752294115202,0.6460408759930508,0.009180801308714343,4.006011712416995,0.07822796915578646,0.057509804474086886,0.7123242275506676,0.6183573767320063
LGC,2021-12-31,1.099184951217787,0.3582190486605032,0.6356904588308379,0.25423052670269897,-7.4437548217223455,0.024374678512008325,0.38500056643849917,0.8094585972188649
MSN,2021-12-31,0.21993676710289706,0.30447818146856015,0.05358551897433081,0.5998547593149005,5.713990803147591,0.23792875842080674,0.3357560995366683,0.6946018926530627
MSR,2021-12-31,0.11349430535881763,0.1699343831315113,0.11413342182061774,0.5224007086187983,0.6394941611609534,0.10479357336773186,0.36444073753771167,0.5613069189596578
MWG,2021-12-31,0.3943795757993476,0.06120397322249545,0.02323925310781717,1.630681830079852,2.3372825957863586,0.5803999887956945,0.32355231273982515,0.5785135116577343
NKG,2021-12-31,0.16030182021518863,0.06544100652148914,0.01141535662596951,0.7694831625471121,1.7117010777666497,0.5776723942882591,0.37205595051800505,0.3954322960993523
NLG,2021-12-31,2.147115637205383,0.22138667904571915,0.0024734465170048537,0.3912440857226173,0.35056382432695227,0.18907287448646204,0.5732357744295558,0.35647459940676235
NT2,2021-12-31,0.26621449225400756,0.08169386336954852,0.11436577504064928,0.01307707589193796,4.111582057533226,0.24770685662742603,0.6391202421904745,0.08784806844801508
NTP,2021-12-31,0.3660465875282359,0.10032229622041944,0.02754538178016421,1.8414848684792464,1.144424609585403,0.30308114153451193,0.552350664641784,0.7345739103818282
PAN,2021-12-31,0.3493054697730565,0.09827898852477768,0.1432844634356794,-0.04961284204886975,1.6634269340618402,0.2458721929369598,0.5010506519092249,0.6633150301349827
PDN,2021-12-31,0.028505607898584986,0.19541225630374107,0.0,30288897147.0,-2.497909741172326,0.19097962419690034,0.6347795262561535,0.4946652221847429
PDR,2021-12-31,-0.03447712772937618,0.8266636942078389,0.013343382635626856,3.219620826355225,0.17855621006319386,0.05992267331009972,0.3962903449856068,0.27620240305349053
PET,2021-12-31,0.44436267399782386,0.030315092674272882,0.0015025406877200273,0.019669300002706894,4.521494861811399,0.6755640402813771,0.21312794811224492,0.5106766952356888
PGS,2021-12-31,0.10498296490788486,0.020629153363857965,0.014945574297644372,0.26190474315427675,-3.580124986608229,0.5997989374579529,0.41707260662096934,0.034090939306913266
PHR,2021-12-31,0.27742597396878005,0.3399498357126447,0.06644801405873539,1.2515658062550452,-2.4912802740439353,0.13029085582637293,0.5161753510812497,0.14330634923847457
PNJ,2021-12-31,2.087768267683523,0.0833528696481928,0.003663217788106716,1.065391029134166,1.0058631832154799,0.6736476065918937,0.5704668879963694,0.6008501828230318
PPC,2021-12-31,-0.4326321298437512,0.1014608937416991,0.04308590175599009,-0.0,0.8040187950584373,0.12616509385342575,0.88812901312692,0.0
PTB,2021-12-31,0.018146871671008525,0.10482471344564534,0.04041614431344658,1.0285888536653638,0.9525567621215373,0.3289385846016149,0.44044478028997863,0.6482199263942667
PVD,2021-12-31,0.25161511977061907,0.059058143578609584,0.09387112017271373,1.1540679653517818,2.7339630483430652,0.06612032801005743,0.6667108269313773,0.5718780516839168
PVS,2021-12-31,0.15631242759636518,0.02710631744208664,0.026797365389455888,0.8086480390316658,-5.350846851633434,0.1935516684578815,0.5070791658473742,0.10229847084523705
PVT,2021-12-31,0.2317328687536291,0.1502445531352497,0.16581910827372395,5.438982794964858,135.00108281922098,0.17419889355296195,0.5591707029306366,0.5912098423755164
QCG,2021-12-31,0.23450659960231232,0.14393947325904094,0.06670516966927605,0.3790360506679897,0.11076146457070785,0.02882755807490221,0.43871866339760085,0.08255467751583556
REE,2021-12-31,0.6184180451010877,0.5699619543664045,0.3076003308912434,3.485330462699243,2.094473725076682,0.0676806686265314,0.5139138457913992,0.7739941489641877
SAM,2021-12-31,0.5012605045865626,0.16124200602643307,0.0,-0.0,0.7006383518783045,0.10494156088746728,0.6072730136035663,0.5464580465114589
SAS,2021-12-31,-0.09260036881996524,0.036100136770311535,0.12518385586877076,0.6795896311695312,0.6831713914859627,0.05430508759985776,0.916058308993968,0.018536594899912984
SBT,2021-12-31,0.13282863787563792,0.09132608649414357,0.03827320254796549,0.6404411494175611,0.7364716381363626,0.2268034747475571,0.4022392961884217,0.7163512246986783
SCR,2021-12-31,-0.23757206900186395,0.2556204551549178,0.045068286232462555,0.17804024956993292,0.089676787189025,0.03607456507360574,0.5137017561167254,0.3287019484973572
SHP,2021-12-31,-0.07899612980814841,0.5039467897534194,0.3606748068142791,0.024471479746547557,3.5777596475887443,0.11925139499684549,0.7293021934241912,0.8415784656088484
SJS,2021-12-31,0.20526012149104927,0.01598725815984785,0.0,-2103977764.0,0.31490394530435184,0.032784525142091084,0.31375245670596724,0.25288738595630933
STG,2021-12-31,0.01095681862349509,0.07119135949927943,0.03634680607392603,3.723608326177556,5.920134641935825,0.304730249005791,0.701732499997324,0.29646286258092625
SWC,2021-12-31,0.025296188706587727,0.28906866863349073,0.11000719079900692,7.923599016260554,-9.514087593765082,0.10845794320550979,0.8268163678717112,0.5009489288782112
TBD,2021-12-31,0.8419719811981122,0.06460835294385467,0.0,16690803701.0,0.9657588184477287,0.5629455390485849,0.4075070760995878,0.5752213886025795
TCM,2021-12-31,0.05678377530453766,0.04024009748981903,0.03728637490273226,0.7424819371839161,0.894633709821866,0.2349314280978173,0.47375197789784385,0.5285307800132345
TLG,2021-12-31,0.5624732734409146,0.16447496548822765,0.032094807809698304,1.4043486063015405,1.1155110382420852,0.32788768023451503,0.7463103210504671,0.29805597062524264
TMP,2021-12-31,0.2429853661485988,0.5848880159465314,0.21221497120479876,0.9273370260054636,2.1724847705591195,0.13010344083377776,0.7061038477413101,0.7814217086485892
TMS,2021-12-31,0.43706545100039706,0.1342857323557659,0.014917424691878928,0.5901660161522385,5.105735976083488,0.42893979760750967,0.6253138393409818,0.6076255465539532
TRA,2021-12-31,0.038699904435338744,0.14770581974600663,0.04193489417980449,0.05884031538293395,2.1916603803086487,0.34729340364339567,0.7920297199407471,0.07566090324072092
TVN,2021-12-31,0.19805554433212452,-0.0033954009049980806,0.011204732920371661,2.2815698855071087,2.970904406539984,0.408262000431986,0.39872326932484276,0.530090873342547
VC3,2021-12-31,1.8226088408134435,0.42620959303769107,0.014535138738124915,-1.882552812344739,0.23341217704254644,0.10191190828569872,0.5168351173439235,0.7340942215479418
VCF,2021-12-31,0.8943142221331392,0.2514481819374734,0.021970344985663724,0.28800510031134036,52.59794311639106,0.526444277204577,0.6489026602440585,0.47286434985741144
VCG,2021-12-31,0.5154633876461916,0.164920915330143,0.03776539931475873,10.066936400574313,0.5390129537398745,0.07504693656779009,0.24493756260689015,0.4957105864438212
VCS,2021-12-31,0.006744266348501707,0.30095005427275295,0.02534845609375111,0.08456184684190853,0.43652755594267817,0.2742546079739913,0.7071316023864745,0.8052681578061472
VEF,2021-12-31,0.008148084643258726,0.9232353292897789,0.0026548793966946053,35617.240092549226,-0.3368500516040644,0.013660275622365221,0.26864994975902373,0.2214969772828529
VGC,2021-12-31,0.5445481995014044,0.14455070809586373,0.15424247966764826,1.8181417196838745,-1.939845567893386,0.17481444436879193,0.3800557433749759,0.23366652144095137
VHC,2021-12-31,0.1924362628658414,0.19894010100659018,0.03311121011044491,4.395288930073468,0.8845682522822235,0.3170913149733484,0.6734527802769085,0.663152732279017
VIC,2021-12-31,0.18256813261343457,-0.0998041396200328,0.11420865169491469,1.9286756523790825,3.0452490583771077,0.08928879934911392,0.37242610426777545,0.4557253430347543
VNM,2021-12-31,-0.023454779211777514,0.16671057836749353,0.03943973680609479,0.8271606822967248,3.2209963225501737,0.3049668404916751,0.6722013623652509,0.5410040994035444
VSC,2021-12-31,0.0480659777566057,0.24438917958256168,0.08554790278526368,0.08473682688323063,8.363875612682426,0.15657696969072896,0.9172511382206371,0.0
VSH,2021-12-31,0.7647326689694024,0.5119394024353218,0.48829733746268367,0.1625741739129805,-1.8814743323608698,0.06337593094394384,0.4003800071532893,0.8440294120892868
AAA,2022-03-31,-0.052722757273792754,0.04009086593235138,0.01994600430249502,0.8893893020773683,1.9144557758478906,0.3875430137352142,0.5129196446949155,0.7001323414840904
ANV,2022-03-31,0.13811313849582513,0.21098413056826687,0.0,95073571699.0,0.6539315205418349,0.2419399008622394,0.49860414090794347,0.8070514823159344
ASM,2022-03-31,0.17147598138352088,0.1406397595466071,0.03720229189539005,0.6221399454200112,0.6009373089612341,0.17575088354414453,0.4146831769642035,0.7464912580772688
BMP,2022-03-31,-0.05167880080187577,0.11696192382110022,0.03452358143645814,0.40862221780752556,1.7458321872828382,0.4711713926795992,0.8375486645023944,0.12197347253405676
CEO,2022-03-31,-0.9676695114726725,0.2583761216068961,0.11358029389376084,0.060684636644899106,0.7489969865267154,0.04278059851514642,0.5028458798922583,0.49737748285476463
CHP,2022-03-31,-0.6867554919545712,0.5091597740349089,0.0,439843636.0,4.9167961276635115,0.06432583800428258,0.6007682573812049,0.9281078211293655
CII,2022-03-31,0.6814202129418536,0.6147783602104802,0.31668994071998136,0.4385140749716147,0.6040840583077413,0.05550542260196946,0.2794292505263621,0.6983314409965361
CMG,2022-03-31,-0.0356012767328334,0.04124917587047816,0.03713827415290425,4.660496023058977,11.295424738466913,0.2872206269525763,0.4299722816283147,0.4605506270219914
CSV,2022-03-31,-0.07220580369301068,0.29027594903814957,0.04079091868007295,0.19748038562615106,1.205825380334723,0.312862563986318,0.8016644369874564,0.15861671990738085
CTD,2022-03-31,-0.42505099546560265,0.025007829226608744,0.01333996573521633,2.919233214689353,0.48870625042759086,0.1300411779170969,0.5406869880621944,0.09015799779577965
DBC,2022-03-31,-0.09521519919163693,0.025433446792317876,0.046475371906047405,2.7404907833347787,1.1037479949507039,0.2545317708594609,0.42406864855543647,0.5891095000672867
DCL,2022-03-31,0.11977162318272774,0.11313122630151196,0.047286060452807505,1.2396030917330942,0.45365020120284577,0.1198678689969241,0.7258421674606034,0.8669648493629162
DCM,2022-03-31,0.045149499592314846,0.38840445688692044,0.13589442746917357,0.03287758479352687,243.21171879693554,0.3204292935647999,0.6933046112841247,0.13094390731290045
DDV,2022-03-31,0.18123247628328823,0.16782359311929212,0.052909440212459836,0.04565599914762246,10.399119315188322,0.41509896881624775,0.7595800236049755,0.0
DGC,2022-03-31,0.0531448726047626,0.42726592888916787,0.03484796379627609,0.3226253022503302,3.9753691483294804,0.39432927972465104,0.8070107702158132,0.47263021597725086
DGW,2022-03-31,-0.12061795700105045,0.0393929943897383,0.0002809016298766957,0.25554289256571006,2.2416704460496732,1.0619186461496892,0.29913471381643175,0.4233659946888194
DHC,2022-03-31,-0.08231930435425946,0.1344011016964722,0.0,2270670262.0,1.3582446590258632,0.36936524221055783,0.6475879514848298,0.3232483478064944
DHG,2022-03-31,-0.024101789214852374,0.2629842494971363,0.025327505057116995,0.23973650036996072,2.0679505833322804,0.23072343755191385,0.7497384132479159,0.16704870361400215
DHT,2022-03-31,-0.0921809216554781,0.06785705372161611,0.01117739847507079,1.6291808838251294,0.8926142961655625,0.33580726764658525,0.6007173295374197,0.5713001123047625
DIG,2022-03-31,-1.1957101237661008,0.22731775829520948,0.0,4213727858.0,0.1114124671653757,0.03348595570537141,0.4676800994265623,0.6146267348188402
DNP,2022-03-31,-0.4152804025839177,0.11154469878389425,0.09870447124573417,1.1595718576738205,0.38307990191671365,0.09324916596280823,0.2634402526997299,0.7425621017746118
DPM,2022-03-31,0.12050595051969988,0.4318137142535441,0.03874082895808775,0.0554522511322733,6.507817763526468,0.37123812324822,0.7825045000591269,0.2542886512365484
DPR,2022-03-31,-1.1898123512250824,0.2427436543642688,0.20892779550849588,0.27589118533933715,2.5597611529994793,0.05838091536145397,0.7144717412167348,0.04251405748215528
DVP,2022-03-31,-0.2214463896663826,0.46620103276302305,0.0,1528467995.0,16.142348488211702,0.09963668451687269,0.9341644112379253,0.0
DXG,2022-03-31,-0.32281472685996015,0.3479254725794703,0.018589429063094916,1.5389304344139048,0.13965326813571802,0.06362390359911439,0.48389663404946326,0.2891042863379642
ELC,2022-03-31,0.314664911013994,0.07027174760030325,0.007867262144381649,1.034507140173098,0.4341136169645844,0.18455320861025984,0.7693585835076324,0.06428900183119896
FPT,2022-03-31,-0.08730014661016035,0.18912407140417137,0.052106936948250006,1.1248176489692165,19.41643016886433,0.18304973740482128,0.4129292320232656,0.6955758721472439
GAS,2022-03-31,0.27580357341513473,0.16535655125215204,0.03381873408958378,1.863511464942397,5.021173688673894,0.31692316725217423,0.6540944276080853,0.29240976899216764
GEX,2022-03-31,-0.09541296329855752,0.14245266990344121,0.1219381459784419,0.9278339042013196,3.0322990389253084,0.14492957668596673,0.3532942074241116,0.5724509730275602
GMD,2022-03-31,-0.1674905183956934,0.42419928855457617,0.181797598748627,1.7589624737573408,-3.844743442077604,0.08164453287198745,0.6712593762559299,0.5200275756433017
HAG,2022-03-31,0.08919308151367204,0.40211954992705407,0.1474322321811446,2.3659615265778564,1.5560767854016613,0.05307059788791622,0.2543594065733562,0.6224019183923594
HDC,2022-03-31,-0.10560061720094355,0.3578416237580045,0.015273458730926613,3.5535356050127587,0.21013704939072422,0.09691740488228731,0.3727190910459035,0.618425776909912
HDG,2022-03-31,-0.6890033801998134,0.625389472431651,0.4450358148748904,0.3111866532427183,4.838770834229979,0.044470868987689455,0.3568521058791805,0.6913580728927758
HGM,2022-03-31,0.6831461354991262,0.39995334872186844,0.03764557244422513,0.08038684701734845,2.2077536344735624,0.25762008645539863,0.8683188864112766,0.0
HHS,2022-03-31,-0.18160827487094325,0.5288762012216612,0.040683405309376905,-0.0,0.6163224217015508,0.03305661200926572,0.9236768400967698,0.5360999936647831
HHV,2022-03-31,-0.3617013082578733,0.5684471670231738,0.3581768205297264,0.18169824598789,-0.22758463413203575,0.012576521253252435,0.22571520516853183,0.7913807213941549
HNG,2022-03-31,-0.35865453934941754,-0.282673027152978,0.3875261149049578,0.9947329491798119,0.18504157142573835,0.015961444989545694,0.3902210063143777,0.7101370751202023
HPG,2022-03-31,-0.01713960493427988,0.21144193671936085,0.04725587482842212,3.5901391288689557,1.6110794989428117,0.24224011553181235,0.5324696111333489,0.6926404317268887
HSG,2022-03-31,-0.30133005918899836,0.027358835915067874,0.023252169765499903,0.25876091956290964,1.1918476785831231,0.5692523295733434,0.5179518155062437,0.6603673762603941
HT1,2022-03-31,-0.03599076274931867,0.026959696627474196,0.07521573351266288,0.0653300773398532,-2.9409356356441183,0.2229398999583323,0.5923700907447257,0.4916625822095114
HUT,2022-03-31,-0.239335261377833,0.515818290781754,0.36758613350279196,0.0034664242400880706,1.4338282998851033,0.03376068311082539,0.36323932011556465,0.736803230812667
IJC,2022-03-31,0.6894918664939043,0.4383905967076678,0.04054446150783895,0.10301742575660267,0.17405127849088176,0.07999603014081498,0.5221307102400062,0.3627262527016231
IMP,2022-03-31,-0.24438201284519823,0.2133835997175868,0.05996474068051282,0.8798134230425966,0.5783584872803093,0.14661351846025134,0.853442155756712,0.49339641587115346
KBC,2022-03-31,-0.02026735495546066,0.5539930802244827,0.034245909511031514,6.229114443873395,0.07889254577980748,0.03972933603664509,0.5367710068401832,0.4913167479336721
KDC,2022-03-31,-0.05171453203527806,0.06992692172233068,0.0245665329296142,0.33679451595520843,0.9267215385269872,0.2236490484630577,0.5259001665411225,0.6386058055000454
KDH,2022-03-31,-0.5230337654570741,0.635879153512756,0.017313893750366797,6.263059987461469,0.03474174276314619,0.0281149564835454,0.6403823976878458,0.708764222596586
LGC,2022-03-31,0.11946587761434951,0.5204535452698081,0.6820662449448608,0.47993748732802205,-6.566146699754123,0.026613119177630266,0.37366995992405905,0.8151743311487512
MSN,2022-03-31,-0.44239875897884506,0.16783492177395343,0.0671632141956743,0.7770833662070644,3.290458809374889,0.15509315101299118,0.2956005105142088,0.6674886149122324
MSR,2022-03-31,-0.007397952373820666,0.10484208605998112,0.10495426256072524,0.47694963476839314,0.5535954676732803,0.10303735566826978,0.3642718573070359,0.5691004786765649
MWG,2022-03-31,0.007698141503611236,0.05981515990386593,0.024767958797696804,0.7700280038974963,1.8108392335102608,0.590629523651971,0.3496884189483275,0.6036821390697181
NKG,2022-03-31,-0.206968631709448,0.09192843342426024,0.014420793645616332,1.5890250244254354,1.0252019240802477,0.43953932964470316,0.3794648374748445,0.517413088052469
NLG,2022-03-31,-1.984385395871866,0.12679174061277174,0.010114851765575526,5.234088661254541,0.04876246721561444,0.026306949177910585,0.552233009701227,0.3068488217304379
NT2,2022-03-31,0.20223815658666472,0.08478856479140055,0.0937501959552219,0.0063539327748429126,1.6339512537267493,0.28486781683131845,0.6199353542276426,0.21967851794389248
NTP,2022-03-31,-0.30170052059925306,0.1702909193610774,0.04608571543757093,0.3767211216684092,0.6509286678495174,0.21873864653348837,0.5692910394056415,0.7865458624698949
PAN,2022-03-31,-0.12923161859468943,0.08321835804615943,0.031109235115065866,-0.03761653328001134,1.078624081104919,0.21509531664007733,0.5041411110103615,0.7558421317146331
PDN,2022-03-31,0.07347969299512691,0.2714330233807993,0.0,20907968304.0,-2.6787641930138895,0.1942625087082142,0.6183891641708437,0.4953549083914337
PDR,2022-03-31,-0.6766805098257747,0.7260362250623043,0.020343720889961208,5.193614968390398,0.07672736363406021,0.0290675644988163,0.38951783450621535,0.36631564145765116
PET,2022-03-31,-0.2220966754885888,0.027924401245311155,0.002885778680385937,-0.26834541504681536,2.831016619485326,0.5760594981571246,0.2397834264578148,0.5268041085093942
PGS,2022-03-31,0.2347859512713906,0.0236664106345639,0.011671101534779479,0.2680279268605003,-5.837023875984926,0.6961023993191683,0.3950290400724602,0.09149444978919284
PHR,2022-03-31,-0.13481184594978968,0.5338222465709246,0.08098651704914958,0.8394699259320183,-3.480747415493153,0.11177462041897959,0.5527431927449461,0.1449489053673175
PNJ,2022-03-31,0.3565796296187414,0.09303288571202381,0.002101130271568763,0.185596639305059,1.6504946997177765,0.8894347289682601,0.7018482835588359,0.5383583788127645
PPC,2022-03-31,0.49357567376104494,0.07492971599891095,0.013989183362554714,-0.0,1.1899500283084903,0.19905084589304253,0.8569753468557949,0.0
PTB,2022-03-31,-0.029116105504533456,0.1209141788797828,0.04806952918180877,1.0110910714858499,0.7960843529983893,0.31789436895199324,0.46439849127821914,0.7267285171321296
PVD,2022-03-31,-0.15649507661539486,-0.03263838215928606,0.12767967961338691,0.4662767302507828,1.3150445382198617,0.05719390314511182,0.6725376301060533,0.5819427338140701
PVS,2022-03-31,-0.19930403412703715,0.0824322048128619,0.035011932849148185,-0.15246989212209278,-2.524433974021569,0.15888516165985625,0.5185252211393944,0.10368670922193622
PVT,2022-03-31,-0.04170205163044061,0.13600784205286395,0.15571471550558186,1.0107349112146318,37.767340604278424,0.16207944035633925,0.558661324846381,0.6210771078061044
QCG,2022-03-31,-0.7131919482312932,0.16195026762629838,0.1549577356831931,-0.0,0.05487143908665326,0.013966487418231237,0.43496898212197366,0.08053928595568861
REE,2022-03-31,-0.03212077785046757,0.6043929542054627,0.367745330104024,0.4644889474785995,1.3088204249939452,0.06437605302087789,0.522973775736059,0.77241657010649
SAM,2022-03-31,-0.4000865892175269,0.05523846588409521,0.0,11341498247.0,0.5726222503894567,0.06925031777506262,0.5984076246868708,0.4838845094673384
SAS,2022-03-31,0.47647183354531325,0.013297115944237655,0.07331380222114282,0.8456612798836348,1.039855701164198,0.08627054914483655,0.9037978776296788,0.011387637776426469
SBT,2022-03-31,-0.36820909856223805,0.10957122946023981,0.035687014030312166,0.005249228851903673,0.4462185634132023,0.14647165403119214,0.37974735641987495,0.716562923759397
SCR,2022-03-31,0.2921059308592597,0.252084016492691,0.03343048856017032,0.04746086208708794,0.1303611452206504,0.04848228724278021,0.521349842903786,0.3629030873204372
SHP,2022-03-31,-0.45260779503713333,0.5194326838740122,0.5852977688694334,0.00632870873794659,1.8807300332015346,0.07792558502349063,0.7839445849242648,0.9062484863573573
SJS,2022-03-31,-0.12865283901851698,0.09999138337908293,0.0,-360000.0,0.1809179644923072,0.02971730365645301,0.328533290155227,0.3179625635086689
STG,2022-03-31,-0.09647176204489252,0.11494354996815905,0.04436901176845039,1.5893946233902716,3.076400549754406,0.26611295267211804,0.6992143020189753,0.32021136808276995
SWC,2022-03-31,0.35648125519559976,0.25293525211715856,0.08389213248584326,3.1635498170169036,28.740629998318212,0.14628149672350887,0.8110022324506524,0.4222467262559082
TBD,2022-03-31,-1.206406417336674,0.04995266488555123,0.0,493920000.0,0.2791295422459508,0.1738428839049144,0.4251917238720872,0.644812967388435
TCM,2022-03-31,0.30301506053920285,0.08491356332606731,0.028841888465796,1.9743617442264234,0.9758024376892938,0.3059001499286835,0.4746709708377045,0.6051894431416769
TLG,2022-03-31,0.0036972755106111175,0.18179468576401842,0.03140651368819846,0.9251964569973606,0.875959228888936,0.32976381880553435,0.7824519639821654,0.3160233039184515
TMP,2022-03-31,-0.04665226317758579,0.6413248194910212,0.25705635626637985,0.12755616657115607,1.1336339545393792,0.11725459650728401,0.7229174637853776,0.7826581873984273
TMS,2022-03-31,-0.34101855554506033,0.17753969509971051,0.04345303277539654,1.570824190796077,-40.693084874767585,0.29169488120479525,0.6298061359176652,0.3805897549618796
TRA,2022-03-31,0.06236454257248062,0.17900866303489,0.04626551380122625,0.06319498679834341,3.176988255628229,0.36256182420332383,0.7444981970504384,0.0413329477233208
TVN,2022-03-31,0.09486503823544397,0.02374867124284912,0.010554259209057996,0.7513986574108912,3.3792809735036906,0.45322858947513406,0.4051581363929611,0.4962050514611108
VC3,2022-03-31,-2.666374020333988,0.3554612838196278,0.21481637984276886,-0.0,0.013453475942142702,0.005567466084241592,0.403630917612312,0.5932043234404776
VCF,2022-03-31,-0.8538918923863886,0.26330778742350847,0.052176084518433336,0.09731357487963567,0.49814858169913745,0.2481041854089108,0.7652505928264726,0.5263213256166841
VCG,2022-03-31,-0.12172638293754631,0.4728328945084476,0.05846213858909356,26.52502448957044,0.2596383144227851,0.0676736057933331,0.29870368269292163,0.6680851100697232
VCS,2022-03-31,-0.1436591159258849,0.2763996009361706,0.02705152845053911,0.6933736175412919,0.3758705382845616,0.233540689775196,0.7452715485757903,0.8514885900685292
VEF,2022-03-31,-0.016383895957739487,0.8708381490044206,0.0016039371474385058,26782.075484299326,-0.08256683016270641,0.013004165876184595,0.26902942328357743,0.2458547925393629
VGC,2022-03-31,0.0028966446371860837,0.2471718986091823,0.2281675607552162,1.0385914100660765,-2.138816405358319,0.16942287803836967,0.3993247624067797,0.24285054720604593
VHC,2022-03-31,0.1878484948303626,0.20414166066214695,0.02772909488912529,4.0094006032583644,0.7668967350648009,0.32498957068598544,0.6260090996658232,0.7221158128885332
VIC,2022-03-31,-0.2686740859263223,0.11316190793981973,0.20412066556603478,3.43439117662035,0.9011506755453623,0.06608016802398038,0.3048678139098465,0.45483757409306264
VNM,2022-03-31,-0.1324247594060633,0.19586315257604783,0.04690427442622179,0.42625077961817337,1.9588109057139365,0.2688395801728796,0.6600030740227067,0.6112286193944705
VSC,2022-03-31,-0.06702865716010328,0.2705900575609505,0.1782852261168914,-0.002143303015009366,4.104313641369975,0.1434185729949659,0.9317431615720713,0.0
VSH,2022-03-31,0.2423563169537062,0.6790034739302123,0.5749340772397878,0.45827579279412317,3.159366452141005,0.07957041075919008,0.43422489722655727,0.8563609702969717
AAA,2022-06-30,0.13327239049165585,0.03241956989612573,0.01725793348070191,0.7309990858958068,1.7050354876474976,0.4245313430433706,0.5115801668151049,0.6651912560104932
ANV,2022-06-30,0.06203381597693378,0.22539788928795337,0.0,84141691722.0,0.6808473921111123,0.23621931340899793,0.5008510028163808,0.7773538056898076
ASM,2022-06-30,0.2112252261933949,0.11705211000907255,0.027294198536962338,0.6151955045333057,0.7251783909031663,0.21557997099958093,0.43127493067729133,0.7573325996697668
BMP,2022-06-30,0.14113367128931675,0.11585369418162907,0.029878597947499544,0.5426412330306791,2.139028361240012,0.5328809283522502,0.8336326180462502,0.11261221438968555
CEO,2022-06-30,0.39826075260710103,0.24824560657443578,0.07506563009419595,0.7326321759550993,0.8946789827485727,0.0600107760080301,0.4669543673806796,0.43428593873962923
CHP,2022-06-30,0.3109633504008963,0.6172861994206497,0.0,356120836.0,2.6197653873473987,0.09145369467688683,0.6018458326200421,0.9277146247739203
CII,2022-06-30,-0.3054426366627764,0.36000732708799865,0.26495172439477754,0.23613282713172312,0.7024824600154613,0.039814060180306594,0.2791995642315181,0.6897855022257188
CMG,2022-06-30,-0.03982129523005394,0.07188374712651184,0.03886665899967932,0.6082720392598842,51.28667220329546,0.2679264586050779,0.4369003212956568,0.4030776099421912
CSV,2022-06-30,0.15462437739483728,0.28464669089383565,0.036272801741968584,0.2537091131298314,1.668284674815328,0.33103938468966726,0.7716001874196459,0.09325381666012353
CTD,2022-06-30,0.5512172993914894,-0.002523914907178051,0.007622832388960146,1.1242010857073017,0.7300060896860423,0.2086629948304136,0.49521735942870687,0.1572414496619432
DBC,2022-06-30,0.05535752299136764,0.02622050035309815,0.045310144754287345,1.5791707736487546,1.2344612358251899,0.25842948363252743,0.4047105110544,0.5465817922581583
DCL,2022-06-30,-0.03081167840351907,0.18356100931607625,0.05311612709458258,0.939437099977104,0.410614830762799,0.10870992879174722,0.6906175932877943,0.8754782950547578
DCM,2022-06-30,0.002444178218357134,0.2643878085846154,0.11325182787719151,0.11758839269781818,5.1884020706825416,0.29871648543772433,0.7170582798688435,0.12049704360901314
DDV,2022-06-30,-0.005410156096617081,0.19122481808089098,0.054905307315170356,0.035231657314159406,1.8190979290750313,0.3936922626408584,0.7954966199038805,0.2502587341195873
DGC,2022-06-30,0.10054992254475449,0.48682530122271456,0.035615469501197726,0.508513839149595,2.1543365048545624,0.3487235851625379,0.8054141972836046,0.43017078967903677
DGW,2022-06-30,-0.36021933584199667,0.03939956698119712,0.0004136495594654542,0.8100033970065896,1.7188840765273823,0.8050151395888362,0.33576262612085744,0.3050496237860564
DHC,2022-06-30,-0.037534476963761984,0.13516496558705596,0.0,18020942544.0,1.104639264799317,0.33516723212460614,0.5850153957723566,0.4263401735979018
DHG,2022-06-30,0.055728786860599205,0.22924129651188377,0.022496946473160397,5.362665137625922,1.0668271356253394,0.22626679978910577,0.7411957495923436,0.4825895804497276
DHT,2022-06-30,-0.00950906548902657,0.06709550931806321,0.011349431591205529,7.753399658598603,0.8903359375515703,0.3391843353093499,0.6274746463605011,0.5101002138073998
DIG,2022-06-30,0.1063799651696085,0.36201064888221945,0.0,27166459820.0,0.0896559536049661,0.03808135152948426,0.4835547628735022,0.6147677727130805
DNP,2022-06-30,0.48744560275823506,0.09351112540743595,0.10081907629126229,1.2497584209340507,0.6194035376481523,0.1488493059741655,0.2470326823252295,0.7339551151039724
DPM,2022-06-30,-0.14465257031780268,0.3242842845650552,0.037589376656594876,0.21744963286685606,6.473482710180102,0.29129335432026804,0.7776216128471376,0.20737086213614078
DPR,2022-06-30,0.3499877807498887,0.2787285412216766,0.11106869145667705,0.7735439768527544,9.089957507600122,0.0805039937303606,0.701897134954393,0.0166558411193822
DVP,2022-06-30,0.16114592934069713,0.5974795968328698,0.0,106020000.0,-37.87183888103265,0.1237780864803401,0.9214814227461292,0.0
DXG,2022-06-30,-0.045448691003814864,0.2374626675163861,0.015692653596251854,2.127110273429572,0.1196416260450581,0.05772400909721618,0.4704621898040411,0.3712555939850902
ELC,2022-06-30,-0.04358989791254496,0.2514221395986792,0.010045886095843856,-0.9676114414286412,0.47134864284478123,0.18581547178286298,0.8167159525304856,0.015397016651268962
FPT,2022-06-30,0.04455579231976772,0.19119650717317305,0.052046138461361684,1.5804219126766577,-38.462130906570735,0.1890298154612375,0.41587075122272327,0.664840611704719
GAS,2022-06-30,0.038462615593997,0.2314363309559756,0.03540120799720961,-0.3754056753338027,4.168211334979869,0.31681709767615546,0.684122995464352,0.29415551268875095
GEX,2022-06-30,0.03425421446320005,0.10090434535270573,0.14609199252112565,0.8029587699749738,1.9170003376715714,0.1659040281547631,0.3857607457687407,0.5667167383427318
GMD,2022-06-30,0.09950740063206114,0.4067351203765763,0.1606001694547878,4.3269473573172075,84.95358870831873,0.08696849781693407,0.6812122933800389,0.5460120624512641
HAG,2022-06-30,0.29751071781260185,0.3321767804452525,0.10351386319090165,-0.9038082311266419,0.4000630370417104,0.06993319582536302,0.24034152915135734,0.6162907541073985
HDC,2022-06-30,-0.041203522510262276,0.31433517894331847,0.014620464025007263,1.118985551859775,0.20677434705253603,0.08485051833010832,0.35707839481706294,0.6066652757943116
HDG,2022-06-30,0.37357527324555495,0.6697805592390427,0.4214001684534538,1.1710107664584317,2.2436223745996577,0.06613414024799917,0.383511971959631,0.7124287203988835
HGM,2022-06-30,-0.1999426125887262,0.3703810630066133,0.043514487988134204,2.4645916461041044,-15.311316350315277,0.23261649563097514,0.8244979232059462,0.0
HHS,2022-06-30,-0.46463811261039484,0.49213631354847703,0.09913926003426252,0.0967569322667519,0.26346403935094426,0.019752874766155327,0.8873266557086278,0.6543657042414055
HHV,2022-06-30,0.11761314875437621,0.5061428363299657,0.2904102710540716,0.4381213797798092,-0.2188415576578052,0.013999763296444234,0.2256434339118424,0.7794138699321352
HNG,2022-06-30,-0.3848749013177896,-3.494172453096865,0.10832804206380647,0.7916755613044449,0.16964830108941353,0.013145535292780747,0.25186961686819104,0.7280748861930179
HPG,2022-06-30,-0.16072987606475805,0.13295072687011342,0.05045745110454068,2.226186068840407,0.9978911596574224,0.18475097253136644,0.4815278304436948,0.6508458019485742
HSG,2022-06-30,-0.03212466749293517,0.030400971305335568,0.02445546774409464,0.2989848354967552,1.0500075421344446,0.5305650858687347,0.5093469180056172,0.6771199067016901
HT1,2022-06-30,0.19871615141866672,0.07830660805006433,0.06628177630902422,0.33469117013524696,-2.4533742891624564,0.26392322239450755,0.5805083763154726,0.39801340689745085
HUT,2022-06-30,-0.41222857183392886,0.3600045251740419,0.5028198305006046,1.4079735534628517,0.4169825583421956,0.021514880848331048,0.3476410044734806,0.6830938963463123
IJC,2022-06-30,0.2862009802064275,0.3579260980839453,0.03157619125794007,1.9001942359089206,0.2487496954181323,0.11043938554979381,0.5653058253779896,0.35566108328152973
IMP,2022-06-30,0.1414016042533098,0.16341907037028497,0.0497428869585052,2.602703430268878,0.7957063037073127,0.17427423178704787,0.8440272256371424,0.2861414663635736
KBC,2022-06-30,,153.59117588792512,0.13462511929391047,-1.3453215196343316,-4.849797463528408e-05,-2.9018369387025676e-05,0.5373637659869336,0.47888183555697084
KDC,2022-06-30,0.18317008152268835,0.0928027561335136,0.02081073597765631,0.6954625004342564,1.282446752300615,0.2627907336425341,0.5206359677017369,0.5864946445753642
KDH,2022-06-30,0.3928782411414061,0.5996423896050154,-0.9173921486368222,-0.0424819441872976,0.04697716054058964,0.03741003793910098,0.5863973672089602,0.7194079590068588
LGC,2022-06-30,0.09409169966228835,0.5194522647643881,0.661557607019192,0.7968969787740392,-0.8206733423006671,0.028729622318041183,0.3726542067075586,0.8338570538520675
MSN,2022-06-30,-0.042144458639793256,0.1263512010438453,0.06980828789036655,1.0390642953147875,3.80149450319782,0.1475342529478437,0.3097258166694607,0.6577608069068608
MSR,2022-06-30,0.060457000742761426,0.09883636007431149,0.0982347027569578,0.8018148424506568,0.614953777309108,0.1094966834924882,0.3885565971677917,0.5866018709837277
MWG,2022-06-30,-0.06109366056910265,0.05967742731062509,0.02644827695533341,1.4434874250842817,1.8790197187979156,0.5852171561729889,0.3783444984960911,0.6070002636730398
NKG,2022-06-30,0.011029048164007023,0.038938310789766624,0.013648961568762571,0.4391257566577929,1.1106645726394822,0.4493099925498001,0.37843573457632357,0.47925207472746995
NLG,2022-06-30,0.7229198734212042,0.2276128694097218,0.008266161928161674,0.15663981379139985,0.09890083891195307,0.0511284872633505,0.5141193112606832,0.3679352679779316
NT2,2022-06-30,0.2920030293804557,0.14467061552788446,0.07490682422983065,-0.0,2.4175616407502885,0.34483422265922276,0.569499102076471,0.05956038428766073
NTP,2022-06-30,0.45714781111732156,0.13102661363972723,0.02489667209740061,0.22399604391048142,1.8111016823651964,0.3201928170130484,0.5358216800599862,0.6264900954993927
PAN,2022-06-30,-0.026510366666055486,0.10444956509472525,0.038844647177486966,0.7934209787739251,1.0917718679983721,0.2324654652433624,0.5257420127979018,0.6920532122075062
PDN,2022-06-30,0.2542216526262201,0.33147281773942244,0.0,9510709483.0,-2.667397041941114,0.24111069928610762,0.6026924624538762,0.4246658122877507
PDR,2022-06-30,0.31094080722835127,0.7568562290229488,0.016983213604795305,6.747100876873257,0.08927443394507376,0.036324340126020725,0.3740431335239519,0.32889389699471844
PET,2022-06-30,-0.3293501229543182,0.01480314304029881,0.005253855895045623,1.3544211319655675,1.759250475764499,0.42028979375832926,0.24288991990633008,0.6290892953833906
PGS,2022-06-30,0.034670792700359436,0.025157544541394437,0.011453386364794213,1.005896321200184,-6.20071758286601,0.6756819066639761,0.3571226928956258,0.1860746646673431
PHR,2022-06-30,-0.9128927770134395,0.2503104250842551,0.16665549619799153,0.19390300740186214,-7.9353404699678,0.04570513450789986,0.567938163333421,0.16484568429090826
PNJ,2022-06-30,-0.22776170288291847,0.060625511872816035,0.002701497722158252,0.7360863585150426,1.325890779998924,0.7333864855019209,0.728679255632052,0.2934510212828711
PPC,2022-06-30,0.12382035352871994,0.0677158785921283,0.012674357867356215,4.815312362590221,0.8197387211032898,0.23370325788735158,0.8965728342037672,0.0
PTB,2022-06-30,0.11159864759368202,0.1134502145218604,0.038160099558438784,0.793092433739278,0.9568078414581493,0.3541590581371971,0.4824640316105142,0.6930180947748128
PVD,2022-06-30,0.27403061543642704,-0.016311983126734864,0.14630536915088996,0.1501308215248742,1.3692822940836582,0.07421955237827733,0.6700714829982107,0.5693503028961779
PVS,2022-06-30,0.010749107337929619,0.018474422816640877,0.030550053612421416,0.5359724450971054,-1.6537699441129659,0.15804875094469803,0.5032911140158034,0.09698454858746267
PVT,2022-06-30,0.10276888571455456,0.15801149752532245,0.15158860296821874,3.1416646605150125,-102.78772604536208,0.16809719856312075,0.5341358457999421,0.6057388692935253
QCG,2022-06-30,1.3237450751562567,0.06722153454253617,0.037097915266258406,0.007526420386476624,0.20548874695206668,0.05256259177759121,0.43738374484737785,0.08127961900384456
REE,2022-06-30,-0.004598656392059987,0.5091841233950803,0.2963087014000263,0.7609896920645157,1.1054186168071936,0.06388497893372544,0.5405977057119614,0.7801273412071591
SAM,2022-06-30,0.2728372536736721,0.09344158594261939,0.0,30141026746.0,0.35780158265617734,0.077487096796069,0.5126206335535136,0.41442448060206316
SAS,2022-06-30,0.9034605157049997,0.2505361981282081,0.041564140963227504,2.5920645811943723,2.3613328470758255,0.19090073413566558,0.8580941310920288,0.004144942364721866
SBT,2022-06-30,0.45335271468659666,0.08500074763744844,0.03218216875687511,-0.0383315205643798,0.8484158139999077,0.2095848286479018,0.34867474655506686,0.6190567796825703
SCR,2022-06-30,-0.4338013924181619,0.4778276768433351,0.07404017455730007,0.02991647627497477,0.08296168958887502,0.031046455215310905,0.5203681682103728,0.3800710903350854
SHP,2022-06-30,0.256355373748482,0.49479953156668044,0.43096028521826707,0.036490611598971406,-1.6043878650280559,0.09763277570257817,0.6880773934244687,0.5559812637407188
SJS,2022-06-30,-1.0603513664592765,0.17499293626521234,0.0,1837772455.0,0.0431279521497871,0.010274846109961783,0.36738000849222574,0.3662852167976223
STG,2022-06-30,-0.05887995806714911,0.12782035651219043,0.04995043587065685,3.520452022088771,3.331491037317252,0.24980489752366022,0.7165490931349725,0.30957860995828657
SWC,2022-06-30,-0.050639846984399245,0.307975145604358,0.10386007519359156,1.9660392217404667,20.952205105241568,0.1331172369915193,0.8064993793935888,0.3654126754610059
TBD,2022-06-30,0.34284561368521954,0.06261836808208016,0.0,8952445821.0,0.4068205649130734,0.2359202037719366,0.34994728988562057,0.5847504832884134
TCM,2022-06-30,-0.07705025639317108,0.07046712413066802,0.03166290261323573,0.9709984462730271,0.9056190301506729,0.2806706419176007,0.4827296892955994,0.6099959023286959
TLG,2022-06-30,0.3168707516130342,0.2133871861403146,0.02474196454307807,1.5532459763844462,1.302739858241199,0.40448409769730437,0.7230954236200462,0.3083543469942453
TMP,2022-06-30,-0.012187261895897342,0.7111877898018921,0.3185964089064305,-0.07822280574061255,1.7809689652426248,0.11542837297512962,0.6738994175639239,0.6413452510466924
TMS,2022-06-30,-0.8729612651063113,0.2919608165435197,-0.006644050122984454,9.154522497747083,-35.79476160210024,0.12852866893322654,0.6893281552802913,0.5604576832656684
TRA,2022-06-30,-0.06316694094765866,0.17614376196015583,0.03770314076824758,1.2504368548081937,2.2051153637264616,0.3393208506088461,0.7861399764073247,0.0
TVN,2022-06-30,-0.23696089990815128,0.005719881480911505,0.01239332068765018,-0.5507341027665579,1.6304949371436328,0.33912407666362365,0.3771771143383766,0.5898651653443585
VC3,2022-06-30,0.6864606961507049,0.44547274643109513,0.03365666922353453,7.492732508491644,0.020388005635466416,0.005911827847984986,0.21594902933848134,0.4010839048314096
VCF,2022-06-30,0.20848758127153527,0.2542732947978852,0.04189303696123339,-0.01704191922315531,0.5640435536766578,0.2853469732692117,0.7717748080276557,0.26563826284311126
VCG,2022-06-30,0.13061209631086584,0.06106533761405088,0.03082196377229226,-17.471666745342958,0.2573577415643677,0.0755626229632149,0.3109753648607002,0.6333240721722582
VCS,2022-06-30,0.0705960737585323,0.25815020602926253,0.02469265781375758,0.19064084047661622,0.40480317567504087,0.2550404238806099,0.7177346199055364,0.7489705955345017
VEF,2022-06-30,0.10054112091304465,0.7086808248599978,0.0006431141992934484,-21052.84069816988,2.8613520865426034,0.014265270709156536,0.2740381504425112,0.24558273918074927
VGC,2022-06-30,0.1101241407973582,0.20951131095111855,0.27727860309720576,0.5452868941341399,-4.179579662068019,0.19163989139937665,0.40543390714215977,0.25028392370242547
VHC,2022-06-30,0.2623031798556446,0.20679422476157228,0.023190370287134596,2.9964569556137746,0.8875004532665264,0.3765629336136147,0.6417571309545478,0.6528556029141477
VIC,2022-06-30,-0.011883920315064212,0.18207746539470632,0.23351846458916664,3.2594882372084264,-3.201967773706024,0.054486423107611356,0.24962993983144985,0.3952335569413732
VNM,2022-06-30,0.07274446643048998,0.17051965517398707,0.040888879645466995,0.6455949383692772,2.3775302004039967,0.2845786736393771,0.6838601601283808,0.5743088906407957
VSC,2022-06-30,0.08179959037013823,0.2684155539885826,0.09848532536494559,1.8931587825504024,8.629250944585648,0.1468947207497183,0.8967954212397728,0.005758529737541857
VSH,2022-06-30,-0.19690056645932358,0.5808360891072402,0.5361424181509934,-0.16854962275628024,-27.11906772438086,0.06742211607781265,0.4488218075410613,0.8635180736726696
AAA,2022-09-30,-0.3328832500597763,0.04367395128436916,0.02422519796392607,0.07694763731268416,1.092309181539154,0.2948751933168876,0.5670372748134539,0.6977510404148944
ANV,2022-09-30,-0.04279991031046766,0.12989886413084015,0.0,46541460916.0,0.5792695883997964,0.22075136936755504,0.5095702568434054,0.7721971389976505
ASM,2022-09-30,-0.18559146309027957,0.1100388322296929,0.02959804959322392,10.817213086980995,0.6366760306390512,0.177181767406371,0.4306518930175081,0.832159721937533
BMP,2022-09-30,-0.037831401386323134,0.145532384360256,0.03353272402725669,2.37018806523388,2.4946468269440394,0.49276188215700384,0.8577408647456515,0.1265225420774643
CEO,2022-09-30,-0.2524471251075865,0.2719987069179452,0.09968150272739618,1.5000500652796613,0.5790164189654667,0.044646046065648586,0.45240832104192297,0.38700755414536375
CHP,2022-09-30,-0.20572118491827154,0.5287582842715502,0.0,363706119.0,1.490996488463468,0.07343565383494341,0.6233302984505046,0.9237356357805272
CII,2022-09-30,0.6766993587174661,0.15548121323988776,0.10230185830128415,0.19808684729099107,1.145904230415253,0.0806713973462786,0.28547882697926075,0.7323243380173808
CMG,2022-09-30,0.06730993766410867,0.07322682830594789,0.04995000563397481,1.0244945261992928,-211.2126744424618,0.2843977206624097,0.45327752325413445,0.4028715816662346
CSV,2022-09-30,0.022180667173804423,0.25176437702015314,0.04002471882969694,0.5477480719744399,1.2845521769205017,0.3302760496654017,0.8100396497835424,0.17465785701245584
CTD,2022-09-30,-0.06473177515042619,0.006655289085586276,0.008276261391560721,1.2271695679995371,0.5475904863987252,0.18235394935043336,0.461521590358451,0.15308279772507374
DBC,2022-09-30,0.1834514937734573,0.08124437358223936,0.03635960129284672,2.774758960259414,1.2418785316534122,0.3158862776133475,0.4300146972737704,0.6456193418733803
DCL,2022-09-30,0.1496738122618535,0.18111696688647186,0.04577539467194158,12.278764446465987,0.4828398418165969,0.1209329984834133,0.6752995978777427,0.8591706616118645
DCM,2022-09-30,-0.202115813742698,0.23197608702289588,0.13570144712443216,0.09209612100202008,78.33678697900463,0.25277869380819706,0.7249558783841732,0.010131336231226
DDV,2022-09-30,-0.1402856383270456,0.07997610659669567,0.055602557543060135,0.4370290830134909,1.250155534854345,0.3258450968546238,0.7822275410997301,0.05325661706874509
DGC,2022-09-30,-0.06741976849270985,0.4164868333338265,0.03299704716771322,0.4532081888606239,1.9487632556798264,0.301485544752735,0.8606687195024747,0.493499066035125
DGW,2022-09-30,0.2115421771659863,0.04073334527146863,0.00035610133886914097,1.6439504852559705,1.9672927186669857,0.9234427932768169,0.3389981658086897,0.543002249423654
DHC,2022-09-30,-0.023952081954120293,0.08069207836222303,0.0,5980778663.0,1.170274388404165,0.335087736375695,0.621255893553237,0.4139128354426832
DHG,2022-09-30,0.032422679713068246,0.2461162518781425,0.022344931904818604,2.8584451104757815,1.0833935036736437,0.2516140289422268,0.8530828006931639,0.05433093624908186
DHT,2022-09-30,0.18710725136011624,0.06520869037399926,0.00941609270222619,17.1416049467588,0.9665654713358035,0.4016439721382195,0.6349742655096153,0.5457216684494448
DIG,2022-09-30,-0.31991414728849854,0.1253498893946755,0.0,-124135078.0,0.06052965984160553,0.028012092153451573,0.475064308195698,0.6380987044717098
DNP,2022-09-30,-0.2855102984369826,0.10994764518544378,0.08777923093563825,2.663462016843745,0.478634202268053,0.11173626326048212,0.2530545591695439,0.7155445921611641
DPM,2022-09-30,-0.24384259084782633,0.30827484440447367,0.04730746268162404,0.037375040514657225,4.728475605478151,0.23776967288715803,0.7752710113301887,0.21206193155346395
DPR,2022-09-30,0.1443776913911899,0.31383977610352104,0.13849778670574883,0.5454711098136565,3.3356412078085933,0.08724723244294891,0.7219672205945042,0.007521954562284807
DVP,2022-09-30,-0.08630951864763414,0.6801734219500607,0.0,-40.0,-16.474085067774514,0.10625181328039737,0.9254998683519247,0.0
DXG,2022-09-30,-0.16225043725652466,0.2896809076525435,0.020956099355881167,1.0308992413097455,0.08902237061695732,0.047678490801835276,0.46569281099900744,0.3577072100174675
ELC,2022-09-30,0.20752800698396437,0.06130840791651562,0.006899645506203884,1.2898811094056502,0.5415059879390879,0.20872290015606812,0.7561290368631827,0.018989599922515376
FPT,2022-09-30,0.09863347879047739,0.18685663026853624,0.0476552755572028,1.642116906638222,-8.989168703443832,0.21304689184595035,0.4363691844485322,0.5899549047459728
GAS,2022-09-30,-0.12346847974305919,0.15805994577441798,0.03711678650688783,0.39418041008894816,4.232312648561643,0.29091266849181824,0.6807134426861761,0.3301236265997383
GEX,2022-09-30,-0.24148975994069255,0.08275009351873802,0.07839745031164032,0.3388223774576165,1.8642642609936861,0.13452747514448793,0.38818037884186307,0.5347037268879955
GMD,2022-09-30,0.011567513309775781,0.3690236481539005,0.14926969013730884,3.449902270628899,-17.07827086349572,0.08521132712904271,0.6909511937676023,0.5262601246876102
HAG,2022-09-30,0.14752999055308705,0.33103490951500614,0.09388599253000325,2.7058823565117485,0.46353816639851364,0.08076107028512773,0.25516038719425405,0.5987005242562786
HDC,2022-09-30,-0.10965632602294678,0.33906201788885526,0.017774485764814666,0.21994629194309057,0.19381212715977936,0.07464741575601755,0.3661373735395648,0.5834373152906447
HDG,2022-09-30,-0.1430667815341693,0.5418334669207601,0.2874985476306721,-0.665620825733096,1.4498385585211495,0.056408664417761246,0.4073641416897392,0.7012158537367834
HGM,2022-09-30,-0.4959255053546865,0.3794867356499297,0.07956830511634504,1.8012685157951351,3.3071498627380476,0.13585008115167702,0.8240430994355226,0.0
HHS,2022-09-30,1.6426177552072023,0.0944079117142812,0.006711999624115871,-0.0,1.1972086196504754,0.10279287683972653,0.9018441391698773,0.7186752324989989
HHV,2022-09-30,0.15083315893529425,0.4519040046268639,0.23768385011260315,0.5712501566967646,-0.24349335174126444,0.016139311987603686,0.22600102377917053,0.7686915784497776
HNG,2022-09-30,0.2814387756139691,-1.7713454133790425,0.13954297889271736,1.7520830958389144,0.18719288910298293,0.017091886940858454,0.19144349011867726,0.7360710286145713
HPG,2022-09-30,-0.08569166662760265,-0.013165505419258114,0.04872265645283592,2.539209332923354,0.9186974070975744,0.19143651300613854,0.5335840897858071,0.7640392454541063
HSG,2022-09-30,-0.418790400474812,-0.11200146870334146,0.032167861657019334,0.46896869032783944,1.0658607975829204,0.4731284530144087,0.6392544560409302,0.6817205044840347
HT1,2022-09-30,-0.05325388504637299,0.027109866766937586,0.06533695027502284,0.43789004085931327,-2.4620397706607995,0.24108287603266224,0.5387771956088252,0.39279298442001453
HUT,2022-09-30,0.3666633781912485,0.27758094778131936,0.2745226992648038,1.1987171672015173,0.5565134511255823,0.030195166946188064,0.3388826258907953,0.6346689990131468
IJC,2022-09-30,-0.311818480498428,0.315807901434702,0.03913178074246134,0.25328167734995,0.19002969364830616,0.08178316173318875,0.5904042915445056,0.3679828338004868
IMP,2022-09-30,0.13753322626383813,0.17381683144537755,0.04377334823044557,2.2030405955733605,0.9064118372893918,0.19158292773131408,0.8341165114464325,0.36083813437690015
KBC,2022-09-30,,7.269915689541848,-0.006663039309483407,3.1452891454098664,0.016005442551229303,0.008595410565210734,0.5585729586856962,0.4726599143276955
KDC,2022-09-30,-0.0579522739614274,0.03545583689796493,0.021417110751283483,1.0659371096750792,1.0070346910996413,0.24336288755794983,0.5182683012408056,0.6164075274925942
KDH,2022-09-30,0.2714152072242855,0.508161820313811,0.5835749170170275,0.03460254267483481,0.05995073994418944,0.04426573685840826,0.5441684202093426,0.7363042690411283
LGC,2022-09-30,0.023388314307693572,0.5163446217999652,0.6474791104217907,-0.3163783260524242,-0.8797146122135886,0.02933633303217679,0.3803050767060975,0.8291282859667477
MSN,2022-09-30,0.07345159654275271,0.10232649087873001,0.059842025284692235,0.990480059228436,3.54459115683576,0.15485829115475638,0.27720321512431,0.6563774374674922
MSR,2022-09-30,-0.14913358589760156,0.05669736031441601,0.09121220961935565,0.9223304255702117,0.5399573993569291,0.0925672570978425,0.3770200571197542,0.5953485114452367
MWG,2022-09-30,-0.06796449614430972,0.05721458925557026,0.028372488505906082,1.020146590111316,1.6980725344186751,0.5283396469524752,0.38042904646871156,0.6011523497921007
NKG,2022-09-30,-0.48482313680993283,-0.09238129814706046,0.0191665180355539,0.3367092513876578,0.6489929928274918,0.2836300702210219,0.36153234322454614,0.568920316584558
NLG,2022-09-30,-0.324450848741529,0.12822853600261333,0.009950147009669646,0.2845873109584204,0.07242143246524113,0.03597151800246313,0.5062155805468083,0.3646037180719585
NT2,2022-09-30,-0.2142553259700661,0.09941490428107402,0.08808106647909374,0.00026711090241951025,1.8652743500646356,0.29577937268286236,0.6068178629938563,0.21847669036106157
NTP,2022-09-30,-0.25866356149553826,0.08980098761955688,0.03275345221455999,0.23272819297781436,0.6680486934066165,0.23400118953305904,0.516589136494186,0.7901181393661469
PAN,2022-09-30,0.1385456289797886,0.06067756960291701,0.035421339760915896,3.0138541011137696,1.0880721025244848,0.256291641801065,0.5111987472749686,0.6699434670575435
PDN,2022-09-30,-0.08619087422101528,0.29832689023055614,0.0,22609918961.0,-2.4440297640397337,0.21851544735841805,0.6484463048740795,0.38654479210165354
PDR,2022-09-30,0.3887938244416645,0.8355633346530407,0.01786355661938727,1.3653740317366208,0.10583310525726834,0.048851483573593486,0.4032129019613688,0.34198578857163214
PET,2022-09-30,0.2719727620592941,0.027707427051925127,0.0037599576594089653,-1.0222039598112589,2.011447647298347,0.48482097878859415,0.21688543942039346,0.6115726402982071
PGS,2022-09-30,-0.1992301555685963,0.017821973598528978,0.01341464057567938,1.7446614008164396,-10.140493653097327,0.6096068397721444,0.4009766375863399,0.15627142767400248
PHR,2022-09-30,0.7033890097159703,0.3057337977968309,0.0799639328416711,1.9585245642800115,9.393874200219775,0.09290520809366666,0.5994205800793964,0.14394111575468405
PNJ,2022-09-30,-0.09178132083949074,0.04704463021354604,0.0027353727993477944,0.6348901483510258,1.0250833882811348,0.5915642346166924,0.6674218601780904,0.42115747459288727
PPC,2022-09-30,0.04758666583127341,0.10969715903787008,0.012863635006222464,-0.0,1.0911441366419228,0.22356967577208156,0.8196120045601114,0.0
PTB,2022-09-30,-0.20424809834840219,0.11449503004830237,0.05108112676660253,0.2782481899534284,0.7551690324435805,0.2959109651073742,0.5162210259712915,0.6797307456483158
PVD,2022-09-30,-0.19645825373362005,0.001075174566499479,0.1749799555065763,0.15756454837136308,1.0566359223454251,0.060660857648251514,0.6790489389559503,0.581682926903916
PVS,2022-09-30,-0.08104501270030331,0.08511518407202971,0.03394164006627526,2.0933913977600547,-1.7624138969499834,0.14497170981258078,0.5121319758059015,0.11057815693389722
PVT,2022-09-30,0.12085348462885918,0.2118841667795705,0.15267251295580075,0.5546765223252805,10.22122018300221,0.182367560770972,0.5357697857447166,0.6039683626521151
QCG,2022-09-30,0.03360537822559414,0.05970743401591655,0.03541614173441412,-0.0,0.2062871110104826,0.05501873130305854,0.4441376292016266,0.08388163819270242
REE,2022-09-30,0.10364101125872656,0.49777030954171786,0.2777042278814359,0.618174240967925,1.05270352777996,0.06969662996714726,0.5516848933218765,0.7776715375596571
SAM,2022-09-30,-0.12429279739425132,0.06144902247446315,0.0,-17001062329.0,0.4290374610011545,0.06228595621046767,0.4675283689712809,0.33208562791040375
SAS,2022-09-30,0.22839244755571145,0.09329678770051586,0.08194409676405218,1.993011600788182,4.863041274838987,0.2306909067572161,0.8005035406593456,0.0009361227780304203
SBT,2022-09-30,-0.03847820179967262,0.09198628142899747,0.025791290254233278,0.3334464128690932,0.8749123259839284,0.20059224467256614,0.3563484584086538,0.6207980513099846
SCR,2022-09-30,-0.6076930363815527,0.48873330110629426,0.13966911987480138,0.12014417267866766,0.04416632973886434,0.01701193604620588,0.5258090666897515,0.39741494253982523
SHP,2022-09-30,0.3054890875239758,0.6179734169709034,0.41983418488472896,0.013771937555124387,2.3568136124172407,0.13241336646853252,0.761983625846558,0.6367627630731106
SJS,2022-09-30,0.6393457393666925,0.12205195457768486,0.0,-1837772455.0,0.08532240207986522,0.019348058789092015,0.36521359096053696,0.3626873671508807
STG,2022-09-30,-0.07864229963561371,0.13911548733317572,0.054903329766997355,1.55251683211696,3.5661348509121846,0.23292941866973715,0.7486541072369053,0.3228676333415412
SWC,2022-09-30,0.1799321943572806,0.27078766893775436,0.0815827319177487,4.644937316727727,353.57993154570414,0.15858601423554555,0.8382891970628936,0.4273287001370299
TBD,2022-09-30,0.035322435843926615,0.030323854894905935,0.0,143772273.0,0.44092559611188936,0.24407992496611952,0.3518578850931696,0.5761366694132103
TCM,2022-09-30,0.16535946920904845,0.09871393511214692,0.0282974583076572,0.45069356665322624,1.1239013469580623,0.3552739727850339,0.5441314474594611,0.6665760528814283
TLG,2022-09-30,-0.18925441396345444,0.14764464085312143,0.025640696429020424,2.250697057969367,1.0818241754029994,0.3319689088540035,0.754013499585768,0.28340602993603636
TMP,2022-09-30,0.36144519188616153,0.6554144614691216,0.1889191181597913,0.12240310220654696,1.4337990436323087,0.15784139505915626,0.7217864989904889,0.6955565343873685
TMS,2022-09-30,-0.15852863814487683,0.22371885338116557,0.04341871995909889,6.042675753512118,24.425904315925177,0.10802641038417918,0.6998022384501505,0.5200950641262274
TRA,2022-09-30,0.028407362797380698,0.16084884837687072,0.04249668982873994,1.138421471185,2.1650087759300747,0.33132103793269835,0.7834177007763168,0.0
TVN,2022-09-30,-0.08906323674531674,-0.054991252376790346,0.01314075235995513,0.10857576911159872,2.155555012439323,0.3469282326567096,0.3972857675527156,0.5304216551315927
VC3,2022-09-30,0.9229052683104387,0.03282515262530378,0.0350136734970816,5.467570728506345,0.045189949598413263,0.01517468198626261,0.22055526914141724,0.3710427388196348
VCF,2022-09-30,0.03435797873294184,0.1711907307215264,0.0,-0.0,0.48033197053970167,0.28552081730453055,0.7988955675990433,0.1997134324457498
VCG,2022-09-30,0.33091887359197375,0.1366603147997864,0.022947033497909844,25.716499654366512,0.3411047497010023,0.10619534660369534,0.32196410521581703,0.6106280247299202
VCS,2022-09-30,-0.4557130369646013,0.22111699547987257,0.03719868187187168,0.1382792667402554,0.24259128428947235,0.1577658434924947,0.7287850638697175,0.8059385151378051
VEF,2022-09-30,0.0627170682892787,0.7470932048498898,0.0006957590865054353,4729.140313803628,-0.23139625291155275,0.015682276325154388,0.2916367761307851,0.19995808103703755
VGC,2022-09-30,-0.2802080169347136,0.11497834160850333,0.10691005951473449,1.4861044425708902,-3.06918309495117,0.14078888072926674,0.384090875102772,0.2537272018407761
VHC,2022-09-30,-0.23355256186467255,0.1659762086167558,0.028885224852873786,3.883614177517219,0.7477498138458112,0.2888464438479519,0.6603886277669291,0.6605847439236423
VIC,2022-09-30,0.30862721660222514,0.21123751417539857,0.20437636874601098,3.786930749789905,2.274172214061741,0.0706325560535855,0.2469988692732688,0.41239362467401475
VNM,2022-09-30,0.0715810305532042,0.17678879682110707,0.038372771736724876,0.4663243811725009,3.74564401007578,0.32147193106680544,0.661024398868652,0.5460645402881505
VSC,2022-09-30,0.00426307416395791,0.22965819273344507,0.26606597680020805,0.107071197396138,1.7171297248910338,0.14572366327589975,0.9139612771829237,0.0
VSH,2022-09-30,-0.011053139820382502,0.5226781193141649,0.4673893363799214,-0.012549498216255566,2.853684884654164,0.0678963086893635,0.47980522883370397,0.8651678298029736
AAA,2022-12-31,0.047151721304238885,-0.029367244713795374,0.02193664075712739,0.18876063926366407,1.567206740083393,0.32335240348311406,0.5720640379091637,0.6784535916060345
ANV,2022-12-31,-0.051627477397513916,0.13346280413240127,0.0,-5254203180.0,0.539010862605129,0.21842114923048092,0.5271371304810053,0.7434067937808011
ASM,2022-12-31,-0.051028017617364516,0.06779567063067671,0.03979986968202069,1.3808187868529203,0.5415796069550045,0.169378697550525,0.4102622264103971,0.8709535150187121
BMP,2022-12-31,-0.056505894766475544,0.21846629796639278,0.03938377413721227,0.41802151339382054,2.6231030103660222,0.4694915602160608,0.8629872946669335,0.13243967747735175
CEO,2022-12-31,1.4693206545901674,0.20390195471020908,0.020832870109590545,1.9903527328002726,1.277279632799801,0.21564194690593907,0.5267547356412912,0.34874109337298004
CHP,2022-12-31,0.5049036557792059,0.5355280080119311,0.0,755767743.0,4.328124906676074,0.11860413230869102,0.6070714355506381,0.7910373792834732
CII,2022-12-31,-0.12550174012692614,0.17185066566314272,0.09339433964148304,1.3619856039946963,1.0740833959297105,0.07289849099901041,0.291337992806907,0.7195928040293199
CMG,2022-12-31,0.2314841692784221,0.06826467615718086,0.038019837041148315,2.562994544060788,-12.036826712685537,0.33627810846946354,0.44428086138307754,0.36751237203907633
CSV,2022-12-31,-0.16216259299266936,0.1286521997443035,0.03670635511365244,0.3571876414408808,0.8835685761305501,0.28667246854904177,0.8298454337741665,0.4317590293872294
CTD,2022-12-31,0.670075693448574,0.008119818604205058,0.00436158440299607,2.004271569406541,1.2785921494178618,0.333686823909677,0.4331162156098789,0.10019589408386415
DBC,2022-12-31,-0.19475031397139722,-8.084288944063378e-05,0.04109559107734554,3.384105162389285,1.135855685389474,0.23482730926834816,0.3820827288557181,0.5931118388216841
DCL,2022-12-31,0.32730369382954255,0.17882576482455936,0.031088910304127564,10.128523053097618,0.7524331020713679,0.17038441906241275,0.6610184938437463,0.719653161034657
DCM,2022-12-31,0.28971069418225737,0.23250450674510395,0.10199231415657833,0.13564416686844527,-19.064218883086824,0.3197082246499286,0.7483113822206856,0.001009957405190246
DDV,2022-12-31,0.0835436653484678,0.011777480488393067,0.047898025931057686,-0.30495282424089665,1.1461627355585837,0.38702288619931025,0.8186697401921885,0.3604040528371773
DGC,2022-12-31,-0.14997156348295387,0.3629097868802833,0.03457960981697171,0.9974801424530864,-26.687983576555766,0.24851442702132243,0.8136760317121562,0.18848164095705106
DGW,2022-12-31,-0.3871535110628516,0.05769443304111414,0.0017608151022196915,1.1228665913549254,1.3874135911176146,0.6521148896319185,0.3813015719909062,0.49743710574340283
DHC,2022-12-31,-0.011776777232659165,0.105963044659597,0.0,100088337204.0,1.1427792223785256,0.3337753917659226,0.6076504544274592,0.45834775646741865
DHG,2022-12-31,0.13570353131089535,0.1922881557068461,0.01831720065181477,2.975650907359733,1.2101200527044131,0.26527581560520125,0.8303757809619643,0.1308657520109401
DHT,2022-12-31,0.0833095858965591,0.0902475227782418,0.00877733072375747,30.07466175663027,1.0107394734597048,0.3688678348185745,0.5436130823330566,0.5022555480135685
DIG,2022-12-31,-0.059868196536943905,0.11901377574047886,0.0,-376303846.0,0.055424808243885036,0.02832649698970731,0.5255078320267247,0.549640021791866
DNP,2022-12-31,0.5856314910739552,0.09638226183216655,0.07011443583921585,1.2803060121678345,0.9040800373398478,0.18646738719715447,0.2792575362197813,0.6572832050056558
DPM,2022-12-31,0.019392996623844257,0.318687735024701,0.04543948612543082,0.398637885036194,2.205012796475652,0.22897090169257414,0.7910234018630196,0.19066760850904776
DPR,2022-12-31,0.13138895058847258,0.2079856865305779,0.09459184256159853,0.8527932074291138,7.179271277245361,0.10232675262488213,0.7191895217793758,0.0043029810297439625
DVP,2022-12-31,0.08578075204045403,0.395847174072158,0.0,557330000.0,14.31486033266138,0.11450003404630821,0.9245835413528242,0.0
DXG,2022-12-31,-0.3677354294855518,-0.2525108145286566,0.016418273265965004,1.8220608743577529,0.06476712240715253,0.03357629565519311,0.4556219719386483,0.344532693340437
ELC,2022-12-31,-0.022595640787759438,0.012647503442054708,0.006155071678438285,0.27627810778637896,0.531909485463185,0.21410896639867577,0.796070445952348,0.08675478417058458
FPT,2022-12-31,0.1492973449604265,0.15735182986526022,0.04351813296997706,2.484154497952245,-6.277364609926954,0.26397547059611937,0.49061620865174577,0.4705827689651236
GAS,2022-12-31,-0.09403074719749353,0.18898413520356727,0.04394118222141577,0.7046132175060509,2.5263515653450317,0.2725354559800213,0.7404899418427615,0.28307201867131204
GEX,2022-12-31,0.045201232819614794,0.08789442543025222,0.09634453541918621,2.9338397525805893,1.8718521142010418,0.14470460167332716,0.4019404405868636,0.5374143162613272
GMD,2022-12-31,0.07876716788610068,0.264899389811217,0.11703079042038968,5.2843168898494,-0.6978884739977665,0.0821247920332693,0.6022420314424104,0.38683674348810676
HAG,2022-12-31,0.08288550910080085,0.2966426615829898,0.03592806778178108,2.414398914756055,0.6573999710644204,0.08504344050771195,0.2626616526277658,0.562782991214395
HDC,2022-12-31,0.21894546088228417,0.5617008867021748,0.023269842727266298,-2.2551478946190193,0.3248453217669899,0.09712267374806069,0.42151056294687766,0.6607640106334892
HDG,2022-12-31,0.2630338527850807,0.43950946983968375,0.20016871471198266,-0.26560917703379483,1.3415438526803567,0.07574309383167517,0.4382995734460573,0.7090255762337049
HGM,2022-12-31,0.4552540278868166,0.16922327276051297,0.03914331361014215,-2.313986398157086,1.5331940278790404,0.242149973480195,0.8446357250554053,0.0
HHS,2022-12-31,-1.061344524077536,0.45131776265020646,0.03201846980291582,0.24761128626515314,0.4698445343712172,0.03592680189877294,0.9270717998258898,0.42200640368431364
HHV,2022-12-31,0.08775728044239431,0.4050158202950801,0.19891195431549621,1.5728853215796585,-0.3662254490246445,0.017311558056121282,0.23547663631383373,0.7578973798473094
HNG,2022-12-31,0.4555458101513208,-8.57562861810519,0.08318230738343739,1.4970708498375698,0.22663162386330904,0.024505501184368325,0.23997500399191393,0.7620059871658024
HPG,2022-12-31,-0.24295249768800253,-0.041521759502421624,0.059933372953529435,2.1975099937896845,0.9112544452351701,0.1620183499761103,0.5642565842521927,0.7800903717984323
HSG,2022-12-31,-0.01033704974779006,-0.07770576184250319,0.03432111714658836,0.1475901264351419,1.509879449060264,0.49940489502671986,0.6370978536649438,0.464972427934117
HT1,2022-12-31,0.02366200710220928,0.04298805590462908,0.06262544087982232,0.5121688604893875,-3.1986035549229492,0.24695855364162317,0.5451608000393527,0.4322219431376035
HUT,2022-12-31,0.33836384564377964,0.2482820273298137,0.2242416687972607,0.5541826005109846,-0.63504618795134,0.04222744651418871,0.33250884529484426,0.6225800007487322
IJC,2022-12-31,-0.867212057240333,0.2659285262361034,0.0898183224488696,0.5655425998221626,0.07970079083438895,0.03385789556536735,0.5861866967113954,0.37426988218594476
IMP,2022-12-31,0.29989826276304743,0.18589730872516055,0.032642664391298835,0.8378403065304781,1.297337734918157,0.24745133010823994,0.8327254988552971,0.24822110375941608
KBC,2022-12-31,,1.8312264328624837,0.09348282112425176,2.129069194605948,-0.013641356384365635,-0.00662875449248927,0.5114128818964278,0.44754560394453435
KDC,2022-12-31,-0.04417541566115177,0.031754177833666894,0.02145207649656408,1.3615116180224829,0.7689913205902399,0.2243989524251349,0.5023979747589862,0.7045120894931494
KDH,2022-12-31,0.27896088785235224,0.14323691290434962,-0.24597019229857336,-0.08584018933608467,0.08153587539413414,0.058071712249238835,0.5452184883536764,0.6882657020762241
LGC,2022-12-31,-0.05736139099477198,0.6265817348877234,0.5622064932909813,2.345129285193415,-1.6077835262114117,0.027858733657004156,0.38003483391150034,0.8061056619704222
MSN,2022-12-31,0.07324895016085012,0.111663407963112,0.059637416450843125,0.9481158786236784,3.9565012975953673,0.15140582844624964,0.25920482056339406,0.6780218179506603
MSR,2022-12-31,0.06650525181220304,0.00649684647831862,0.1030926145742047,1.310749236658895,0.6003616046530842,0.09642352739037964,0.3672223382046429,0.6121965773097305
MWG,2022-12-31,-0.04641870301771381,0.041879170705091284,0.0336543375930061,1.6246051469250526,2.176878334170011,0.5535875935281079,0.42863652210172787,0.5200169868092984
NKG,2022-12-31,-0.03421250062600505,-0.07283858865408097,0.019897148286212887,-0.28794143094462976,0.6987597482472184,0.32149521650376706,0.39770630723868355,0.6279944438444153
NLG,2022-12-31,0.759432777301396,0.3732825994240103,0.011480522736407565,5.640592895881564,0.16797649634049447,0.07243817783559958,0.4915418989566764,0.3760376809627954
NT2,2022-12-31,-0.11047834355514455,0.09421275119673946,0.09765760219987209,0.0016228224423633574,1.9000542236538123,0.26111197011767245,0.6197416857410639,0.222719991548589
NTP,2022-12-31,0.1669858733319908,0.0513158534728308,0.02581642060700535,1.8778238392825415,0.8150736199668116,0.3124714318001001,0.5590261484456724,0.7609918700162072
PAN,2022-12-31,0.09325207200306473,0.08401836184583462,0.13290954317498332,1.2227042783207196,1.5434006281971846,0.2499753596980973,0.4889388123147349,0.6246601820208714
PDN,2022-12-31,-0.030631238083246914,0.2214537562659844,0.0,14725084525.0,-2.998951884480083,0.2174637003216685,0.6686304773964491,0.46095470503829195
PDR,2022-12-31,-3.6196401085493113,-4.623425761288082,0.01723075078095872,10.398798423411892,0.0035195580690103472,0.0014779800752793694,0.4057529623778822,0.32704495595771604
PET,2022-12-31,0.06645293160715128,0.014319311342804841,0.0030421399025545954,0.01460562747179933,2.3849791792282424,0.5421917115507819,0.223583595540242,0.5958523901414258
PGS,2022-12-31,0.0023538065003618565,0.008816135629514136,0.013666122355124703,1.7455730848715365,-19.570094777736937,0.6516528557776701,0.4262560291403848,0.21005776110405336
PHR,2022-12-31,0.6723239076960779,0.49837304816524813,0.07821948338352507,0.47405543075191364,-2.064226574393223,0.17248927727333108,0.543903009606027,0.09167817165662309
PNJ,2022-12-31,0.12343845079349261,0.07485894850154548,0.0024083191646022944,0.9196109184682051,0.9438056888708158,0.6261814235580536,0.6446762882476675,0.5668441477826036
PPC,2022-12-31,0.16744000875781662,0.04974197475690947,0.010333956075461078,0.08240400337845785,0.8102857671191953,0.28502345884931346,0.8931948906034034,0.0
PTB,2022-12-31,0.09711909763124721,0.06536505908328542,0.041929367131279045,0.49931757360714046,0.9070421035491408,0.33279311530441885,0.5273107920043034,0.6570408091517638
PVD,2022-12-31,0.1667438120583004,0.0646986335319703,0.12619638507452682,-0.03131486443882257,1.2642567667447668,0.07241564725757409,0.6809574231979373,0.5812426150469201
PVS,2022-12-31,0.4197550128415135,0.11163728733885378,0.021853933785951053,1.5382512719169803,-2.503268280390717,0.21545531249870836,0.4980671044569654,0.1063504961441989
PVT,2022-12-31,0.04409692856245175,0.16116704822980635,0.13586784979299016,0.038055474076078115,-7.033179578401426,0.19063168106231398,0.5628177682310535,0.5915640269579355
QCG,2022-12-31,-1.6909474666041642,0.11757626913933122,0.2092254142437078,0.021408088633607714,0.03868478093578169,0.009985906340415171,0.436313206509435,0.07431555795869008
REE,2022-12-31,0.3149344084846105,0.4089690320077022,0.15974999488322178,0.5127465856132344,1.034660515683674,0.09301006376666447,0.5662357951030885,0.7746990131891907
SAM,2022-12-31,0.009013859943096766,-0.004181930975689061,0.0,1257218765.0,0.43548322245820836,0.08611776625503406,0.6361881425897175,0.5299083024139435
SAS,2022-12-31,0.3637649491329858,0.17345627650697296,0.022294509847376312,1.2862465690226133,16.5311012684185,0.29619760644408244,0.7463965216241224,0.0
SBT,2022-12-31,0.2583850030611094,0.06623274535129374,0.021247096392387272,0.6794824237090461,1.053046029679768,0.24797436438863574,0.3454520133858708,0.6038074326858647
SCR,2022-12-31,0.7546962645435796,0.11809217654471071,0.04581066484246433,22.061856359917257,0.10140137575051585,0.036663322630755384,0.5229472701190613,0.41298836059657373
SHP,2022-12-31,-0.25960660718192985,0.4187700861054078,0.3576097286979419,0.005541954764880353,4.296190300153327,0.10628707743429257,0.8165190106326193,0.7363452222793633
SJS,2022-12-31,0.2635976361982506,0.7651840168889826,0.0,2311759607.0,0.10000573713332436,0.025029888886465106,0.3770997807791135,0.3781716039133646
STG,2022-12-31,-0.1078345454434874,0.10759394970188167,0.0532242358325787,2.3126960346629875,3.755561880708755,0.20700883289785524,0.7583406537165577,0.28017640748127565
SWC,2022-12-31,0.04783481598080381,0.19346493003123602,0.0707799161247529,2.3136756073704414,420.82857287027826,0.16293543053170384,0.847937355654629,0.3933993422620136
TBD,2022-12-31,0.49143243640891476,0.05264385647657425,0.0,11569306269.0,0.6972922377855715,0.44505204546524574,0.40515489689391315,0.6882157533181543
TCM,2022-12-31,-0.2399264562988729,0.0866402587718153,0.03583509527137855,1.2808515322360137,0.9411002355983692,0.2834993815674071,0.5691169175428507,0.6403124657497095
TLG,2022-12-31,-0.17426734828953044,-0.0021692500264788354,0.026364771463097656,3.4643767122577116,1.0674243104332504,0.26780308502994477,0.682414484090337,0.2705314434345106
TMP,2022-12-31,-0.21176753839879822,0.6543581390064499,0.2311962536826594,0.5534379944336613,1.698318853883168,0.12358121410471211,0.7369652600388933,0.6874824573178419
TMS,2022-12-31,0.19662225639744693,0.23257935332944665,0.09647438618480991,0.15814847287749692,3.988870238930907,0.13315765434916932,0.7423630790812221,0.6154798857314081
TRA,2022-12-31,-0.03692408197402722,0.09243490911389665,0.04271234499555071,0.3709218845726224,1.7957532845757616,0.3242618404591541,0.7600790879304338,0.09205658974322213
TVN,2022-12-31,-0.0777514869431728,-0.03725871768142609,0.01259654107977319,0.24942639903167965,2.410716471080052,0.3555159078000678,0.42350585234129146,0.5868640345496111
VC3,2022-12-31,2.153766764304489,0.24317933920315318,0.002027766708104368,-0.0,0.5662232646539909,0.12812688350021403,0.3318693560427888,0.100463694650194
VCF,2022-12-31,0.26202034010065456,0.18880590145639467,0.023266174386812243,0.13893193741158505,0.5303838448097338,0.3430133282938366,0.7894750906854663,0.567343869908844
VCG,2022-12-31,-0.48823933113422247,0.15401462976907215,0.041460506588543,-9.439259990800569,0.23011909021006346,0.06250962058026807,0.3105464472690212,0.5940542251659476
VCS,2022-12-31,0.11769882952684205,0.2194991321394953,0.03370465006082732,0.8525959243002651,0.30178523858210266,0.19017308055493456,0.7388175950572269,0.8334052083906861
VEF,2022-12-31,-0.031924156466653184,0.9359539677389692,0.0028365584074950107,-1102.0046596308646,-0.05849886150395574,0.015292483021995094,0.304991457803213,0.17145531534419925
VGC,2022-12-31,0.019105663802160163,0.10368855468743246,0.11104083677705735,-2.276176140665773,-7.4704929288729875,0.14453460700472068,0.3965611161253584,0.2610105797865778
VHC,2022-12-31,-0.2768206252257483,0.10211730956452103,0.03884145489300544,2.683195245241938,0.6795532901108556,0.22517966165244052,0.6645737318789913,0.6148900281280417
VIC,2022-12-31,0.11180589827910775,0.15743279597182475,0.11204576891196576,3.9888833076778463,-6.41782366224694,0.0763447050227912,0.23592793508238213,0.38288332742140785
VNM,2022-12-31,-0.05386460109253057,0.15057944461062692,0.039136155351188036,0.9890208282295091,11.099794426295267,0.3216863436421161,0.6768711842070908,0.3148929290926274
VSC,2022-12-31,0.006782806674488625,0.17686423116731895,-0.01977726636705712,-4.813230200229401,1.0917232115421631,0.1201843004415373,0.7330751989945657,0.7793344412716864
VSH,2022-12-31,0.3837074827137362,0.524419939960057,0.31960104915729864,0.03730748473473952,2.041783201735871,0.09931039379131466,0.517510694235343,0.8643909329560949
AAA,2023-03-31,0.050543438556155784,0.03391939670393665,0.022280749280607883,0.15805197910005112,1.7874114516805137,0.33635167118414866,0.5715600014728196,0.7269401244987262
ANV,2023-03-31,-0.020383091053046642,0.1200854323147331,0.0,-33815527401.0,0.45277763950470323,0.20482319600591475,0.5310998657234466,0.7672706981019716
ASM,2023-03-31,-0.04798261333059007,0.09292111647250617,0.05115953609764671,0.5106410443089776,0.4956414456219842,0.15868743174021396,0.40764218625937665,0.8723761875521053
BMP,2023-03-31,0.025099906765568572,0.23983529456740446,0.03925939773786422,0.2826288174128089,7.807187820855293,0.426565536180845,0.845899735114603,0.10433566645548147
CEO,2023-03-31,-1.4213186997684735,0.1694188179169178,0.0769848563637635,1.0290313726396476,0.24105470263371764,0.055748853123355625,0.5674378471721381,0.38812942373262094
CHP,2023-03-31,-0.4576450797373317,0.554019301322417,0.0,202509819.0,1.174219824098916,0.07756105107779383,0.667362901123304,0.9160074540703083
CII,2023-03-31,-0.7618000000858292,0.3714642266846258,0.291368188230699,0.2624046802236489,0.36321914080990075,0.0335494503550346,0.28750798156664353,0.7370623222916314
CMG,2023-03-31,-0.22136463802357645,0.04670753195132547,0.05657150239953681,0.6531227614540962,-15.337900822600599,0.28432333112002944,0.47589208642673303,0.38528154052888297
CSV,2023-03-31,-0.21010574753630004,0.22672914452434026,0.04856874384823966,0.07285830989739964,0.7816553163661111,0.23600507325116202,0.8625754656253085,0.347420031009254
CTD,2023-03-31,-0.6772755967191807,0.01684477089688191,0.00812056254408228,0.9495449712280615,0.8679306572441458,0.1604040188705357,0.4109439060844303,0.0985110668476005
DBC,2023-03-31,-0.23605285596533343,-0.10427376755241959,0.05028058192976237,1.2537215374273245,0.7545320473301833,0.19140831784779463,0.355988171752605,0.6654109229993392
DCL,2023-03-31,-0.3704233938147715,0.10507382841389462,0.042589419079885255,5.811025342487773,0.252786228630924,0.11923206936470597,0.67702654733265,0.7626647967489255
DCM,2023-03-31,-0.4624724636668944,0.09149919050647008,0.13429990737316988,0.1349947574667633,25.996552071654744,0.19611019025666324,0.7419253063198021,0.0007597749792641126
DDV,2023-03-31,-0.09085876855976106,0.001471477770326212,0.05183683986372925,0.4574731682435384,1.3659822796504202,0.38488049866114576,0.8892378440157045,0.0
DGC,2023-03-31,-0.2230269506491012,0.3367234680074099,0.045966444097257884,2.5976241909575886,3.797507595731967,0.2003413461296223,0.8351388097065612,0.4439036929507142
DGW,2023-03-31,-0.03555354671887577,0.03268599117123897,0.0024376147423711414,0.020358696275088472,1.103763251628196,0.6760286465766041,0.4234353252682413,0.5205868504139742
DHC,2023-03-31,-0.11608220803674944,0.12660086421342268,0.0,488517250.0,0.8693679336143202,0.2881978404072648,0.6187733687770783,0.4875579938982608
DHG,2023-03-31,-0.06726485774805246,0.3082360796366379,0.023605122351292942,1.7436687432824398,0.8975115495387483,0.23292960528992093,0.8454501374711025,0.32122182540947863
DHT,2023-03-31,-0.06319441775575967,0.07697125224436406,0.007427672390365418,46.51876458628292,1.0166249934108522,0.3204292353552917,0.5202216766743206,0.5173292430894089
DIG,2023-03-31,-0.12165206516379111,0.32799689553154154,0.0,-1505786682.0,0.04886939350760732,0.026744812072790062,0.5689646871862664,0.4636268940674411
DNP,2023-03-31,-0.6838264920695225,0.11393894413035431,0.10855305208750639,0.7482452068353802,0.3396956670864899,0.09230514702066005,0.27991526037420233,0.6617312796541305
DPM,2023-03-31,-0.19707433639244415,0.09514964191603036,0.03405037804087722,0.6123161816540567,1.5734031664792314,0.21157150015668663,0.8035895086419588,0.20575827212185574
DPR,2023-03-31,-0.7033461439488856,0.36979968517027967,0.2060922111315679,0.4921192661833767,1.0021314751095909,0.0499776677228834,0.7300586653612061,0.0
DVP,2023-03-31,0.47863867525813797,0.477946691809383,0.0,69662359864.0,7.602289127075376,0.16884989496404948,0.9093696454825414,0.0
DXG,2023-03-31,-0.7178443112847013,0.0875090261550001,0.045467721136387244,1.527467528962662,0.0306560328014217,0.016535392539678624,0.4595645805205303,0.3621444887989851
ELC,2023-03-31,-1.0335934035774668,0.058985596327759904,0.018885951292198732,0.075821193665167,0.18515479425704187,0.07669588726366254,0.8047195591734798,0.00995716966629164
FPT,2023-03-31,-0.09494008349230977,0.1829431361277354,0.0503366723915829,1.2001341765421394,9.023849493647079,0.24439201740853808,0.5333180884822629,0.5218001783992648
GAS,2023-03-31,-0.03558204558148305,0.19875806374449184,0.0453139462449309,0.6724856127035662,2.0620131729759725,0.2588756394627992,0.7675118090828574,0.3104370556579249
GEX,2023-03-31,-0.15372932263787817,0.07499288842458762,0.18996076348073787,1.046879610815122,1.3436619790168949,0.1235714319546219,0.3996741220101917,0.5797290732413939
GMD,2023-03-31,-0.15260518239356838,0.37086227189386856,0.18389978149402403,5.079422598940885,-0.6246431994413745,0.07009908284294598,0.6181020912739792,0.37923301263949083
HAG,2023-03-31,0.08121547241572817,0.2561491476439013,0.05385465335111538,0.6955108066918361,0.7082937434932267,0.08942166914771607,0.2588075451494615,0.5339668513401745
HDC,2023-03-31,-0.8864512680381604,0.3286001483249186,0.034126276657216285,0.132677473455371,0.1293861777405984,0.039284160790883385,0.42066030608012117,0.6529906487491403
HDG,2023-03-31,-0.18573476144049844,0.5476824632915087,0.26261821505731814,0.07860299450586308,0.778582282436259,0.06557449679113266,0.46818663605709154,0.7471898407462976
HGM,2023-03-31,-0.25855057171571133,0.3080665872478378,0.05092878227096309,0.8045902944082264,12.240731915958575,0.18186947844850027,0.7547684941801296,0.0
HHS,2023-03-31,-1.4845794848256,2.0230787092223665,-0.07669656850062097,90.59865132963081,0.09326790936890061,0.008062962950374229,0.9337443597470514,0.1459977463498078
HHV,2023-03-31,-0.12731282622883636,0.4767733089830252,0.27262993357774645,0.5123636018742348,-0.22422080895080712,0.015073945319686003,0.2346743617377983,0.7450668296291943
HNG,2023-03-31,-0.8472226474615036,-0.44894204268418075,0.5913825313057529,0.6429354021652122,0.12522114031933448,0.010442441978782278,0.22864021521152517,0.7398547753620232
HPG,2023-03-31,0.0014917468026428237,0.055054426120631134,0.06310766128693417,1.6581622778590275,0.8483765366349179,0.15756740303368488,0.5497904271976336,0.7681242287152557
HSG,2023-03-31,-0.12014388228562833,0.050971412097353425,0.042336364670378344,0.5247590300644531,1.0082035411754633,0.4217305624424471,0.6202804987192106,0.5620337973707448
HT1,2023-03-31,-0.3147263258679831,-0.024072388049626737,0.07818330030317154,0.4374343307228431,-12.409844476167814,0.1827757327376925,0.541980714865734,0.546604796228526
HUT,2023-03-31,-0.4251535802725067,0.24145643962189087,0.33380662505479486,0.006543415411383256,-1.3630119449281326,0.027680195059009944,0.33397975885052494,0.6197320504301332
IJC,2023-03-31,0.4413152854888668,0.4430088686602289,0.07693337959123032,0.08707802412359185,0.12323368629595562,0.05394657742195916,0.6168994916096106,0.37431219425264733
IMP,2023-03-31,-0.15656618917903475,0.20579158751532292,0.039084930985019736,1.0102255561188371,0.8838453706380535,0.20453914764143885,0.8334620577901338,0.2554446424761386
KBC,2023-03-31,,0.5929129027282177,0.02948186199793593,8.419844745328238,0.14628858361925207,0.06778206926942026,0.5386216359440206,0.3942667628192294
KDC,2023-03-31,-0.3738791005277841,0.04265473310581522,0.03195612353350204,0.9314208195030231,0.5089025591393372,0.16369938073291132,0.5212938233005162,0.7021215433924476
KDH,2023-03-31,-1.010193749977209,0.6288901526551653,0.01881170073741495,2.719061245532249,0.027894772514720733,0.02204816378005937,0.5670157284741084,0.719972136279673
LGC,2023-03-31,-0.03002508992726731,0.5974697811624617,0.6558578781670421,0.5453113263224053,-1.2294573740908044,0.028301361257081912,0.40157270554120406,0.8074475838017685
MSN,2023-03-31,-0.09809477513908779,0.11999224558546294,0.06354967259027526,0.7794197210768135,3.0102846343385945,0.13307779113372128,0.2545286518096385,0.6962968355062898
MSR,2023-03-31,-0.024143488100459794,0.08429947199403982,0.0930014389699553,1.1016342943871196,0.5301228067224968,0.09359250910570495,0.3661955205975119,0.6326583392110542
MWG,2023-03-31,-0.11765235762298316,0.01654921026384373,0.032420173217495456,0.3511047643568451,2.5446772268345828,0.5096229666724631,0.44424804046084465,0.5744706170007047
NKG,2023-03-31,0.019378303866354956,0.009873833404245963,0.021399936195310984,1.0917413241254954,0.6416957608413826,0.34757122797360096,0.41257307435220497,0.7486865496984424
NLG,2023-03-31,-1.9231785972061064,0.3868664076503075,0.06951295155552369,0.4867231864186405,0.022936560716304486,0.010518075725625466,0.4788421223234941,0.39447189357727586
NT2,2023-03-31,0.12611303702055748,0.11485614040389604,0.08804281996953461,0.00019656350221877028,1.483251314050902,0.2616582049813251,0.5410406998740811,0.16804460774168806
NTP,2023-03-31,-0.19190825081722065,0.12808720280779995,0.03704016801526244,0.5786536678202101,1.1275082568364747,0.24598029330417426,0.555468181138195,0.6188539587378755
PAN,2023-03-31,-0.4114547725700299,0.08595372644283793,0.04386236266871884,0.7871931207515058,0.905086042918083,0.16608839603247116,0.4927556813523609,0.718649303015321
PDN,2023-03-31,-0.16110958082348475,0.3000483968330583,0.0,5850594176.0,-4.145732684372182,0.18641850493441592,0.7168346161797172,0.4100729003501345
PDR,2023-03-31,1.7526175309062966,0.6116322472734883,0.043275452233642486,0.6345180606776305,0.025772151274522797,0.008953265070193893,0.37905112025114723,0.2573020568770605
PET,2023-03-31,-0.1292017550121259,0.028597812839096782,0.0064349182915374595,-0.0017057858886223957,3.8052252829466817,0.4247649711853417,0.20404596938519065,0.5637568617093687
PGS,2023-03-31,-0.05989994213580709,0.03076740407510342,0.01291375260386443,0.12683705903344672,-11.706835003795144,0.6062109911762945,0.43246095352752073,0.11633744504116812
PHR,2023-03-31,-0.6448963583175206,0.5042090992660508,0.11900857029252711,0.2452968898794375,-5.941328794401531,0.09193306427534115,0.5896750324378749,0.13679144699205062
PNJ,2023-03-31,0.16250025612724986,0.09958151628662468,0.002582587798655265,1.0871383891652493,1.1945819912933318,0.7648190492638709,0.7164532391608954,0.46027932137398386
PPC,2023-03-31,-0.17400942027795455,0.02951245498780034,0.01175109673775882,-0.0,0.5907791068231957,0.2447879086816591,0.942687823799667,0.0
PTB,2023-03-31,-0.20501103801448997,0.076786536734676,0.05383621550511121,0.8327070040597837,0.6877900144541729,0.27692569493540625,0.5504792031993974,0.6973982990500951
PVD,2023-03-31,-0.16138897894632287,0.10375954719932871,0.19674779420293537,0.1325944827540079,0.9142978058443184,0.06213346847038396,0.6875326530555378,0.57539958065228
PVS,2023-03-31,-0.36514377958819144,0.07432220598716682,0.03292877263428104,1.3469472958058268,-2.208908642101233,0.15037556432569296,0.5125983194917058,0.11155856367116918
PVT,2023-03-31,-0.22898781321662573,0.17157250801606452,0.16548421055172471,0.10801954781547934,21.81092978829302,0.15237607018974242,0.5819745777932759,0.6032213253430995
QCG,2023-03-31,0.5378606008975221,0.08207376315383563,0.0906676053800914,0.02992210621481978,0.06066430212524408,0.01747846275325431,0.4458564593671624,0.1082911434647656
REE,2023-03-31,-0.25862929158097336,0.575182245029014,0.3068299729066112,0.4071601594068488,0.6645244260469305,0.07098993648495963,0.5768263817394587,0.7684809450676601
SAM,2023-03-31,-0.25719619776994196,0.08375676098192307,0.0,31576908.0,0.27536227603012287,0.07066133566920642,0.6746530449478596,0.6195396862029241
SAS,2023-03-31,-0.04516352708025026,0.07771752998884968,0.021172296088799773,1.3490835575623243,-27.048450334185745,0.29047779003746765,0.7170847596777878,0.0
SBT,2023-03-31,-0.1806672819793402,0.08460480215494685,0.02108386329534226,-0.261803047432374,0.6306162651448701,0.20340691043297987,0.35022814772765215,0.7131047264606784
SCR,2023-03-31,-0.8574562559899254,0.5141266266842988,0.19276600029257684,0.022798077147265287,0.04055709224113735,0.015657151775099618,0.5266176445743022,0.42943642050014064
SHP,2023-03-31,-0.7833674324707198,0.2686430307006048,0.6217068438251868,-0.0,1.010595905185289,0.053070212856840326,0.8410688469326916,0.8513188377704797
SJS,2023-03-31,-1.05856923942014,0.28808405370503476,0.0,-0.0,0.034738271226415346,0.00867274742170608,0.3782835393983621,0.36992209781130614
STG,2023-03-31,-0.4003781317211682,0.14141949354402425,0.09734801349986222,1.4467983563206845,1.839676510884902,0.14043950632964491,0.7816278631613336,0.2659619092344645
SWC,2023-03-31,-0.29309398145033155,0.2126271426894671,0.10556870038447262,2.7942522937108305,6.988622194811512,0.12052134847673457,0.8602362962519107,0.3890883058799671
TBD,2023-03-31,-0.7083621425602252,0.046521618476765676,0.0,-1172242492.0,0.34412483197404603,0.23358670281358773,0.4343432310513861,0.7355193410817266
TCM,2023-03-31,-0.09058039397376332,0.09116061107631235,0.03931197061366923,0.18542952427092724,0.8849934350111394,0.2657425306348869,0.5833480048474343,0.6387124780778665
TLG,2023-03-31,0.19653705452196485,0.14029219669361445,0.02817114975242448,2.7738068855913185,0.9292135805370224,0.33602357645740566,0.7238354468502182,0.38356836320531557
TMP,2023-03-31,-0.32674830856526327,0.6664425557540453,0.3317598829914659,0.02630687422402479,0.5792988137890616,0.08883137078175851,0.7781891714793591,0.7875763842488823
TMS,2023-03-31,-0.4646504937507776,0.16181916333429525,0.3188603149678991,0.8860123819513521,1.7064075535984178,0.07901028373815866,0.7048540874991163,0.49857954140286764
TRA,2023-03-31,0.06388664345007243,0.16082200422666737,0.043486216191601916,1.1185787505586857,1.887753178362718,0.34079297735395925,0.7661279252182621,0.0
TVN,2023-03-31,0.02240691930210325,0.021089890141640494,0.014958337947956453,0.09749545926181233,2.1730569292849373,0.34702734268743707,0.40997803600237315,0.5520073708183222
VC3,2023-03-31,-1.8519787195082238,0.2194040535869384,0.023001674610691032,-0.0,0.09065436491127768,0.019196971676718962,0.31739267830893303,0.11785494801839576
VCF,2023-03-31,-0.45922885651074796,0.20695791103323563,0.03751778589111836,0.07330651084547217,0.37051363126896947,0.2191243386985062,0.8333314614229935,0.3955947156751826
VCG,2023-03-31,0.020949070845219943,0.1241292634175503,0.04586437232297138,3.5242969010131526,0.21130697328363668,0.06346129354821434,0.3055980824855324,0.6259157086311598
VCS,2023-03-31,-0.17371417416282683,0.22686495632087073,0.04159968722219712,0.3740852052884285,0.24167958544519827,0.15832631631433708,0.7591406282693671,0.8195162057734616
VEF,2023-03-31,0.017494354351315997,0.9511940342288621,0.0036577444987723564,9356.368193656632,-0.061535929324639124,0.015304580253147997,0.31158541187728767,0.1702302533268579
VGC,2023-03-31,-0.17262295210850276,0.10875926885995273,0.3423883006854954,1.067920865903668,9.74832015750164,0.11976519080543375,0.39565251212772873,0.2867771119177574
VHC,2023-03-31,-0.11954343346863554,0.12820567588329265,0.04638339293920391,2.1958305864321206,0.5003696076544026,0.198355933379963,0.6763805584500129,0.7380165327205804
VIC,2023-03-31,0.11538333488649205,0.15422707227471194,0.08306214226083053,4.247850034349089,3.1580522038575087,0.08251379426999104,0.2283752153889508,0.38814938801274285
VNM,2023-03-31,-0.08124470211020168,0.16651391980093716,0.04416467735170649,0.6316917591241077,2.3713578496321066,0.2918759959460112,0.7005049513176647,0.4710625263776478
VSC,2023-03-31,-0.10336544715824636,0.17594602271308898,0.14773808637878272,0.1275387022343577,1.5957846088634928,0.1070638957236349,0.6880070996349733,0.6586495980048737
VSH,2023-03-31,-0.0741484034883982,0.6960346810281924,0.5360091443463638,0.13112586138176607,0.8154357327144269,0.0893847693913903,0.5485333935212312,0.8766484345918188
AAA,2023-06-30,-0.24944400371747144,0.03871522681154039,0.02909005969237426,-0.005324855922678097,1.7073875265289884,0.25443998531921674,0.5649381388836278,0.664743589553251
ANV,2023-06-30,-0.07134430762890683,-0.008064176905941087,0.0,-99006740934.0,0.40321857174904674,0.19879051160434807,0.5442629882505834,0.847053229409806
ASM,2023-06-30,0.07274082012566188,0.09963777051417803,0.03620152131095219,0.49863599658115315,0.5191858993796385,0.1724253085224758,0.4042188434805667,0.8803510804986779
BMP,2023-06-30,-0.06499576855012498,0.2686167398204997,0.04162173021471981,-0.20703337148761666,72.5907363978609,0.3888856073936032,0.7815948942798121,0.07164637819562678
CEO,2023-06-30,-0.08358993594801842,0.21553352685416968,0.09421884238389762,1.1624177759553547,0.4829987384902056,0.04882631619305499,0.5453990720322012,0.2029278115027205
CHP,2023-06-30,-0.48526285598571195,0.36236198156460253,0.0,214439338.0,-1.3018623362797956,0.04854874010725359,0.5984206501412503,0.7297308789219659
CII,2023-06-30,0.2945974380335221,0.34445506045034985,0.2259585945877868,0.7455857835524632,0.4057205971913755,0.04902624403205485,0.30419521455341764,0.7096533247459008
CMG,2023-06-30,-0.035993160623725096,0.07229870306017379,0.052753812767678376,7.60773780295986,241.16832285485597,0.2580691808220513,0.45469886249380753,0.4137508589222493
CSV,2023-06-30,-0.0630943803085904,0.18663349405976032,0.04962502273980944,0.28744132249008153,0.7193313981715387,0.22306669576249882,0.8681821254417235,0.41861074176570506
CTD,2023-06-30,0.14354050677128682,0.017449606523440117,0.006825511589927249,0.6316090162728641,0.9478746577268718,0.17361305267116364,0.3869800803333175,0.09120221559727018
DBC,2023-06-30,0.4052897207386846,0.1200149215916444,0.04101640728951349,0.6203453873564598,1.1090719876161628,0.2782428631968983,0.37115240560743346,0.661612532101889
DCL,2023-06-30,0.08438099485451692,0.10993463632344773,0.039848180698824016,6.95394265656403,0.2569423117250288,0.12599567486213845,0.6644700746713389,0.7588024629742912
DCM,2023-06-30,0.18543929674956353,0.10224855082098132,0.11430870336432501,1.1038804454547126,-5.268972426923979,0.22050949612220772,0.7117251994950566,0.06802066041821664
DDV,2023-06-30,0.09597606641850234,0.002221034296901923,0.04725245502950814,-0.04122093460525095,1.635040337596156,0.39525934542854724,0.8198830893289017,0.22216734036566302
DGC,2023-06-30,-0.01960938362438592,0.36938102966193087,0.049027406976517404,-0.8706694660969303,1.5982125486465923,0.18861409845068053,0.8503270758001646,0.4866590205376847
DGW,2023-06-30,0.14875733278406106,0.03369693797271214,0.0021373667604426103,1.8399314915274867,1.4525599232223376,0.7075268701257886,0.38922018938342584,0.5317725479302402
DHC,2023-06-30,-0.05029817667599497,0.14290625739329868,0.0,78355628179.0,0.702575529752412,0.2829450945213391,0.639597478281204,0.6683532890881556
DHG,2023-06-30,-0.05656642708930116,0.24458331095971583,0.02313140386520984,7.7768503055752065,0.7741190293699055,0.21159138091727284,0.7732301946681063,0.4785329806868813
DHT,2023-06-30,0.08577317061634439,0.06957318036877491,0.009152643169593995,-3.028316279197375,1.2077217190999299,0.35830373488571027,0.5501618876719404,0.6106409988276722
DIG,2023-06-30,-0.5446446212343456,0.2928678458108136,0.0,12747226820.0,0.028260671645262303,0.015269633499729774,0.5606191769769173,0.44156851461562935
DNP,2023-06-30,0.42935598902035654,0.14484637037470957,0.09543347985214919,0.29463268566269685,0.5324642905981148,0.15012233360786528,0.29588144249565457,0.6497703321225867
DPM,2023-06-30,0.15446081266909772,0.055664250888472995,0.02666912853379861,0.5425765131815302,2.2768688663539365,0.2569022678584966,0.8369829290794694,0.25951667827917047
DPR,2023-06-30,-0.07534059032030309,0.2314805461415421,0.19613261878590635,1.161128494303999,1.085575033484242,0.045821740474351016,0.7118690699405239,0.0
DVP,2023-06-30,-0.23876592463434892,0.6022758620568879,0.0,122278246452.0,-0.7149788334785994,0.12400982329137816,0.7794010232731624,0.0
DXG,2023-06-30,0.7592370585051308,0.358003186975158,0.02987381006745215,1.4223050627263913,0.06397311278299041,0.03530956575771085,0.4631778237820535,0.36814150648391386
ELC,2023-06-30,-0.6821898932864519,0.14432525638730465,0.049127149003275986,0.018543731458175297,0.08419719996520472,0.03425089892640477,0.7134792990285773,0.2049403962538138
FPT,2023-06-30,0.05899961457336669,0.18476699590822476,0.050571838451594936,2.3871991689234178,145.59497695998115,0.21734025566123377,0.47245954483382546,0.6114120673104967
GAS,2023-06-30,0.1233576006725103,0.16484331178783512,0.035709360052992356,0.33320423187552783,2.3398515877231163,0.2791944937918593,0.7643429984170196,0.2902564235050325
GEX,2023-06-30,0.22020388021206241,0.1505977147045552,0.1806827031573914,1.0137931980454347,1.9325643776178691,0.15454253721388503,0.40815690809409105,0.574886010587785
GMD,2023-06-30,1.0988133748572408,0.7895523960180789,0.1481780070804588,5.322558998940799,-16.036829219803415,0.19915252555142196,0.697813484073469,0.4719013234656308
HAG,2023-06-30,-0.0018887601225147346,0.2080404629964508,0.1071870168479088,0.036807335259053144,0.8913588607090599,0.08783260089152367,0.24973765000437492,0.5152896505922733
HDC,2023-06-30,-0.28796775161076504,0.38057829679479993,0.04915208342167427,-0.07040811462479903,0.10423492003537603,0.02918932765186979,0.41069283498014986,0.6256122688398382
HDG,2023-06-30,-0.4519888527186862,0.361801270162949,0.36009672347003113,0.5604176473662393,0.5432763327737797,0.04278049777853671,0.48035899349683214,0.7583554353819242
HGM,2023-06-30,0.3895936945968152,0.42190621509113374,0.0590331896726489,0.31951838999339177,12.2440816551651,0.2692133353556777,0.840416299867826,0.0
HHS,2023-06-30,0.6716021511636371,0.9240458273293907,0.8142473059221788,-0.22530982321442805,0.2230434417106123,0.01571734258548071,0.9403901523409552,0.0
HHV,2023-06-30,0.14412363629932132,0.47369109625420963,0.23887155591901413,0.35345867015217597,-0.29563822033217435,0.017392149869268042,0.23731322141135458,0.7404275884175954
HNG,2023-06-30,0.3232451729733211,-0.21917269772466919,0.5612143209011373,1.4053973625589768,0.21127766610150245,0.014066683700990032,0.21304287924918736,0.7378790730189452
HPG,2023-06-30,0.09588039436141223,0.08975884160568957,0.06003571343383929,1.7276815642763848,0.9546149054557278,0.1726016502870952,0.5552567331078743,0.7734736409528584
HSG,2023-06-30,0.2035840616476015,0.0077124865533160026,0.032106200583057715,-0.05813116816315037,1.138076283714937,0.5243733306207663,0.6272952312985194,0.7094747835562601
HT1,2023-06-30,0.16691307877227196,0.04496121990482825,0.07141026395966309,0.17525329755176786,-35.60874922071526,0.21921865380884265,0.5417469525808881,0.5126450442424714
HUT,2023-06-30,0.12334007484131065,0.2707610812271652,0.31031288883424385,0.3259684497309048,-1.1086516119778678,0.031122933472030666,0.33304741008029426,0.6085878244658752
IJC,2023-06-30,0.73755504711289,0.2623681187622917,0.027918442607934208,0.35746406302931033,0.3124683736999192,0.11363549781853749,0.5840732896983324,0.3982375961767874
IMP,2023-06-30,-0.07002794418037343,0.22648837307616787,0.04342430962599281,1.6503106908548089,0.7946289445387451,0.1788852668543936,0.7700096773710794,0.3107836034773244
KBC,2023-06-30,0.035702509320029344,0.583552407433645,0.03229996972419629,27.213813854522147,0.15715248775885704,0.07300915288875134,0.5936451236727511,0.30365983084349996
KDC,2023-06-30,0.4579736818672032,0.23909717642336537,0.020644697143916774,-0.4792739008187943,0.7693916628268722,0.2661722978795759,0.6026935208794842,0.6194645466002073
KDH,2023-06-30,0.26974612928675173,0.6906052035631486,0.02501979720115034,23.398066410048934,0.038260169503727015,0.02608131725800926,0.5862424315951787,0.6106026848807263
LGC,2023-06-30,0.02726847455594981,0.5790158694377295,0.7116270854157406,0.1985376930746058,-1.3196348667359474,0.028919567713671344,0.40817578913488994,0.8015989020078438
MSN,2023-06-30,-0.004345436157342421,0.11580000684391084,0.055427888608847155,0.5552126048124139,3.234044658464989,0.13713379267750805,0.2663974169967435,0.6587292189517849
MSR,2023-06-30,-0.06235347105514947,-0.03945731873206452,0.07648137547928553,0.5496025375803311,0.5018236275989563,0.08871387026213826,0.357127761597267,0.6445756257559397
MWG,2023-06-30,0.08965196883384279,0.017111765486249906,0.026936821071234747,0.15287104701332943,2.604614435633807,0.5062560397813683,0.39132525084724556,0.6153584112546278
NKG,2023-06-30,0.22500633479106324,0.04442846867529066,0.01756878302945403,0.10990737095280084,1.01083330870221,0.4557505891001091,0.4418921714772982,0.6658620471747436
NLG,2023-06-30,1.2559426070186694,0.3917863975210313,0.018477707088163035,0.268065734273983,0.07686342721862843,0.037501736118377406,0.48982386617121115,0.36843032477796767
NT2,2023-06-30,-0.0020998237731310603,0.07369383736219137,0.08426774685433958,0.003155288322020773,1.4982307482492527,0.240079583747734,0.5097787759768506,0.07801761606805718
NTP,2023-06-30,-0.051859585845930735,0.1421603621435535,0.03526684175062424,1.0072825623189128,0.8425244152844124,0.2497139082901019,0.6035440682797282,0.7600526814623889
PAN,2023-06-30,0.08630204897986424,0.10149385048507621,0.05034448008636744,0.8694354332647644,0.9849993541684002,0.1459519951488558,0.3959219225415293,0.7810074153606588
PDN,2023-06-30,0.3246656229167084,0.32926232821732593,0.0,6038340921.0,-2.1602672729996937,0.2386377701748761,0.6655009739234619,0.2610212571360741
PDR,2023-06-30,1.0053605611509784,0.8620725557596236,0.04418158222148452,6.884196239923006,0.05991752254696101,0.02580376631827122,0.4130417961683234,0.32115396262628837
PET,2023-06-30,0.0678449115792853,0.0244821390394345,0.0018088104629937988,1.2470428950731107,8.734324327783224,0.4716190527520368,0.21407486096698908,0.5369727869153812
PGS,2023-06-30,-0.098374545831112,0.028191876095312558,0.012708723670471694,1.7954243147886852,-18.516529172906075,0.5620724673321498,0.41139793068406577,0.2656641502635787
PHR,2023-06-30,-0.8628383390434193,0.658366346975486,0.4098871596876437,-1.5062138393269437,-1.7191938694054392,0.04028635077700369,0.5852205937150955,0.10542428588728434
PNJ,2023-06-30,-0.38136686083987664,0.06998946924419715,0.0029275242912405017,0.6377105213776957,0.784656069405184,0.49668842425459686,0.6814017620942691,0.522506695392232
PPC,2023-06-30,0.10501132589039028,0.11922886071392695,0.011466931594474185,0.15929677538569156,0.9334045439883112,0.2639060933541603,0.9100259802227677,0.0
PTB,2023-06-30,0.04191686477952816,0.10378698018497363,0.0370112425821539,0.9756916540018061,0.7491791608284916,0.2888595825192568,0.5349383851531798,0.7112804535604729
PVD,2023-06-30,0.15447713847671746,0.18173826100719986,0.1666418918510877,0.12995517000249115,1.1692952099451797,0.07144763940415595,0.6861270787886423,0.5440146399171751
PVS,2023-06-30,0.24104775916856708,0.06332571191238852,0.02635722611693022,0.48968016093392563,-2.106444718325181,0.18130320607740513,0.48536699167077524,0.0973660178937934
PVT,2023-06-30,0.05955367403161559,0.2470865745729412,0.17604952003630167,3.551223261467029,-25.433505475270977,0.1513049409690136,0.555534712895726,0.6125437518943725
QCG,2023-06-30,-1.2828057593473943,-0.077536194578307,0.4304143847161874,-0.017126428964776053,0.016716452231770314,0.004889351999078003,0.44832966149376013,0.11239198006123335
REE,2023-06-30,-0.08467407779846413,0.4208800853974972,0.24434247689064603,0.39415271768750465,0.7056111740422801,0.06532081424487761,0.585298072485371,0.7594103020820431
SAM,2023-06-30,0.09390692970138395,0.06899803395420542,0.0,22130493342.0,0.5652383706507781,0.07912929001913635,0.6880913133627127,0.5046742911832917
SAS,2023-06-30,0.12511967782928632,0.13109525316664794,0.01988519937610996,0.7609332699796902,-14.683917509968918,0.3085029203381913,0.6818411322556178,0.0
SBT,2023-06-30,0.15142018092653345,0.10125269825447217,0.024927806605182675,0.47607319575762,0.8490516093585861,0.23493570308298892,0.3508900543418837,0.6014755015505323
SCR,2023-06-30,0.2484100777822155,0.4500138658913704,0.13266011188515592,0.04229742041359523,0.04182903283864421,0.018779895541705546,0.4930895082652961,0.5227724297480618
SHP,2023-06-30,0.4509225246155735,0.41863947968956183,0.4977013079281858,0.017573056673686353,-0.9610078030963731,0.08190038824186664,0.6937394309369651,0.3946581910417856
SJS,2023-06-30,0.7448281520078397,0.5854929803054935,0.0,1375845721.0,0.06189456790493674,0.018047008707498677,0.3819649796510544,0.36907768369969396
STG,2023-06-30,0.2660967588129354,0.1400264944945377,0.07226577786609192,-4.2786174295507,2.5385837886680345,0.18025332871047392,0.7821943174040988,0.2327044279208441
SWC,2023-06-30,0.11469408699431748,0.2702580385117092,0.10194879540894333,-0.8545119926268196,6.240809810589763,0.13083431355535766,0.8527102801234947,0.34343075892381963
TBD,2023-06-30,0.12507456273603454,0.0469242908936661,0.0,34730396434.0,0.43484092059288865,0.2795229682656761,0.4613531919353002,0.7191799983486836
TCM,2023-06-30,-0.2041160513071791,0.03433451869481996,0.04554965137524176,0.6250123864650065,0.6883812019339757,0.21923343089742908,0.5774268525543305,0.6336405904031636
TLG,2023-06-30,0.1524878295917048,0.19862414882871696,0.02694244016347045,0.7059328566158101,1.0617190872950408,0.35932181857964324,0.6606226474057392,0.36410232100198425
TMP,2023-06-30,0.16471985051930643,0.6913551944720763,0.315142692282681,0.059332543246721076,0.6891122091013664,0.10312581232630341,0.743909758063114,0.647079530035578
TMS,2023-06-30,0.1451407890917514,0.07809067666584464,0.0,-0.0,1.8035421003537553,0.09144840608667844,0.7067328324569261,0.7353553961155141
TRA,2023-06-30,-0.17468897986218587,0.18794520722958552,0.057243539815461056,0.9823110113872778,1.2293939870298165,0.27532616909073687,0.7727142889438364,0.22630571870475577
TVN,2023-06-30,-0.1896985380160283,-0.03568306582639219,0.009715923895508781,0.23756205611734554,2.287904999872717,0.29928337879749645,0.41027092204156035,0.5384563470277569
VC3,2023-06-30,0.517442178723818,0.20540397472187344,0.013301645983818436,-0.0,0.12296778473506068,0.03386304531649567,0.33806944426687563,0.14059807643433048
VCF,2023-06-30,0.22922244083199186,0.2687236773659019,0.028301013289565264,0.0317731417316318,0.5265423313124177,0.2557873001348909,0.8278851815486132,0.2003179527598735
VCG,2023-06-30,0.8176527216826833,0.10393114212946793,0.022050934181324894,1.1388287898627438,0.5022046181577496,0.14882407194304098,0.31874471300857715,0.626118228294235
VCS,2023-06-30,0.10194074847743674,0.23879496491445165,0.07647616186643541,0.35155547212537613,0.28836248834500805,0.17512976978408953,0.7355192661186956,0.7851865616972057
VEF,2023-06-30,0.19516613314447162,0.9568558726864969,0.0011347071112845707,-22393.492096538033,-0.05503970234126982,0.01828025881961574,0.32012510392667304,0.16937883736415685
VGC,2023-06-30,0.3505505190628639,0.22497750991343676,0.31886232682621024,0.7754263957771997,3.755355212572365,0.17122511384177438,0.41042767517446127,0.3095254305241544
VHC,2023-06-30,0.20180689695653092,0.1990927551430953,0.04270741232601008,0.8134584616571183,0.56005001888938,0.23007572518902183,0.6699743878702538,0.6921841601929284
VIC,2023-06-30,0.04657401628664604,0.1323701195771502,0.09327645171494782,2.8940828813288566,13.296740744672983,0.0861158589697128,0.22981954256435674,0.3814983324659073
VNM,2023-06-30,0.08227636231452995,0.18088094022105766,0.04033419295258742,0.9414070080916122,3.0472947943834083,0.3063112113446918,0.7192647821426618,0.4478074612282498
VSC,2023-06-30,0.1337013651141731,0.17234157897779087,0.09320645689529115,-0.024784318435757204,1.6653063263703027,0.10523478981050217,0.617414091738699,0.8577964993398047
VSH,2023-06-30,-0.30893767708572367,0.5961633529228533,0.5548110290034516,-0.048031675489776986,1.2391951592794284,0.06612172566758273,0.5077060839898709,0.7741039751425989
AAA,2023-09-30,0.23070550756211675,0.04826397743344162,0.024203330840842075,4.520782705408711,2.212300646883242,0.30996922879409805,0.5553541957486965,0.611056053561921
ANV,2023-09-30,0.019466560167736503,0.03275731819398136,0.0,120809941947.0,0.4293326221860201,0.207280790797785,0.5567615320829666,0.8274363597812741
ASM,2023-09-30,-0.12347849921236038,0.08112931838650493,0.034143454604855294,1.606871585674829,0.44320378062155186,0.1510599346912105,0.40367571802539914,0.8745925549891587
BMP,2023-09-30,-0.35745141553238957,0.2801288930522743,0.05936261229827846,0.29379714196413176,2.990532318463039,0.275832408763321,0.8526231982439506,0.1076689553720067
CEO,2023-09-30,-0.23500394595901994,0.19172615636706078,0.11530842866363965,0.6763696824777868,0.268643846565664,0.028025372026045325,0.6658296347765054,0.19334239867897024
CHP,2023-09-30,-0.10610407558110287,0.2825052192424953,0.0,-0.0,4.7084773824148645,0.04609633213296513,0.6377964147575268,0.8051981940691697
CII,2023-09-30,-0.2646559932245571,0.370900519928813,0.18712537866582274,0.4164072552188919,0.32460323943067465,0.03844660871179336,0.3089654011031648,0.7156387310178176
CMG,2023-09-30,0.013711280121101203,0.06409285178282369,0.051425118350328,-0.057663935896849434,53.999461401061566,0.2644294835408655,0.46884824993193464,0.4449677688922328
CSV,2023-09-30,0.10752162145102379,0.15519345031645,0.043759687645833455,0.6841948310421917,0.9068106813656289,0.2518417605667755,0.8583382865834336,0.23818192111063136
CTD,2023-09-30,0.129922691093968,0.026116060465697068,0.0059170897262012705,6.641289121914149,1.1234495902455393,0.20562872078151936,0.40574195951726205,0.09277692185933781
DBC,2023-09-30,-0.24845149480412018,0.031078668379201313,0.047873217773319564,0.8104491454887595,0.864301090240922,0.22230928781949655,0.38119758852209146,0.6654122328694091
DCL,2023-09-30,-0.0011685808967122555,0.03193637887377154,0.037017560004743974,2.023338204203306,0.26194302793764795,0.1272246469164582,0.672065702190498,0.7486863552478866
DCM,2023-09-30,-0.06459574456272159,0.03325813495219091,0.10354946575536429,0.036841211701968524,-2.660484887920296,0.21913795416118914,0.6502340552816325,0.05704448264011642
DDV,2023-09-30,0.0253362116342811,0.010809320460877762,0.046838172735898874,0.011313627914769047,2.8799223122836057,0.42887377816401645,0.8336069879285195,0.20569211682863014
DGC,2023-09-30,0.027141576200273913,0.3268579686263018,0.05192779293555197,0.7406773288180695,3.6261491949794196,0.181552809246933,0.8512173143152367,0.44744581084021917
DGW,2023-09-30,0.16311686570117745,0.030103373129474992,0.0019787050805740603,0.5726744701417651,2.087185261822583,0.780135928082614,0.3793215469772815,0.4674648709831097
DHC,2023-09-30,-0.019379435019073313,0.09104231891468385,0.0,8455270395.0,0.7638622075950309,0.27877416220353124,0.6479618316359985,0.6245839747885704
DHG,2023-09-30,-0.046634921908430486,0.1710261147311136,0.023709859760815855,7.498135181832598,0.6718162859323079,0.19302498689364966,0.7667843534979473,0.5438131168783075
DHT,2023-09-30,-0.13077395158283295,0.060638506370067055,0.005909925059622283,18.63054783437617,1.2800788379761034,0.3176951715393357,0.5681859360095921,0.6225244572074431
DIG,2023-09-30,0.1457780096942668,0.1483883256383905,0.0,1828901289.0,0.03302886968531639,0.01754648557072702,0.5572114847592682,0.4486147769449623
DNP,2023-09-30,-0.22164259125194438,0.10292830743867883,0.09445944199397922,0.26182650403336544,0.36202752072245975,0.12155512792073715,0.2971174436936707,0.6254474776819006
DPM,2023-09-30,-0.18234735600810176,0.027383213095676026,0.03154877824766582,0.19051675215298366,2.384922769297731,0.2273152071786811,0.8074618087007408,0.2354497457171651
DPR,2023-09-30,0.520843505086695,0.20736589676592568,0.14062913512569103,0.12031268934290314,1.484668978636885,0.0753423060674807,0.717247104500088,0.0
DVP,2023-09-30,-0.27844892671703114,0.38958158375173335,0.0,-16377710416.0,-1.5527337952423694,0.10266665622212477,0.8843299403088565,0.0
DXG,2023-09-30,0.1338262278456529,0.2652646756410713,0.02399445862365731,0.7367094456057327,0.07463996038102816,0.04036407323398986,0.4680868090924859,0.34618992347950656
ELC,2023-09-30,2.035745345046416,0.12416868406057631,0.005675123127547682,0.9691226028692933,0.6348924418599721,0.245786740997816,0.6937141333112711,0.22922043897889793
FPT,2023-09-30,0.08523681625756685,0.1881216982925492,0.0479387744582251,2.0006086166999304,-10.592127488856894,0.23062599818696636,0.457324612294188,0.5669430983288207
GAS,2023-09-30,-0.08079262966041947,0.13705277483382572,0.03847721945991983,0.28917329848485057,3.40160675821584,0.2685044259409277,0.740458217502645,0.2818263518634676
GEX,2023-09-30,-0.051038590733190344,0.09515976769363724,0.15137297510060763,1.370978638656871,1.650405307151548,0.14185836709870006,0.39822975768895785,0.5765690599840578
GMD,2023-09-30,-0.9885201068852529,0.4231945902009286,0.16682455256651732,0.04360419538786496,5.855655634144168,0.07839769069047253,0.7212269196180239,0.5099559096206319
HAG,2023-09-30,0.12368197130099941,0.2587324843120166,0.07718292779771126,-0.3154553208317247,-14.048147763424376,0.09669788740304355,0.2578873471250211,0.48761843395177634
HDC,2023-09-30,0.242425066887492,0.41340700444200035,0.0398626122067892,0.442979986135514,0.13623049297211653,0.03724877340544854,0.4184097197531874,0.6158038698905124
HDG,2023-09-30,-0.26064103851519266,0.48404963526771766,0.46786304782263693,-0.370590640912381,0.5482989220239538,0.03264141309403181,0.48330132233485035,0.749681309013342
HGM,2023-09-30,-0.10242044365360176,0.4283237251848353,0.040333371353126875,0.46158458086205856,11.560450128411288,0.22008913138216935,0.8367556145514343,0.0
HHS,2023-09-30,1.5788593227647183,0.15719816103737852,0.0274546314859806,-0.9967865268910371,1.1075517559913517,0.07684308219303002,0.9593137494213657,0.0
HHV,2023-09-30,0.07499051388194727,0.44393711452604845,0.20326792295002116,0.43915423783856544,-0.6368092354915017,0.01852015321778578,0.237635132032697,0.7300753303298088
HNG,2023-09-30,-0.09042342820062609,-0.6910891305846292,0.4110761839284204,1.8713712222980512,0.24189948962590618,0.011892177093385964,0.20496442793422476,0.6975546701189507
HPG,2023-09-30,-0.02942118673636245,0.10258700032101835,0.06495368889793388,2.5074618270523406,0.8700643746503212,0.17024059336394803,0.5755686025991529,0.7873539606757117
HSG,2023-09-30,-0.05201780001431739,0.06488674786140292,0.035834072581689816,0.6340411731239194,1.1720418120771603,0.4737524692603764,0.6207875975465569,0.44590469572875857
HT1,2023-09-30,-0.2351817191978815,0.013890125601411365,0.0887398491535825,-0.019473032449707793,-33.1953650688063,0.17843497607895764,0.5567165457336714,0.522743221155641
HUT,2023-09-30,1.9747071973113999,0.05065364334924731,0.0623814627852179,-0.14110874653110092,0.8357435404607988,0.10430666161419,0.4472822860955034,0.5986949908155222
IJC,2023-09-30,-1.1845685204212464,0.46623646074789676,0.12930093753064367,0.5711043370210958,0.09555929582066071,0.03434934389492051,0.5880450604387004,0.3925736227888602
IMP,2023-09-30,0.04999250475477648,0.18781800540673751,0.06765785528678481,0.3062984675812223,0.6708351912511433,0.19077557046895025,0.8091776475601821,0.16784977057872238
KBC,2023-09-30,-2.087651633124169,0.28148948774174204,0.09287885768017366,8.089922402241065,0.01889034668597263,0.009056254964584986,0.5945050008729738,0.28261382775129323
KDC,2023-09-30,-0.3759652895075911,0.06909146922425641,0.02534188004303347,0.2273205041593717,0.9673865139625576,0.17847807960533946,0.6169710739666661,0.5315091317398181
KDH,2023-09-30,0.06924893646647033,0.39806356099796375,0.010271417721707256,3.0776979921014718,0.03780847387852928,0.027417232602361424,0.6545918468560004,0.6162204916159325
LGC,2023-09-30,0.0794273393436614,0.699524728200035,0.5576458268824429,0.673239409569527,-5.20812992931875,0.030812363447697985,0.3900792737887617,0.7069571811944351
MSN,2023-09-30,0.0710653179040518,0.11222393540941919,0.0559450332036205,0.36843607499845304,3.948981532875138,0.14295682790061778,0.26244244003848277,0.6412690200222123
MSR,2023-09-30,0.011552902494376073,0.03574654519339144,0.08894864886934305,0.4633816220267139,0.49232356980711117,0.09179405690278741,0.3648497612591974,0.638141664580158
MWG,2023-09-30,0.02828007087442346,0.020066115335515878,0.03323194505996865,0.16417731065082314,2.1891877038990977,0.5272039963999972,0.3967982414959552,0.6480911167832047
NKG,2023-09-30,-0.24577664050297723,0.02067714709185137,0.02204754005445889,0.15060027178509347,0.7198366317037217,0.35690782025848067,0.44523481823839833,0.6780643776590639
NLG,2023-09-30,-0.931843595988555,0.17488063007942248,0.04294755407419053,-1.4932784334246065,0.029320579480288916,0.01431875671712427,0.4742523602956593,0.38890913965194407
NT2,2023-09-30,-0.9488781412542093,-0.1331660050025473,0.17796070508765394,0.015829828593411286,1.2703869029632364,0.10871891542156178,0.5255218283841048,0.24908153990834794
NTP,2023-09-30,0.06971621286715075,0.14657421040793733,0.035886238396541696,-0.19913389152344596,1.3438378929653778,0.2568176092927338,0.6075370507451724,0.6394626334612604
PAN,2023-09-30,0.29230048524097746,0.09031845235601961,0.03814556011180088,0.39383061017571236,1.150226028431184,0.20091239709762038,0.41507932673080905,0.770802890913952
PDN,2023-09-30,-0.04297732312891408,0.3261993164270044,0.0,4896505877.0,-2.3978688887641812,0.22201008955745866,0.7051370827003879,0.28021152918343273
PDR,2023-09-30,-0.4041916373255898,0.6388058441318591,0.02405295671544374,3.913951478050124,0.04124606083462264,0.01725955316582275,0.41877031634717454,0.2812529990026369
PET,2023-09-30,-0.06394218993530525,0.02994229258609318,0.0063486876692498235,0.21593507106987264,4.447673698835221,0.4934950072250325,0.2403204009177582,0.5329835719191278
PGS,2023-09-30,0.03870569344332365,0.02636765596540856,0.011664392779722881,1.1612497103104455,-31.092658789051043,0.6021510512332298,0.43569067065341127,0.1605798303948729
PHR,2023-09-30,0.7067270500827482,0.354313337851626,0.08706228441406919,1.3028609007728276,-5.324793078525559,0.08085988697912416,0.6131879814314012,0.08817368756033789
PNJ,2023-09-30,0.035666697426878204,0.04926697662409604,0.002972016046429811,1.0387732004168349,0.8421056325268047,0.5319801438808528,0.7228557122620017,0.47384589958709555
PPC,2023-09-30,0.013303208856861082,0.04374168275312025,0.010380261145346743,0.06266230202136326,0.9270438382921273,0.26154324709484034,0.8823689690491049,0.0
PTB,2023-09-30,-0.20763189912710106,0.10153588555300173,0.055212682226719725,0.238511050870855,0.6490723377175373,0.2348957908514524,0.5394200480796165,0.6922965308748158
PVD,2023-09-30,0.010833727343566742,0.14243698706057964,0.16608421312948976,0.17037663959532567,1.2735547298890204,0.06993220231272308,0.6888517645512722,0.5276261229480319
PVS,2023-09-30,0.17437078646706344,0.040141788370406994,0.021972125609778934,2.3052208993346963,-3.4879255105161677,0.20445357263841832,0.469100333345192,0.09193391997578494
PVT,2023-09-30,0.16618250929049416,0.18000372579146265,0.1438545554624483,6.124256045646045,-15.82605669345396,0.1595681883207733,0.5113521631243865,0.6489699209778249
QCG,2023-09-30,0.37318507834939985,0.25450401368450243,0.3489507210887332,0.0006325755652972254,0.024047974013088134,0.00710332440562265,0.4495364571564143,0.11114836267213357
REE,2023-09-30,-0.10647215144069967,0.3748324002490532,0.2520241468574021,0.7358125022081488,0.6065246758613724,0.05818557243135801,0.5931551427020104,0.7710418784426262
SAM,2023-09-30,0.03957301209460615,0.05684824554429752,0.0,266344139.0,0.43555865702055957,0.08223131575432506,0.6877951911037273,0.481269043425235
SAS,2023-09-30,0.1425301703601155,0.20347631135699343,0.01823443642605013,0.2289568519096305,-9.082230051137532,0.32124111123728954,0.6258363875676248,0.0
SBT,2023-09-30,-0.034328141791466794,0.10257428074223313,0.025087287236576924,0.8199709737419438,0.763251800559182,0.22088963795700345,0.3500730383786222,0.593747889527462
SCR,2023-09-30,0.11200084144761246,0.40707266417864585,0.1097621215893544,0.051223762341127674,0.045423758562622506,0.021386258953090535,0.5023825106109421,0.5367682869112003
SHP,2023-09-30,0.6347607142250796,0.6025954673542742,0.38567688349846035,0.0029871225591925022,12.983945997322774,0.1527798316104475,0.7663791223545828,0.4087441912571713
SJS,2023-09-30,0.33125206734503504,0.33580999558379204,0.0,-1375845721.0,0.08481256530658078,0.02490757324203554,0.3835369136052124,0.3629635954947251
STG,2023-09-30,-0.15604323310839222,0.15160111891719114,0.08704665870734708,0.7069106367541278,3.6498777447086077,0.15192810440506707,0.7861459145089889,0.22567651729851854
SWC,2023-09-30,-0.23177961095230704,0.3845860259668688,0.1527000665547154,1.2175626003954045,14.908303974420235,0.1020918794681848,0.8723341012188649,0.3847267703420447
TBD,2023-09-30,-0.3332756750481467,0.07168356721723756,0.06450533393022154,0.8822366617293793,0.32497228813526907,0.1792694580573235,0.3714771934356561,0.6056756168258527
TCM,2023-09-30,0.25417490843478613,0.08146480712372495,0.037049334055973264,0.35802475729693334,0.9376459357960137,0.2890160272558165,0.6069075111455693,0.6262566281840797
TLG,2023-09-30,-0.3212543428734157,0.10169636710253888,0.02782215875945405,0.46036084328513216,0.7365133183660387,0.29682813333959507,0.774135650565623,0.334360406559031
TMP,2023-09-30,0.031132453186686424,0.5941691360290162,0.23059620957997004,0.7874383016715402,0.5287177656800695,0.10390030671074384,0.7749067333934353,0.7077131529048909
TMS,2023-09-30,0.24774751009146406,0.11825432816462199,0.037634847341557275,0.3180312854897975,3.4648996450969456,0.11540774398478497,0.705152679592446,0.7337994353107308
TRA,2023-09-30,0.12126769695622616,0.15156816248386532,0.04582975722535715,1.3668977064699557,1.5378372386385133,0.29659820408391746,0.7685096180689709,0.30842849289371305
TVN,2023-09-30,0.1411210072850102,-0.010201005001010703,0.010594659017870883,1.199008098622457,2.9852952593438906,0.34475211796985933,0.3996877307187118,0.5368267476358605
VC3,2023-09-30,0.46242707690706214,0.20163969177493204,-0.0020058673193723777,0.0,0.14834599166342252,0.0549005888810126,0.354135226264496,0.16917501372453972
VCF,2023-09-30,-0.0031293644221541766,0.2495482906849499,0.028937815961704232,0.02989502892988341,0.4244119761148586,0.22946677033365773,0.7899229726970571,0.395028024908908
VCG,2023-09-30,-0.6497651197307034,0.10284736183475712,0.026861185652539876,9.251639945341227,0.3044919282543476,0.08116507533900143,0.3338254567655551,0.5810397165373499
VCS,2023-09-30,-0.09584271770316471,0.2298012152106941,0.04178748725783361,0.16372070999533953,0.25585976462359605,0.16463505184381166,0.790844841494283,0.7946757665050002
VEF,2023-09-30,-0.08505604996031074,0.9667331229671259,0.0,-17844317803.0,-0.33664540400202125,0.016881564697947528,0.33493255852972154,0.09936370879152366
VGC,2023-09-30,-0.12531922560834782,0.18757920100529069,0.17806186860413148,1.3345364561856874,1.897461877336382,0.1481889320929633,0.4253339477044185,0.3345672563449062
VHC,2023-09-30,-0.0016347030991275035,0.09324430349131982,0.04031124689451836,1.8504218770949075,0.5562768270649247,0.22857991125450575,0.684447200826561,0.6839246893890484
VIC,2023-09-30,0.09201839951637389,0.17640729979624192,0.0999395007043871,3.2256758373237346,2.3390879267243325,0.09045912177835962,0.23496240717822647,0.40438671770031814
VNM,2023-09-30,0.03440347398894546,0.19527413771690624,0.03780593194467613,0.33284598804074406,-9.32456307356337,0.2939699276875184,0.6186037858320563,0.34138091307237556
VSC,2023-09-30,0.050940991993313214,0.21773066096311794,0.16873627091229973,-0.4419218393183379,2.676674553103954,0.11008113855650675,0.623199024028028,0.8074101163795019
VSH,2023-09-30,-0.5391527539167512,0.3470974596742266,0.5760994625266022,0.1491588203062903,0.5246044769835867,0.04021832568260743,0.5321571624209188,0.8476687398630462
AAA,2023-12-31,-0.2665103105121816,0.05676891708299486,0.034186231854884855,2.042836129771296,2.61990963295423,0.23900111961941306,0.5132465058424711,0.5314922570665493
ANV,2023-12-31,0.008919009528491506,0.032819718244763936,0.0,16893999119.0,0.44545652105767275,0.2193407930617173,0.5577727132637372,0.8533425284179637
ASM,2023-12-31,-0.01687277689623877,0.07104906659310688,0.03753474687724039,-0.4001634544334021,0.4070136527180193,0.14194581030888584,0.38634898086216196,0.8648720440269646
BMP,2023-12-31,0.43877644695728707,0.21456604114888647,0.03931257164812717,1.2760831490144113,16.256215001883373,0.45699814166328656,0.8263373932307759,0.09759904125740747
CEO,2023-12-31,0.5464437187926472,0.11988567337560138,0.05974043208838189,10.526059567317102,0.4136232554513625,0.048994070155100274,0.6617783417649011,0.2578951190525105
CHP,2023-12-31,0.9844816409644055,0.5872217786648846,0.0,1418776474.0,1.7595706711743748,0.12212616936274533,0.6535075413150088,0.7822184022912665
CII,2023-12-31,0.2666956550124128,0.43474910853947846,0.2742291323069893,1.1629406692941986,0.9072196805094512,0.03938001168660263,0.25618289348139206,0.7637415847978395
CMG,2023-12-31,0.16464937310556757,0.09250693277117616,0.04521151763872471,1.5260913922835588,-17.832037468880404,0.29552609773392197,0.44972030422582576,0.44156550039579057
CSV,2023-12-31,0.052566749757581445,0.15359477825865533,0.042408983616017096,0.0948592478120052,0.9335418586305398,0.2557875797405444,0.8341823078305791,0.3534714680044506
CTD,2023-12-31,0.3052647728439445,0.01938070314837335,0.004228205842296551,8.952582355578373,1.8408691102478685,0.2648455912799916,0.3883001031490108,0.08141342333636706
DBC,2023-12-31,-0.027842953565423243,0.029484930143323273,0.06284438604302701,0.6396073744024434,0.6998914096680988,0.20311729847733517,0.35861826895819254,0.70303239755516
DCL,2023-12-31,0.392845789214267,0.10797375382172109,0.02709286602238435,8.476068179097664,0.4070128342878904,0.1750549945563733,0.6370257780309351,0.7629867381211731
DCM,2023-12-31,0.1305968631520462,0.147293808039001,0.01895043336540052,1.5933854416356552,-3.817804033846026,0.24050502400298296,0.6540911992292217,0.16060632995649046
DDV,2023-12-31,0.012175642551515622,0.08331779567773712,0.050781319346085645,-0.18813973963051153,3.2107881258699145,0.4433174735240274,0.8837347437686299,0.0
DGC,2023-12-31,-0.03248386613220909,0.31225150163934084,0.055283678008025756,0.4521960236244619,-25.66008352227483,0.16669325832495968,0.7745489843418786,0.38023518410914814
DGW,2023-12-31,-0.10496471872519898,0.02870311536217794,0.002644381785999533,0.4627706403543401,1.7227822032126496,0.6557801766199544,0.35023289056189816,0.47743815267131
DHC,2023-12-31,0.032975184639670384,0.11345690298462352,0.0,441226245.0,0.7674905003389344,0.2832518408988829,0.6351323045476857,0.6597303783104957
DHG,2023-12-31,0.31812776902711287,0.18900333219314558,0.01795432481199065,4.892150996015995,0.9166617580718784,0.2617349175934592,0.7994213060446206,0.4698220253311039
DHT,2023-12-31,-0.012184566595211914,0.04828281514229161,0.013483445311783377,27.030524872061946,1.3188954200523644,0.2614284476770279,0.5805204326482759,0.6532111209749011
DIG,2023-12-31,0.715213754461314,0.18261204807136963,0.0,23497036886.0,0.08723573072488458,0.030043991587175474,0.4709475880790346,0.3482596500001851
DNP,2023-12-31,0.23677836113088924,0.05945672684345613,0.06813120297563677,0.09193363405144181,0.47656602496129774,0.15221056499278704,0.29315928750892095,0.6107771563140809
DPM,2023-12-31,0.09314279761986669,0.033265513288823,0.02986805645900016,0.2873881762195457,2.3875020816229804,0.26735362330831186,0.8675875712915849,0.0
DPR,2023-12-31,0.34157880439099697,0.24305890775662944,0.09381043334821469,1.1606397579651353,3.375290383453074,0.10802907864759104,0.7169983942428184,0.0
DVP,2023-12-31,0.09352184701951036,0.38057746044548546,0.0,757274910.0,-1.0385719834714149,0.11075161876642244,0.841254077572166,0.0
DXG,2023-12-31,0.17078333230015053,0.1662912756001037,0.015243946416680542,1.734114316440151,0.08680191528332501,0.050714166134558376,0.4928158307091746,0.36217179455768067
ELC,2023-12-31,0.512175891613467,0.08364856809640821,0.0059269120260224805,3.098998716908328,1.4515314895253804,0.3089457425598182,0.6322637506677562,0.06332574251686049
FPT,2023-12-31,0.06424346250640767,0.1729419974784977,0.053562053482459654,1.369768364391513,-4.360372379527664,0.253215198464654,0.4964478725075782,0.46238950372810006
GAS,2023-12-31,0.017095600521967503,0.1503069522120212,0.03923064407881146,1.0043649615237904,2.8550743783757846,0.26343581125520255,0.7441060402973804,0.26163731071349255
GEX,2023-12-31,0.06597518990397615,0.040880025348860434,0.09583147053771335,1.926872111596816,2.071564611428307,0.1493529452564845,0.3853687669398275,0.5905260400424348
GMD,2023-12-31,0.040510788442589145,0.2692789708296366,0.12713099807997552,0.31283946775588606,13.593365112555842,0.07984823443273935,0.7167677868293778,0.5119848119194854
HAG,2023-12-31,0.05803174589249197,0.06377875102580916,0.06330173920082023,0.2582232215029827,0.6239998839565016,0.10232545537345658,0.31242720784440575,0.5344072112616842
HDC,2023-12-31,0.1380601728700935,0.3533454481761717,0.03305170681834015,0.3617413012213393,0.19484931577355816,0.041321585371878224,0.40600851689721795,0.6108248440415595
HDG,2023-12-31,0.6247053111143519,0.5808373371338612,0.34991496797036337,0.3383566494015888,0.7089375754783641,0.06063863830504839,0.5007729995023863,0.7440978051325736
HGM,2023-12-31,-0.5970423023670552,0.28664444488552654,0.07103808508987727,0.8834067616526696,1.6676867193651903,0.12394537124524815,0.8271378486158141,0.0
HHS,2023-12-31,-0.7988447240918748,1.0740626655010144,-0.3725357997556176,1.3615894918858906,0.6684522003359489,0.033425077882144404,0.9631246406181398,0.0
HHV,2023-12-31,0.24856959542272672,0.2646869810760572,0.12240871934428289,0.1534093662562474,-0.827548195192375,0.023581694027274357,0.2373929772595964,0.7232655776660974
HNG,2023-12-31,0.15562038036742099,-2.647017688121945,0.17656537286376786,1.8775107909253563,-0.2556324881513878,0.013894714118110977,0.16302646293931336,0.695537746770315
HPG,2023-12-31,0.17956163759531718,0.11586318941533633,0.05571098660262852,4.14848061231979,1.1131238509176877,0.18823807193234193,0.5476355455591688,0.7696757197227894
HSG,2023-12-31,0.1041873344530985,0.015391961014202784,0.02953686246994062,-0.041103641778172204,1.1384092599849418,0.4856912537952255,0.5782705194250616,0.5908834376739734
HT1,2023-12-31,0.1213001968518007,0.04333477022302872,0.08118232483175268,0.4808411135923839,-2.1050907037432722,0.20689645217384292,0.5603774898178666,0.41627611796607467
HUT,2023-12-31,1.1294226460288221,0.015511864426219511,0.028114935656041493,0.7389343837272869,2.405059538342716,0.3010008016611232,0.41830875209755664,0.5272863447720334
IJC,2023-12-31,0.11628722351228941,0.49456663020060576,0.11798943776305444,1.5863590415734437,0.11085260191142417,0.03854425253186857,0.5979110180427893,0.3854665631303397
IMP,2023-12-31,0.2554417227891409,0.15084606413895565,0.05074187100527738,0.4856968558530691,0.8173838543340495,0.2559885145388375,0.8712554283469001,0.1604416198212519
KBC,2023-12-31,1.1567151483601394,0.34680403333586773,0.08406852242299367,0.20308200278911745,0.05945515988679991,0.029075581304698162,0.6042465375718648,0.27667477492116976
KDC,2023-12-31,-0.13692331265627794,-0.2626155084852113,0.027565434940641658,0.9725649342056575,0.745209778837852,0.1649336636528882,0.5693951679461859,0.6213081932661979
KDH,2023-12-31,-0.21427714889604849,0.22355469568336062,0.007909945913714628,16.80524615411037,0.03030957650126577,0.019615633700724146,0.5877888078233179,0.5827334030707301
LGC,2023-12-31,0.8945436114851693,0.6705570066953701,0.4830693137503385,1.533816419040202,-0.8770089517396363,0.0409440563798773,0.22621092009335622,0.7409712125951577
MSN,2023-12-31,0.03652736058330321,0.12165341727553493,0.05620740573098293,0.4336993501713945,4.8318310426095294,0.1459503817361556,0.2594404954715682,0.6374209201965022
MSR,2023-12-31,-0.06948952831475196,-0.13515866328159917,0.09325748775600909,0.4747143494673858,0.5333641415616421,0.08583017878127276,0.33747081356524744,0.6227286906841544
MWG,2023-12-31,0.0353989988768245,0.017106745203973376,0.022291708842211058,-0.1458112561080187,2.0006257810856374,0.5329057149916496,0.3886272244362979,0.6833997170608594
NKG,2023-12-31,0.036642200446785435,0.01995589022007183,0.02152611903045083,0.035212293479556976,0.7105787636057102,0.36804420606786376,0.44323472380480505,0.6998757239024861
NLG,2023-12-31,1.503980755831377,0.36738359690185923,0.01187045112466747,0.9420555329514435,0.1253491068559343,0.06238226317268063,0.4729806673545358,0.40517611809817
NT2,2023-12-31,0.37043086654998103,0.21724182301836917,0.1778305908701671,-0.0,-5.53298796588928,0.14567453240508202,0.5145245794170933,0.2917944820809805
NTP,2023-12-31,0.025468672448841743,0.15467608219262044,0.03310355384919101,0.8512064735931771,0.9534584070814308,0.25007490425848555,0.571263505358485,0.7282270169065758
PAN,2023-12-31,0.117297787659707,0.1238491725617848,0.03012671854189298,0.7037909740566394,1.4666023116740308,0.21601848126880488,0.4126058235856148,0.756441320188331
PDN,2023-12-31,0.12582198967908353,0.31062282385596357,0.0,2254476695.0,-7.187731673909024,0.25343824071193355,0.7362776230828334,0.3788618591539313
PDR,2023-12-31,0.4542289795454766,0.7692201851423885,0.023838584651450622,23.115863117635698,0.04439829691504153,0.026565011461980075,0.454644575926735,0.2702369616708294
PET,2023-12-31,0.053564489664645255,0.007445011193257838,0.002442568125857026,0.45363316296605033,2.514227708231653,0.4529274962755419,0.2107999729791909,0.5685696545131256
PGS,2023-12-31,0.09353852933355938,0.02591799167665694,0.011044325423605686,1.809976128139631,-7.410092096738334,0.5542676730082308,0.36892660765110064,0.33961724745494887
PHR,2023-12-31,0.19267588720701911,0.32262036046462933,0.1068076647186997,0.019827175616823584,42.07218336821347,0.09626782781048235,0.6193904455018526,0.13585000858165025
PNJ,2023-12-31,0.34292655204097705,0.0837220749664834,0.002274170537445778,1.1823584380191936,1.0844278038307824,0.6781787928598393,0.6795983614973955,0.5157027115209627
PPC,2023-12-31,0.272975928849279,0.07581246688452928,0.008325370670210507,0.4678123497315746,1.353908927159094,0.34086581277968575,0.7614227063593215,0.0
PTB,2023-12-31,0.2614778268584377,0.062305371927127484,0.04201617331793839,0.5304876059769754,0.9041940036555346,0.2944783400749664,0.5297863230290841,0.6689043905614989
PVD,2023-12-31,0.1729435416727288,0.15814411989059401,0.14293893737048222,0.24861007629698756,2.243045395085954,0.08255652601371488,0.687953023956772,0.49453975721932036
PVS,2023-12-31,0.19583261191025358,0.0486578580067956,0.021483916542438468,2.721756369406337,-3.904403386958235,0.2690559262790522,0.5069337497137506,0.13366713509921574
PVT,2023-12-31,0.06224629372976285,0.16128241549073302,0.17999750947473744,2.4947508674302075,-46.51528292187098,0.1649452950392131,0.5167908340243672,0.702407773522168
QCG,2023-12-31,0.8264608881363366,0.180129225984201,0.1378069338611152,0.17591428473086063,0.05494190182137123,0.016332607226416655,0.4537346195844012,0.11114530287432246
REE,2023-12-31,0.059982728277456696,0.420020770569215,0.25208182374733196,1.235041700673227,0.8022425829730039,0.061213984341092514,0.5949622423366433,0.7597467302771649
SAM,2023-12-31,0.3369217200196524,0.04301155510944765,0.0,-175596980.0,0.7394484717172523,0.11698631048555322,0.6991323667146706,0.5842954353545085
SAS,2023-12-31,0.019527051011717558,0.06346035579002318,0.014424965273113498,0.25306064518783045,-6.335050929089651,0.34285815126119973,0.6632481404116498,0.0
SBT,2023-12-31,0.09294989611354293,0.09003101442620527,0.019721915076166413,1.8293029246039894,0.7805469956347508,0.21846284002720817,0.32615924675368196,0.6088255513460982
SCR,2023-12-31,-0.17332625131980434,0.3765246472325848,0.1233905099531297,0.02704488502312971,0.034269380045018574,0.017095929995508827,0.4820651303884166,0.5437103270845041
SHP,2023-12-31,-0.2858666749389163,0.48272998580855114,0.39433230622066945,0.02712030172021635,1.072753275064936,0.12365056466663145,0.8774325890151176,0.6280850640952028
SJS,2023-12-31,0.15217525405551452,0.5282603921068341,0.0,3670689056.0,0.07437899169838422,0.0270860787469444,0.3690722712596674,0.30864133175504005
STG,2023-12-31,0.24697104488834287,0.13884593104502663,0.06772042273775904,0.3103418360394252,6.810754792905649,0.19070137763691414,0.7850291390982284,0.19807790127542266
SWC,2023-12-31,0.3773782571204674,0.3409404202033612,0.0989140903655558,0.48243074053075113,61.50545966294994,0.14091988841393072,0.8645156243869428,0.3280168833249823
TBD,2023-12-31,1.2449838819650636,0.061676339702308916,-0.0017858349642852,-18.22787308157506,1.1259742461588156,0.6003202470227429,0.37677486392167947,0.5689181567829799
TCM,2023-12-31,-0.13049653724151764,0.05087657087096916,0.04065280441588814,0.09709472809455924,0.986599585038568,0.25333969287089564,0.6129653238425337,0.5361446448461354
TLG,2023-12-31,-0.11366135477287741,0.05945301359614489,0.036176505086164955,0.6598460400786854,0.7235595484223545,0.25106331568275675,0.7456003989829938,0.3969960310920695
TMP,2023-12-31,-0.005416840523961481,0.484358657870468,0.18352114254805854,0.5621296362660033,0.9536811725542405,0.11508263357868635,0.6052442858694003,0.4357261805506306
TMS,2023-12-31,0.2914015148314227,0.19678056812470238,-0.5007498364599332,-4.679964031606212,3.1829356254199923,0.12382125187614457,0.6312964191313011,0.795061408538655
TRA,2023-12-31,-0.015271430178653669,0.12864882740421602,0.04766729062832401,0.785871434177064,2.0974311489296804,0.2863637549959233,0.7281208011592826,0.3027069472565755
TVN,2023-12-31,0.03105707515814768,0.009207240588423898,0.009902849614096173,1.4470025589108064,3.2633633240587034,0.35739701242615185,0.392845462326013,0.5530379302670955
VC3,2023-12-31,0.7759920939727043,0.2586548188873814,0.008686177271361267,-0.0,0.3366315230800647,0.1253501373602708,0.39758461160887393,0.20538762241757363
VCF,2023-12-31,0.3840832643368062,0.21582088226762083,0.018296710785709474,0.047202094028955845,1.0303984714428966,0.3160495234944993,0.7947560019629146,0.30394319227829947
VCG,2023-12-31,0.4705602805929696,0.07967676414350973,0.03047225737234453,-4.879318365305745,0.6563702323179281,0.12921962109356822,0.33717336848706353,0.5527496541551177
VCS,2023-12-31,0.10532553195193939,0.25053666625737236,0.03829329169699869,0.05328500500159397,0.3192160275769398,0.18204929462572775,0.7708142612481419,0.7449836261165841
VEF,2023-12-31,-0.19050619451850656,0.9153104836565582,0.0,939771783332.0,-0.07220113734415741,0.012686169115215314,0.3138011686609207,0.05128624409121675
VGC,2023-12-31,-0.13027559002390696,0.032041086324752784,0.2415428693939956,1.6998940627416674,2.566587690594399,0.1274238250293954,0.3952102100192011,0.35229976452114703
VHC,2023-12-31,-0.12802311242087613,0.04721154289619515,0.0458764678315428,0.7746867388794288,0.55458404320665,0.2106566921046208,0.7256546808038001,0.6975464385106995
VIC,2023-12-31,-0.18040380378762108,0.1415390891200608,0.11925218533342964,3.3533424989094467,1.3304779243316474,0.07053855539910943,0.22105406502979055,0.4089618012940783
VNM,2023-12-31,0.007990136937673371,0.1810058685827073,0.03882027699518406,0.9484749606535695,4.107345779986036,0.3092340748120793,0.664961118512961,0.47917111371023335
VSC,2023-12-31,0.11165420593528884,0.22009543975269735,0.038020833913345264,2.317069952033344,2.426512261951022,0.12272191808032729,0.6356481525248074,0.8281519483192935
VSH,2023-12-31,0.514362982585782,0.5211843856148476,0.4879711001665977,0.10350443696082169,2.166869217383662,0.06727461203077768,0.48198562433212483,0.7571562611829228
AAA,2024-03-31,0.08877765737541006,0.06737223895166237,0.03250636686740289,2.5372674211519946,1.332312482303977,0.25780031149126054,0.5188495751820601,0.48233332483659525
ANV,2024-03-31,-0.09000602756047067,0.05159029674023794,0.0,6679225490.0,0.3997456756593414,0.20236602746780588,0.5658871062580803,0.876878962013097
ASM,2024-03-31,-0.11001671524323767,0.09004189122935524,0.06502298192258991,0.27152207315411203,0.3436992747949795,0.12728796275350301,0.38967393400517525,0.8634775378156486
BMP,2024-03-31,-0.37469726562494216,0.2321564192300515,0.0377214039821739,0.33740716057556447,13.847632258591954,0.29201703521092376,0.8222509157278414,0.08862723560933722
CEO,2024-03-31,-0.3670193901377859,0.20819926980646566,0.09433490927750474,2.4586831261190696,0.23176159742975347,0.035299527006808,0.6929319268091944,0.20657761504670621
CHP,2024-03-31,-0.9505338426455264,0.3457490183724147,0.0,-0.0,1.3146951305023813,0.050295167621169964,0.7054528632169195,0.9168561782851963
CII,2024-03-31,0.07445215051536123,0.5144960095009923,0.45957512625778096,0.5622640289242514,0.4851908087315509,0.03895515697478497,0.2631597428449875,0.7542392755189039
CMG,2024-03-31,-0.235920801046067,0.05779680202899305,0.06622222253933911,0.36997726070429415,-5.233247146958441,0.24790244218063556,0.4879280358779806,0.44632768908050735
CSV,2024-03-31,-0.20692526689331164,0.1755149019963372,0.038586884439838376,-0.0,0.7139926592705375,0.21393852682381473,0.8877695674033861,0.2443239893456709
CTD,2024-03-31,-0.18282487256680455,0.03281976934542386,-0.007582722457948813,-2.958480494499579,1.0994575039765675,0.2281701449877785,0.40700024453282013,0.12095809946970984
DBC,2024-03-31,0.21038547474870367,0.043819199202842045,0.04965736062377444,0.75626505695808,0.8679663913708432,0.26069328508600587,0.3787492483578772,0.7149351778890172
DCL,2024-03-31,-0.3278106155563006,0.12186985756385799,0.03803244653322253,7.905755647377865,0.26929462068949245,0.11899435232093852,0.6132121976001162,0.7587317747621882
DCM,2024-03-31,-0.24248707774669173,0.13522848014885544,0.022981953686103507,1.1194583160814031,-16.92589542911896,0.18313688253284036,0.6536563129860095,0.2585974315715517
DDV,2024-03-31,-0.08221186553830863,0.04166077677908947,0.05206977887845507,0.28272346901294054,3.374803427657751,0.3890453506479707,0.8559368302046921,0.0
DGC,2024-03-31,-0.011567266981032033,0.30390714893843507,0.0598809828930168,0.22016961194586132,2.882258463095966,0.1765490670547781,0.8652284397045635,0.4724238237487535
DGW,2024-03-31,0.018179658679753144,0.027341302503551282,0.002610995202770082,0.005006812311238502,1.3656546359077135,0.7257297070268207,0.39397944567544835,0.5709135913936679
DHC,2024-03-31,-0.012165888385222975,0.08420849764321303,0.0,15983570302.0,0.7967119222192346,0.2755053343688423,0.644188466294424,0.5847946008025068
DHG,2024-03-31,-0.20154656226456055,0.19645421195719476,0.022439976461528618,0.5889903951740834,0.8627674643017605,0.2094839229722878,0.8184023190508217,0.4837094435909563
DHT,2024-03-31,0.06765036997774512,0.04565647641719166,0.009363179644200241,22.459284869356118,1.7789554915850723,0.2728081281350668,0.5516795741012368,0.6025296542822051
DIG,2024-03-31,-3.5739374460956137,-7.636526112113899,0.0,5021984773.0,0.002249693018080067,0.0008009818875244844,0.4374920654926413,0.4241469749472632
DNP,2024-03-31,-0.26511782015480284,0.0956254363918406,0.09798295475555246,0.5498775425477428,0.3338936359336867,0.10357858081692084,0.308724507426543,0.6434684687716075
DPM,2024-03-31,-0.0651344645535229,0.09706665833845551,0.032473296952956913,0.10618980926949034,2.3269699680037093,0.238691955388253,0.8443665497125167,0.026115063213707525
DPR,2024-03-31,-0.7563789447329214,0.39388334286790716,0.21520165375547984,0.2831349918262588,0.9608590556986824,0.05035057012459275,0.7269346812819505,0.0
DVP,2024-03-31,-0.14298982350438164,0.4857714726972262,0.0,-0.0,-11.00140040506608,0.10179210264119413,0.932744021921502,0.0
DXG,2024-03-31,-0.3050523803579051,0.2303210579226064,0.025218085149026678,0.030239000953314908,0.06347747265664083,0.036305742123390626,0.522234544526094,0.36763864808291097
ELC,2024-03-31,-1.5668645798601397,0.07230659185012635,0.02550154797851928,0.4050701914384968,0.2490830254991659,0.07561119829254943,0.7458173805069945,0.055871422547515606
FPT,2024-03-31,-0.045570026995711964,0.18303882117868073,0.05177843019599981,1.0318326921090115,249.7589762633441,0.2353063072186212,0.5115236099291632,0.5449023517521802
GAS,2024-03-31,0.0282332890263036,0.13789143297840417,0.03429411555979912,0.06576383288577531,2.6689105344385964,0.2591055527735674,0.739848300141858,0.2400461573791171
GEX,2024-03-31,-0.18269307700002177,0.10033658504890675,0.16249746957103234,0.8065147384389992,1.2239946339493981,0.12714513479101439,0.3977161783948466,0.6176365686506194
GMD,2024-03-31,0.23212987331910226,0.5453681714121233,0.16731549006741733,0.9245919111337011,4.805075272485073,0.09512073336226438,0.7247040446395996,0.5275047254589709
HAG,2024-03-31,-0.5123627905029599,0.2986726548321132,0.08967892000997593,1.4709631327427568,0.40172691868808835,0.062337597088850005,0.33219379519340275,0.5528969342067188
HDC,2024-03-31,-0.6920190665495008,0.09150260024100841,0.04523664648160251,-0.0,0.08376171094505548,0.02044556131273111,0.4016428458479519,0.6124334431804315
HDG,2024-03-31,-0.027928399340928833,0.47996252208957907,0.2890355730382868,0.047468197253818824,0.8490438041265874,0.06040357789015291,0.5254702064334366,0.7852354139802131
HGM,2024-03-31,0.6514911711684003,0.4125844908269144,0.029594317938958864,1.7791695982116944,9.996542890636052,0.2750315667437613,0.797548685196674,0.0
HHS,2024-03-31,0.053422740451931724,0.9191067027566415,0.31735196089949197,1.805707104557392,1.0673234864733132,0.034052327309411705,0.9612114542701338,0.0
HHV,2024-03-31,-0.21824845491908834,0.48650018458288546,0.25431396161041864,0.8346834191098422,-0.5893984244947886,0.01851243994326534,0.260917666948946,0.7221202545523517
HNG,2024-03-31,-0.5051096125061142,0.1366974202385463,1.3009587953890724,1.9475379464578746,0.4346221371459095,0.008323845369701486,0.1745802074833967,0.748521948972603
HPG,2024-03-31,-0.0959857693285706,0.12134873446777722,0.061023002778306405,7.932387376666554,0.7746218205224,0.1590207713679749,0.5230487402727866,0.8048374474165382
HSG,2024-03-31,0.029407435036289047,0.036503852803531564,0.0277312457072951,0.2284002286830917,0.8339981118266309,0.42785076313080206,0.5078164178556466,0.5698891438041713
HT1,2024-03-31,-0.16985940225502372,-0.0021443926636731643,0.09051166324149447,0.10889771174013137,-2.826038278857572,0.1804549933857659,0.5763866384271992,0.45053979077052625
HUT,2024-03-31,-0.42941594755308543,0.032330072939235024,0.028319204443390922,0.6024665545766011,1.500626312138109,0.19959091380293692,0.4296827276556566,0.5690403397083901
IJC,2024-03-31,-0.3825230217708849,0.3520159375363336,0.15410682673493314,0.19572598256716198,0.08220474347889535,0.02397987619471236,0.64025341677448,0.42500670928030393
IMP,2024-03-31,-0.215871145043255,0.15837845532911418,0.0639197038096514,0.30800802155201956,0.5689154431997308,0.19955229632558324,0.8678522152730991,0.36279831938958224
KBC,2024-03-31,-1.4820895834990755,0.07460758941188392,0.19535174612677278,1.9233832620194895,0.013318267739703868,0.005611407819730477,0.5120861807104687,0.20857932780796812
KDC,2024-03-31,-0.09913942569909541,0.038817677448966394,0.038501298653013154,0.1234127425571529,0.625075355106038,0.16470340406863299,0.6325911972291283,0.6569093921054645
KDH,2024-03-31,-0.3772155425926807,0.28606700760448134,0.009823804107419482,1.896643547570471,0.01805797961711694,0.013046882878978122,0.5722291928737376,0.6586518596723187
LGC,2024-03-31,-0.3062102584424756,0.5971185341160026,0.6547038553490891,1.1592488742798528,-11.102515823446502,0.030076486643722252,0.23256237203111219,0.7488640493999381
MSN,2024-03-31,-0.10083275535423465,0.1159822868393977,0.060712777528952586,0.3293969541120925,2.564131905617606,0.1327268645861882,0.2650344827440295,0.6467983002597371
MSR,2024-03-31,-0.09159748290376969,-0.12272969565290912,0.0951820645531188,0.3596601895539198,0.4961916237924144,0.07972566255965312,0.3274494145803235,0.6228468005364105
MWG,2024-03-31,0.0020145892617635048,0.04589866552902019,0.023486437344184367,0.016698574528640653,2.6378548817163168,0.5051092908951812,0.40970589561454696,0.6307892633478176
NKG,2024-03-31,0.17363634009289206,0.04412187872346606,0.018426899066347112,0.690163527353221,0.7259029674685858,0.41230645499390145,0.42894585147411907,0.7346632323227584
NLG,2024-03-31,-1.994803704642371,0.0075096272688865906,0.05365813325313724,0.023273885974629968,0.016781837263609125,0.008421740660459712,0.46428266475133134,0.4024837020556887
NT2,2024-03-31,-1.2546971370595206,-0.43487802655151986,0.340104371528639,0.004926411097524126,-0.28202920259108927,0.04285999293595766,0.48428979662249555,0.16207806139367723
NTP,2024-03-31,-0.3461116861110535,0.14877706291981505,0.049350448411318,0.31396306433566745,0.6622913878518027,0.18594116027923321,0.6214287450194602,0.7178993541362375
PAN,2024-03-31,-0.19638246896682457,0.07893057956058747,0.04241055736370848,0.1485874149119594,1.0873157379845815,0.18050242160762692,0.4274018640771751,0.7963173726090915
PDN,2024-03-31,-0.08622915782538919,0.3359737893563852,0.0,8445397780.0,-10.122385002491432,0.22368643968055218,0.7682720595736172,0.292257586915616
PDR,2024-03-31,-1.0437158174685408,0.7194391112303079,0.0652607592314043,8.208232644766529,0.022044359269047718,0.009198127775488212,0.4494510584109352,0.3002327678856877
PET,2024-03-31,-0.058717428849994924,0.019281595466626354,0.005585179516318098,0.07174080286976266,1.6587196890049465,0.41332912256435334,0.2097534172271822,0.6225133710079924
PGS,2024-03-31,-0.02507567793280067,0.025503747356776595,0.011028995927938726,0.29200356472704503,-9.000941354938309,0.5885688061331046,0.3830192174337531,0.19152713385614106
PHR,2024-03-31,-0.5182082972382982,0.2669091419729229,0.135867215987205,0.18397975550654844,1.7154636033657842,0.058974955897195876,0.6510902819419119,0.15494289890671545
PNJ,2024-03-31,0.2535267908763611,0.07535152483099292,0.0017419799316794854,0.22419481888766593,1.6479641271377787,0.9723217551294572,0.8076521936663984,0.14572004846640074
PPC,2024-03-31,0.04549353273359518,0.07627778057305538,0.0077489350630486524,-0.0,1.1184415210535716,0.3030207735750003,0.661565484184469,0.08393048227470737
PTB,2024-03-31,-0.07256679358267878,0.09066553689486376,0.04590899398820777,0.29218362449297,0.869694608235287,0.2822596514049534,0.5370844844027375,0.6681534123787924
PVD,2024-03-31,-0.0019052206519883713,0.15967993870504707,0.13258889422582473,0.09151585652088234,1.2033453610403309,0.07923254198235664,0.6798354135892262,0.48448100080623263
PVS,2024-03-31,-0.6082300333337677,0.09925148837059562,0.040880410844505284,1.3620425312845708,-3.1926464663544007,0.1518154652354998,0.54717623019389,0.1301983877422477
PVT,2024-03-31,-0.097965143932454,0.1887982556974985,0.195603740758688,0.934841993916967,-17.492970461918343,0.14839909890756633,0.5312578487685644,0.6910687077810477
QCG,2024-03-31,-1.1874289551095103,0.20730348475429342,0.5037442303745381,0.034215482587499874,0.015849004231280737,0.0050176594215954285,0.4576073112052161,0.11050570119885227
REE,2024-03-31,-0.11126948546772797,0.4134539550864832,0.2791173887625405,0.8525413750097437,0.7565724553379045,0.05440885310479439,0.593451826793851,0.748755121216809
SAM,2024-03-31,-0.1431091286382581,0.07371503542250811,0.0,249521407.0,0.45351054646667777,0.10133253830051638,0.702167696156228,0.614320305903832
SAS,2024-03-31,-0.11604278163801517,0.08202727581759812,0.016447367860737593,1.5372211901469088,-9.717444493908271,0.3165777474317079,0.7055279641713268,0.0
SBT,2024-03-31,-0.13794638900734524,0.09505878936270973,0.021627989275646242,0.49411253749320583,0.6334674557031872,0.18995981794016312,0.33109095723117815,0.6604012405825046
SCR,2024-03-31,-0.2869223838194291,0.6287105576705697,0.27182402086690277,0.023378156363910982,0.024745626415183745,0.012799367986633819,0.48073924230697523,0.56292741132792
SHP,2024-03-31,-1.2062698518948183,-0.06980781774042129,0.5924852037588144,-0.0,1.7522761229910255,0.04073351650459887,0.8891776288575117,0.6681662866851616
SJS,2024-03-31,-0.532806322408283,0.5041800278865755,0.0,-6484000.0,0.04346185671482486,0.015676521790469595,0.3649736658119122,0.30237117151333864
STG,2024-03-31,-0.1443657072953922,0.12256789448919947,0.0775957921929001,0.4705359149142856,4.47518648715445,0.16594676762703206,0.7929158863508019,0.1918763536407287
SWC,2024-03-31,-0.16301954258183288,0.27083310009434164,0.10837628829148414,-0.08089141809341102,5.664532483206476,0.11578270676213263,0.8626663436150734,0.3032687114206763
TBD,2024-03-31,-1.204805062134528,0.0818961780983802,0.03294848290536079,3.9504463992007626,0.3740889338469904,0.20785296635848352,0.45060990497958614,0.6641686587430589
TCM,2024-03-31,0.14321477078731856,0.0888841971801955,0.03436273275340491,0.14426636466383022,1.1532464568302871,0.29639386275193336,0.6408073565363822,0.5387511381248151
TLG,2024-03-31,0.1520203004155014,0.13988699850007966,0.034464020102205534,0.7442645122881777,0.6757040930707019,0.28530152517688306,0.7574171708693362,0.46011173854009557
TMP,2024-03-31,-0.750753499428469,0.4463715194542303,0.37232109573400884,0.019935696221397074,0.3504446375056166,0.0641441076117506,0.7409334167801234,0.7565280807595819
TMS,2024-03-31,-0.2798229183096561,0.11309060682480422,0.08180299113291076,1.8086441347703948,2.2668783983242125,0.0907944948816215,0.6128205901869433,0.7646063051479609
TRA,2024-03-31,-0.049752279025294846,0.13813159892331603,0.047750895648705924,0.7540361965197928,1.2424248132281226,0.28180674163124064,0.7396114483772985,0.24722549425037474
TVN,2024-03-31,-0.08734904200414599,0.01688627145642537,0.009231201950316995,0.28207069121170947,2.1757001815958126,0.3005633977216274,0.3668254806648186,0.534992895629916
VC3,2024-03-31,-1.6206091904954405,0.1463079858292942,0.016118564871506133,-0.0,0.06786304905197184,0.02502010676961685,0.40353415083089667,0.06708783327977846
VCF,2024-03-31,-0.4967188874838382,0.22039490373019874,0.029754369843297258,0.045489557642951074,0.4445105874108635,0.19957560428226134,0.8593536131694212,0.19243731466302064
VCG,2024-03-31,-0.3584696940834122,0.2575996792512277,0.04254378120184204,0.7275369520934073,0.4028524833961315,0.09379421120001719,0.3689745971292029,0.5139275185600899
VCS,2024-03-31,-0.07482005728293936,0.23246011867946295,0.039405272753290886,1.0972058466749977,0.3043521472910144,0.17007107824299184,0.8018240150960024,0.7880579646519452
VEF,2024-03-31,0.007188195748583124,0.9144187115383018,0.0,43805474425.0,-0.1602682779950119,0.011542617965550657,0.2918973407710625,0.018218625800293285
VGC,2024-03-31,-0.1393975670445364,0.15548972998705202,0.1937389144067449,1.6908036741807275,1.246272405540438,0.11455996277494594,0.4183348960600205,0.3764883280331647
VHC,2024-03-31,0.17968369469008974,0.0787982695270427,0.03895163451194619,1.7105193919500759,0.6419999442868846,0.24613903247608782,0.6888798569823105,0.7476596914410771
VIC,2024-03-31,-0.12329653423578033,0.17539570570719012,0.14897603946611038,3.2662208461070503,0.9422554532251346,0.06016981140566664,0.22732618975821176,0.42245072976646164
VNM,2024-03-31,-0.1137707492666814,0.19208066318752703,0.042966652275826626,0.7048607264843451,3.396463736761044,0.28142688618729467,0.6943834178155655,0.4325680662338894
VSC,2024-03-31,-0.06897190525276899,0.24835174792685233,0.08565204892737384,0.09333892930432967,2.1695966939411955,0.11137504804467692,0.6255632144674919,0.8349015542949608
VSH,2024-03-31,-0.6042940343858895,0.2311685627137717,0.5462065256180111,0.06602347023976286,1.4587805029187018,0.03788708458894577,0.49691593877620993,0.7920494167082949
AAA,2024-06-30,-0.04335396394360563,0.07556930151217747,0.03241913045457533,1.6433881815996445,1.8632378369695712,0.23516638236812962,0.5023096521998536,0.5007836544364345
ANV,2024-06-30,0.16536739998743255,0.019637338574490282,0.0,32987584266.0,0.5247930629959592,0.24606218112885042,0.5794165284467634,0.8261762198432904
ASM,2024-06-30,0.28453596180278296,0.0867800813723138,0.020865576058724106,0.7768791325387014,0.41951524842694893,0.1664103119206007,0.3888218782657376,0.8926297797546863
BMP,2024-06-30,0.13613668774918744,0.29903818494640827,0.03602997824139445,1.4522830492005345,3.31317976281271,0.3798216710209814,0.8592677836751389,0.12667441115980393
CEO,2024-06-30,0.23969796005892707,0.12192236486835223,0.07897953568346724,9.597249331007422,0.31450135285071595,0.04505682403543855,0.6966694898109946,0.20564424287446653
CHP,2024-06-30,0.06719710348130828,0.3795599948440876,0.0,2351435618.0,1.3328403590747089,0.054027135361850984,0.7194224314749595,0.8997471389662821
CII,2024-06-30,-0.3998692047150201,0.44224143295459223,0.43125132616610906,0.48079139424197676,0.31427452578760734,0.026511810864545904,0.26166207826201704,0.7443166079850073
CMG,2024-06-30,0.06938101850873109,0.07178698700729061,0.05741806940983384,1.4371781440685334,-8.811302706487558,0.24934985365821985,0.4710874477814951,0.4219307289119694
CSV,2024-06-30,0.3082075100525813,0.1989321276940767,0.02871849326566278,0.4817570922359442,0.9067674864677301,0.26927609896788013,0.8572011304755056,0.2871230357923783
CTD,2024-06-30,0.33465245783395386,0.014959470768220651,0.0046306687346752366,1.5930111057577265,1.8168493945663602,0.29186607188550256,0.37567676026423463,0.10788384890868967
DBC,2024-06-30,-0.019935598966707727,0.0737524060759871,0.05497696188883878,1.0831051186008736,0.6753342159933309,0.23992937431145173,0.3665897022878268,0.78978979860454
DCL,2024-06-30,0.015486839713605895,0.07106504510551662,0.03533189172487872,3.0505993091453836,0.28265572960234986,0.1207753256287077,0.6136635392401151,0.7523286178359864
DCM,2024-06-30,0.3603034320315412,0.15083496229724852,0.018376767536448683,1.275649236824429,-4.99368333279183,0.245543966837995,0.5818159339462994,0.21112277695702525
DDV,2024-06-30,0.19367416218738767,0.08434546273310285,0.04536305600333956,0.33243542011580396,7.172036356586225,0.4372268806604151,0.7790026827939771,0.07388845620696478
DGC,2024-06-30,0.04539551107911169,0.36363426655166226,0.05345644517960997,3.000259625363412,3.176093635917932,0.17309841229603073,0.8686263975304367,0.4036115345053707
DGW,2024-06-30,0.008272226266278965,0.02735508374280567,0.002670166315567253,1.7382639230934473,1.253337638973553,0.6867173130373813,0.38180867008852615,0.5828369675204184
DHC,2024-06-30,0.22666825697019816,0.07315194672622517,0.0,13437830651.0,0.9454214841527683,0.33104867971105356,0.6086123772835399,0.6177929953573997
DHG,2024-06-30,-0.1294465555425822,0.18984240347444034,0.030474616176303496,0.6988077214401559,1.1704622665898061,0.18542827670998946,0.6910504587937953,0.42642539160108167
DHT,2024-06-30,-0.025620560400302878,0.05116003966183321,0.00997257641525514,-7.25014280177893,1.749054521151648,0.28388257204377965,0.5982596005342259,0.5304936253836882
DIG,2024-06-30,3.849755665722319,0.2303773578378165,0.0,-202385628.0,0.08660007794490952,0.03621404207070774,0.42733833352845557,0.409099298289621
DNP,2024-06-30,0.2458710396910056,0.09526444761406176,0.09017820684067647,0.5108625180072073,0.5311810621239544,0.1336659962581112,0.31325173869411527,0.6247348822585843
DPM,2024-06-30,0.18179409076449754,0.06475992846666667,0.026204109861547323,2.3605437045942623,4.84078406771515,0.25432838905107297,0.7613400889106507,0.44769241638121693
DPR,2024-06-30,0.3627317166765082,0.29395264473925803,0.13459059361771633,0.6100243920247151,1.6386023264774783,0.07117830051505412,0.7340168585902083,0.0
DVP,2024-06-30,0.3612076527061968,0.4722147947865739,0.0,14541960351.0,-0.8570618501681461,0.1366867689120732,0.788756827094273,0.0
DXG,2024-06-30,0.11725533229058793,0.210426555362376,0.017074248252056348,0.6497795129122131,0.06922589243874212,0.041798587584487096,0.5374688664552805,0.3798830382260093
ELC,2024-06-30,0.2183130897565959,0.03561094620894604,0.02005407241088919,0.23633023815356688,0.26348848607416464,0.09359955008965369,0.7486658672514519,0.3327084076745185
FPT,2024-06-30,0.08200095638129512,0.17795029584701852,0.04840304043208498,1.445769419081376,-12.710899250257983,0.2426549439416916,0.5014294042052593,0.5069937128523357
GAS,2024-06-30,0.249174587272622,0.14171806202584247,0.023225356383174394,1.377552566327693,3.0351677683676517,0.3205787484018733,0.7452270273260017,0.1816748222522467
GEX,2024-06-30,0.3112218459816818,0.17704807245605383,0.0888123747869401,0.796238223683372,1.425448497142925,0.17837161460954293,0.42482011907194817,0.5744696827350937
GMD,2024-06-30,-0.04103488007335359,0.42483093077107587,0.13740920144600727,6.791239696835665,9.80104713029556,0.0887847635625306,0.7337643763998538,0.5132454475610132
HAG,2024-06-30,0.19729678799702513,0.26034058474236005,0.2360732038640655,0.6611904951675731,0.4639075065781184,0.07593140553312863,0.3977414508592887,0.5437408658951587
HDC,2024-06-30,0.6072647870698425,0.4474855941895472,0.04121905603136177,0.26617800339471287,0.14187977512760297,0.034953589757276936,0.44224449113138053,0.6332190979396161
HDG,2024-06-30,-0.3992730099488098,0.35765235853060723,0.38907614035437416,0.0672786067467794,0.8376671517275877,0.04118792214477442,0.5293981800825582,0.7803304981867591
HGM,2024-06-30,0.40324847901664346,0.742779865430573,0.048062880872035744,0.9551113716537888,-15.747542775785012,0.31956403549916723,0.7978292379689763,0.0
HHS,2024-06-30,-0.3140126613102841,0.9178205101932423,0.47436218237166583,-3.3133132414554582,1.2278046827790976,0.023333814837918136,0.9180944856492443,0.0
HHV,2024-06-30,0.16820370785449315,0.4200217933332521,0.19382074062523746,0.1791747218777721,-0.6590967904460765,0.021695560663578282,0.2618347285869929,0.711545456968674
HNG,2024-06-30,-0.23270515132450606,-2.4148596477065136,0.4450311793650503,2.2865865577111015,-0.07003745113094645,0.006041024572733332,0.15408839955209458,0.6944369349487155
HPG,2024-06-30,0.2297207208254711,0.10635516996883461,0.047901364368831335,2.3333141209620014,1.1260040560586073,0.19556617014097427,0.5260009145552687,0.745311902650561
HSG,2024-06-30,0.1465360077382224,0.029999287834476144,0.02279462166228369,0.12260424679612453,0.983998951272635,0.551977400300625,0.5632160662310881,0.6899939124776107
HT1,2024-06-30,0.2388947100504239,0.031213983777578166,0.0735931839842721,0.6086073585334051,-2.0214831237206923,0.23134412190910456,0.585281638387867,0.3776732416008153
HUT,2024-06-30,0.27176936911571536,0.03407487964243341,0.04600373200020785,0.19495365255424094,1.5321979715815424,0.2531367662365286,0.42681323358311096,0.5532197519381638
IJC,2024-06-30,0.8015718498416884,0.29402343027294936,0.06474118440239936,0.9319095686508713,0.15453814230803575,0.04764563817497018,0.6605417955242743,0.20863378661995033
IMP,2024-06-30,0.05394351650669964,0.1611520580459441,0.06051347103859291,1.8424425845500607,0.6775383498408509,0.20795181928398096,0.8294093895673977,0.2256186406469753
KBC,2024-06-30,1.5491072712087084,0.4184299818932547,0.065430836067309,3.8030814036216185,0.06215140047954535,0.025402796376753266,0.4991372232552654,0.23917540230085726
KDC,2024-06-30,-0.056752162823127394,0.021039275790086628,0.03980747535003692,0.7073543124417873,0.5490410155038028,0.15339633562267113,0.6195551994547203,0.6475230678377164
KDH,2024-06-30,0.633744827074738,0.5533456328547425,0.009977406541131167,8.102883034106314,0.032882434679312254,0.023500453784969677,0.5549326091426117,0.6102439984648924
LGC,2024-06-30,0.13482965468425576,0.6588800232991653,0.6391136218213418,-0.1436644562602277,-4.642587105205248,0.03400312424660121,0.23726810139883145,0.7458182082542523
MSN,2024-06-30,0.06915006559989,0.1304127992147349,0.05188251511596999,0.2683898840478821,4.145855863168206,0.1323451423802322,0.2934357419899063,0.6100260251360454
MSR,2024-06-30,0.18483944387468587,-0.0188229747558162,0.08644535323675029,0.3758082620823701,0.6762168836406348,0.096013608980581,0.3232738384314241,0.590881405803339
MWG,2024-06-30,0.07800792659164088,0.05069480935200556,0.02059679908839958,0.0034987270763937183,2.805745082014364,0.5268034426460105,0.40195582711937283,0.5845803841748057
NKG,2024-06-30,0.07514909880952177,0.05467044417424058,0.017146723483445456,5.159622004582724,0.8196249878857355,0.44771935397031765,0.4487305824689065,0.6738687976548182
NLG,2024-06-30,0.7516402755588808,0.48004598014591254,0.04460622628903229,0.8917085340962728,0.0337518375494355,0.01731448437662123,0.44760948544119517,0.3978035517686584
NT2,2024-06-30,1.8356067103409124,0.059311172139944815,0.08276722983174027,0.0018924628382371383,-2.335749804466184,0.22362531073137806,0.412602312730915,0.22572057522737116
NTP,2024-06-30,0.5690339410326367,0.17309905408659254,0.02555816355221178,0.4991184634579052,9.41693420277898,0.304557018574534,0.5857271350452152,0.4086762348428305
PAN,2024-06-30,-0.026134578981423965,0.09809619026653878,0.04855179702168155,0.7272016480990245,0.9750291796083408,0.14977723603415735,0.3586744175697151,0.8539902095835247
PDN,2024-06-30,0.05000675723416818,0.32994826682579464,0.0,4082457645.0,-2.4088049114690637,0.2169215519378465,0.6939071306630854,0.2520836374552707
PDR,2024-06-30,0.17494262428648735,0.6821402011943678,0.058434462912914716,1.4171629413077196,0.02266039330364106,0.010416699835889361,0.488320690100121,0.3627808323843208
PET,2024-06-30,0.0582438462433838,0.02220951129433411,0.003029228623487441,1.1558032237248463,1.8025091487100793,0.5020633761528427,0.24924627098389496,0.6594122304509933
PGS,2024-06-30,0.08905031564477832,0.027166485482817387,0.010861004974937822,1.0612683171717285,-13.322022970918756,0.6244343503243659,0.3750052816600433,0.2398717888459644
PHR,2024-06-30,-0.1278823159832152,0.2792433324789392,0.16369938947632814,0.08805885627750398,1.4141742727782096,0.05185291355906552,0.6653966500814195,0.11183903974601773
PNJ,2024-06-30,-0.28014824381809766,0.05632625492976896,0.0022337205544004555,0.7921592153983819,1.1896756796319499,0.7348248270658959,0.8262678810123736,0.11524399620070164
PPC,2024-06-30,0.17355277208450534,0.045097794425728796,0.006312493654553099,0.2575199394669064,1.4012332483248595,0.3939812182467787,0.7303808613640618,0.0
PTB,2024-06-30,0.11920539883839194,0.09603822922530175,0.04294800401039557,0.889336061779055,0.944552411387619,0.32125426096187276,0.576876091366705,0.644071918687391
PVD,2024-06-30,0.26812332907613895,0.11905705407261764,0.11377287963401696,0.21831144286263313,2.0586386856278103,0.09987420602023832,0.6740312496614581,0.4330023771593568
PVS,2024-06-30,0.39971908071448103,0.05143082658552477,0.027265408311249243,2.328496034034566,-4.362840788816541,0.21411010723798707,0.5177543774192748,0.1435280007127725
PVT,2024-06-30,0.1635852183415854,0.1835881965447443,0.16990744625542173,-0.0019079347944244679,-8.988453485185985,0.17485999178333556,0.5407030274456606,0.6566330600331912
QCG,2024-06-30,-0.5232361531588933,-0.33266158744716084,0.47347529925081566,0.002462223294439183,0.009338254422763446,0.0030177873931578367,0.4788807229795644,0.08891405839770827
REE,2024-06-30,0.17358085602868006,0.28935846000258336,0.19464744003045764,0.9051798857884503,1.2167388301606912,0.06546543221984052,0.6115348377932693,0.7359610105246472
SAM,2024-06-30,0.9149220814253624,0.04015821891057328,0.0,18804513140.0,1.0072612793696347,0.24663011664107698,0.6900243009430158,0.5943630568062828
SAS,2024-06-30,0.007590777850344005,0.12125938146678586,0.015999262130881518,0.5002002155582995,-3.3618151920510835,0.3121383469483716,0.6590766755944087,0.0
SBT,2024-06-30,0.3971293440235725,0.0669129648503708,0.017345746613304423,1.2447218089407648,1.1112140275258997,0.28357041266953437,0.3270126604719176,0.697697036647316
SCR,2024-06-30,0.2244367600085862,0.5080394957676224,0.17170021442492342,0.013392402310199817,0.031098880148804655,0.015710692362295473,0.4709644995753653,0.5232311390039487
SHP,2024-06-30,0.5615463394787762,0.3836880248986438,0.4407605709262369,0.0015872050824947558,-0.7270471384612063,0.07078911526776833,0.7550584664025608,0.2688877231233442
SJS,2024-06-30,0.0220998120321237,0.5747424568964936,0.0,928740569.0,0.042405814252369,0.015751180551680156,0.3658201319568824,0.2094535174214153
STG,2024-06-30,0.2538785772228677,0.10301446023238107,0.05845828971581759,1.3502577249632481,2.71460120002182,0.21137526111807411,0.7980563672644779,0.2077160608982374
SWC,2024-06-30,0.2620212624868673,0.24746716499906923,0.08302758643679342,0.778670554767672,2.5771486910751813,0.14715355405154854,0.8724435582613472,0.3030930248509492
TBD,2024-06-30,0.4090897760764629,0.09122344690625903,0.02350585257738882,3.259450407012709,0.5003404553343969,0.2548121732705991,0.3708495360235728,0.608339534695861
TCM,2024-06-30,-0.0922959440008756,0.11013385472711103,0.03707545143491228,1.1101587349236457,1.2460600374883275,0.23675979151721274,0.5764922642935679,0.44370602200737613
TLG,2024-06-30,0.4037087592422774,0.25074710089682417,0.0260213748049315,1.0015711143874237,1.1045433471895052,0.37564836453090844,0.7285603831926909,0.3885241004894939
TMP,2024-06-30,0.3614374040246388,0.5675741101294722,0.32754232422773766,0.12436562958599376,0.4596670707681009,0.0899672487713799,0.7648844709188287,0.7758103212625628
TMS,2024-06-30,0.17027145653408204,0.1046748538337469,0.10808662539501197,0.2831173926392371,10.287214965027514,0.10963258514790368,0.6137538891355565,0.7617343552210706
TRA,2024-06-30,0.1165121045564491,0.1472676815086261,0.04140680416895519,1.4982094855438102,1.351956065115176,0.31334283277712344,0.7631954749345455,0.15791829735368382
TVN,2024-06-30,0.3029181126564348,0.02676737538550081,0.007135473520054211,0.1465407965910139,2.761102140194239,0.4172790819347989,0.37911877865324517,0.5744747962593709
VC3,2024-06-30,1.241221259901186,0.1758893083317228,0.004801200949949826,0.0005064073835949745,0.27036218872317846,0.09150933407027668,0.4382198237180097,0.06808216614674444
VCF,2024-06-30,0.1655749097026209,0.20487873620096106,0.02439351084679347,0.07014812760500548,0.7147379164422989,0.21333871319923348,0.813078690088115,0.4419903822625846
VCG,2024-06-30,0.05215650522792986,0.09620731964731274,0.03383719976670344,3.688811363977999,0.45841198552571255,0.10032017838687976,0.3784908882543664,0.5037592053992398
VCS,2024-06-30,0.10845998425495257,0.2509798218997364,0.037076050534728996,0.7976365595426188,0.41196712894418763,0.19864184102569593,0.829048071484364,0.7116097702868883
VEF,2024-06-30,0.1741410797205502,0.7478869637001652,0.0,-26069198876.0,-0.04390091230861365,0.013567415029121654,0.29628896682808686,0.018104300917094175
VGC,2024-06-30,0.027290400201127323,0.10670704298035838,0.2802761093387435,0.5251921867726531,1.5242820303350841,0.11613605374628877,0.41220651984456785,0.3702467279053795
VHC,2024-06-30,0.11226323457553548,0.1247675619877979,0.039450056847117804,1.1742052271613166,0.7683285999776828,0.2725868752047234,0.7097363426351435,0.6795468265427766
VIC,2024-06-30,0.28475070729262675,0.1756410121299624,0.12049102647471917,0.40289907169339717,3.8129106335434497,0.0768698856832724,0.22475072458818188,0.39649638670805426
VNM,2024-06-30,0.16027764157163243,0.19766607271625466,0.0382608947565329,1.0675470012515267,3.105715723104372,0.31486566448800074,0.70741188584372,0.5031185901290328
VSC,2024-06-30,0.22123514881298642,0.20464695494674853,0.06015150450168348,0.22400335042236466,0.2966484924337699,0.11422862227803743,0.7174824553405641,0.7925277935322753
VSH,2024-06-30,0.16980058103708184,0.38700460332379744,0.5787336558286662,0.12023024466637128,-15.939032186975343,0.046060948528038825,0.5166121326096298,0.7940968241281627
AAA,2024-09-30,0.11227748247773518,0.0018557569604350259,0.025391434318773328,1.8973063070704066,1.3855182151668202,0.2476773713071612,0.46626900731434123,0.5149122783071245
ANV,2024-09-30,0.10814328087736068,0.0427534484117357,0.0,49412439551.0,0.5978501835504016,0.2699828092194828,0.5729934932935351,0.8275512161544115
ASM,2024-09-30,-0.05179895579801906,0.07736170536259315,0.033490171873711234,0.5133490008126206,0.38741025637757914,0.1567189467682608,0.3890688015766945,0.892125267640501
BMP,2024-09-30,0.20234163702734836,0.2523407115187912,0.02685144302788433,0.16253245799295996,11.299747365984006,0.40829593799644914,0.8369102254084362,0.09580425689228586
CEO,2024-09-30,-0.4449415406067467,0.25941886399871306,0.15416807060968785,3.4486761829527848,0.19574387952264316,0.02909113431114836,0.7069948040462365,0.20705265939387535
CHP,2024-09-30,0.15821077681140688,0.4067743003259654,0.0,8473861709.0,12.967553560220749,0.0666768102930185,0.684086782906489,0.7792194453752102
CII,2024-09-30,-0.061803665714028976,0.483766653633717,0.46903104209255425,0.1521439321111132,0.2783921413707017,0.025238186868548108,0.26700806231319635,0.7460768273427677
CMG,2024-09-30,0.1993343116145577,0.048169847091499435,0.04731845876326365,1.8708645419984804,-15.298198156704665,0.29060539615797404,0.44890558004882625,0.4361948203234265
CSV,2024-09-30,0.05715331739429851,0.19273746058215674,0.026655340632392166,0.628450850424363,1.1480810278847184,0.28078232118598,0.8268929767180216,0.24126137286669097
CTD,2024-09-30,-0.3234186962327859,0.030727419435637907,0.006030282069215563,3.813716821104125,1.1334198867051848,0.20360262128229115,0.36590093040330907,0.15372262706885925
DBC,2024-09-30,0.09981611145615324,0.11407588160916206,0.04984753390162122,1.9378044505602894,0.7918910772684356,0.2511049259185617,0.4639175072767551,0.7537086082005192
DCL,2024-09-30,-0.17649569994292785,0.0339356617618985,0.04036222114283044,4.692838169725021,0.23520972893425893,0.1020346064998454,0.619168050723314,0.8224153440444744
DCM,2024-09-30,-0.43086843707805245,0.05367088281487292,0.026648422080474143,5.494983240802115,2.4206143268087073,0.17424227710236703,0.641675536593466,0.2943622405119645
DDV,2024-09-30,-0.2249413814696008,0.033589984191152895,0.05426487275565851,0.18055903310326216,7.200554138162066,0.36170985946143425,0.8166704172633754,0.0
DGC,2024-09-30,0.01427035606325625,0.29670275537703295,0.05362269366578391,0.4055260878020005,5.78640651533136,0.16729038114964714,0.8730741062388754,0.38503498304662975
DGW,2024-09-30,0.22023559080823724,0.02820602962954804,0.0022679149020694736,2.692436157425882,1.6922655785518244,0.7998172557817176,0.36090315125484296,0.5439356986292745
DHC,2024-09-30,-0.1104575259876871,0.10478754650260179,0.0,27946801334.0,0.9318193993367901,0.2852015064599136,0.6095394707873545,0.6718515463294623
DHG,2024-09-30,-0.03479731152566344,0.1648559190286769,0.03521440568646256,0.33891744407019864,0.7997071308016118,0.17627726057716428,0.7051582849759036,0.6265587067970907
DHT,2024-09-30,0.09928606285476216,0.05141382239032145,0.02713994672527363,12.46158450906089,1.7992158772825873,0.31005212310485253,0.6029983927385251,0.5933040083201859
DIG,2024-09-30,-2.21238616415808,0.07282657334355182,0.0,2834090959.0,0.00941319743720525,0.004030256863067879,0.43787711209517827,0.36052594929599363
DNP,2024-09-30,-0.02454794238610051,0.08894782015621862,0.0864739828131056,0.6634654849409376,0.4273910475285901,0.13325003598375146,0.3498327675889097,0.7186985042359063
DPM,2024-09-30,-0.21194522727082057,0.034686279455468934,0.0314414075010426,-1.574225267089879,3.4478937583447133,0.1899462741317507,0.6589161875776384,0.5792071135856734
DPR,2024-09-30,0.20603741459222624,0.18307409013084794,0.13958646187690896,0.3261864742242614,2.7252135857642275,0.08674661424300842,0.7308221868291713,0.0
DVP,2024-09-30,0.1647025668125235,0.5393399955474215,0.0,-2016781851.0,-4.828192213587704,0.166632677529987,0.8962370468861598,0.0
DXG,2024-09-30,-0.1619755787423668,0.2131959521825834,0.02300334914890342,0.15920042729457473,0.057801317512249914,0.0356765310163437,0.5419158165733234,0.41016001646890693
ELC,2024-09-30,0.20123418723897912,0.06745574566214456,0.019916897579945032,0.9737460167982878,0.3260776911016763,0.11284783206301685,0.744921600118021,0.21041902749344277
FPT,2024-09-30,0.026298943473856813,0.186756757204471,0.048709458735711156,1.3586563928670925,-10.326800542520541,0.24066001424594552,0.5232813511419205,0.45460117035797887
GAS,2024-09-30,-0.1719958531773349,0.12740853690257312,0.036636548917326435,0.44986722968055415,-9.401321584573893,0.27965219216781617,0.6494634849654927,0.11048532841273198
GEX,2024-09-30,-0.06638516432331083,0.08527046073856409,0.06713986094644987,2.187920167435205,1.1524050585193868,0.16325398434271124,0.42193861893241263,0.57903510588534
GMD,2024-09-30,-0.026801713077121366,0.4198225853501495,0.13509386071434282,1.6181436490728058,6.655747299149692,0.08870636067219936,0.7328349352796509,0.5025341057456604
HAG,2024-09-30,-0.06306400527961087,0.32817925094413203,0.07840775799787379,2.472389745443981,0.4387552179562183,0.06710164272559285,0.39835459646740334,0.5404340637471983
HDC,2024-09-30,-0.3370352860418534,0.25826747492776236,0.042492682202551375,-0.02076872234130625,0.09177746495111941,0.026067267888444122,0.4647263500995565,0.6313505753770318
HDG,2024-09-30,0.01884364310693601,0.5035496414319452,0.3978049682764374,0.044015481122621075,0.6168984064946835,0.04218093771488521,0.5412966384202926,0.7882443276099004
HGM,2024-09-30,0.28969927508986393,0.6499386329292014,0.03343927007724076,3.964298976509279,-12.294781442057074,0.3133498784973553,0.8535343153425087,0.0
HHS,2024-09-30,0.10872530635691102,0.33276294498808895,0.05406250159081188,0.8801986854544935,2.8162623296318663,0.0249988503468234,0.8900038987121154,0.0
HHV,2024-09-30,-0.019120785993489674,0.4218749758774335,0.19454078814162995,0.14846204173618097,-0.6331557435276686,0.02113330272801078,0.26318732286603946,0.7044417485887136
HNG,2024-09-30,0.44023655094951913,-0.8305995833026188,0.4640138553093198,2.536472322528157,-0.08307986099612243,0.009151148601470909,0.11656785099180073,0.6871416594975458
HPG,2024-09-30,-0.1520700780191474,0.11345421127361939,0.05756559563351259,5.495829181547812,0.8436064204794052,0.16418104326914165,0.5287905318731021,0.790086582847801
HSG,2024-09-30,-0.061121937839560214,-0.012316293875484824,0.022405376616369987,2.780184664673204,0.9968677614865351,0.5234251829104969,0.5579652744841138,0.6202197383793941
HT1,2024-09-30,-0.15214813790859458,0.02014138702561769,0.08676383882131607,0.32768435229668386,-2.66926346169746,0.19909929646513558,0.589227723236121,0.38792802860452835
HUT,2024-09-30,0.17112959468826466,0.024458730814058926,0.022933074419856696,0.015291953415251403,1.6294562897233895,0.29251319775706514,0.4344016610438911,0.5824428333285708
IJC,2024-09-30,-0.6594401726305402,0.550017427012561,0.18483810317124183,2.498275820676492,0.08839443750325734,0.024468622932570683,0.6335133595262251,0.1934791465081971
IMP,2024-09-30,0.05244550601711045,0.16766711852194932,0.057680348362255794,0.22023503227252927,0.6317599121041243,0.21264054790867218,0.8328243211707607,0.2413986572616933
KBC,2024-09-30,0.031038907993366806,0.31045622162763425,0.05687212386386607,-2.1179088715246115,0.061882605405569405,0.025311849611202208,0.48690810632339715,0.2729652299514287
KDC,2024-09-30,0.26181537002580413,0.020351931950395474,0.036094268066552415,0.08578489406027112,0.7876298171541823,0.1832112710138421,0.5805881769198267,0.6562037120353271
KDH,2024-09-30,-0.906187582364854,0.2734616485522264,0.014979563079267394,3.2955941390691494,0.011904152508276946,0.008562450772636555,0.597458742836061,0.613752576152125
LGC,2024-09-30,-0.07302187738698224,0.6355858668207929,0.6363653374333441,0.12322469680784942,-1.392406640457751,0.03161508027248291,0.24077389809918973,0.7383744371986017
MSN,2024-09-30,0.07115454541731638,0.14627304627309096,0.06150450420127422,0.7843378231385425,7.466280863399417,0.1450289094123138,0.2668994577113462,0.5811915770419859
MSR,2024-09-30,0.01757161847462605,0.0110889615455313,0.0839471219947894,0.5436810241020034,0.6670129305689617,0.09826751677397179,0.31489022851975185,0.5952621556431593
MWG,2024-09-30,0.000797254797166998,0.03949943724809251,0.021271444975765882,0.25253005774658993,2.4598359700979926,0.5191046985484499,0.4077062353027462,0.6048706611652059
NKG,2024-09-30,-0.09570370245877236,0.024946839471517504,0.017894744598290283,1.4877683160321924,0.645548442151944,0.38078473651336775,0.42467977120626915,0.7623005696548472
NLG,2024-09-30,-0.2169063200793233,0.05044987391539246,0.033025505969081666,-0.18691911973295347,0.026129669234562225,0.01389022282581351,0.44400962487250617,0.3973827216524894
NT2,2024-09-30,-0.23748850990972042,0.03526260221223739,0.10238464373494509,0.01318659974733742,-1.6662380946063986,0.16728263689282782,0.39564284769847163,0.22668174393171944
NTP,2024-09-30,-0.32848895392867966,0.18120143277184733,0.035083657091833156,0.3038900518239352,1.3258042353668806,0.21922774700000527,0.616282397027429,0.6028441306590189
PAN,2024-09-30,0.4051209700723274,0.08852875916233571,0.024120732819642755,0.33155611109056893,1.574124684471576,0.22107641258747812,0.366714237752946,0.829750909539277
PDN,2024-09-30,0.00900726818264951,0.33516430173580913,0.0,4171015106.0,-3.208207575127011,0.21101271212895284,0.7256432655598933,0.2744596640384203
PDR,2024-09-30,-0.06124829418795869,0.6935369030532416,0.06443565851072149,2.3608961154897665,0.018185394448959995,0.009744153757154232,0.48788193214918324,0.38041072422348154
PET,2024-09-30,0.22638420123337097,0.02210072567905854,0.004369970736364532,0.3039738647825122,2.2631351631912344,0.6322074882369951,0.25454156472442946,0.6761827598806402
PGS,2024-09-30,0.01792919172101649,0.028861577437218365,0.014163818230452613,0.05365120011138431,-5.271305737054727,0.6660652041012363,0.4071015454488439,0.12957136869856112
PHR,2024-09-30,0.3935621127570188,0.25914958708392094,0.1112884534906131,0.5080275576392708,2.005070533542608,0.076260279510198,0.677537692061464,0.09106209745708055
PNJ,2024-09-30,-0.2860347878553964,0.04532466711539904,0.00293277202321794,0.9815026117843679,0.8697866179834627,0.47843198336823056,0.7033879609918959,0.3313209094064717
PPC,2024-09-30,-0.4814819221833362,-0.011692318616909614,0.009626613117223248,0.0028850763718891235,0.8702046786762191,0.2840654024518549,0.851328213484493,0.0
PTB,2024-09-30,-0.08927725303959971,0.0806576717544922,0.04524792584847535,0.036147590987670924,0.8268433001732799,0.2893972915907806,0.5711361086829084,0.5970475815617974
PVD,2024-09-30,0.06526703218001739,0.12070551025462367,0.09838573079240878,0.3451534782460357,2.4114912026005317,0.1082446875161138,0.6726400898925734,0.4052745955066371
PVS,2024-09-30,-0.15962486964317008,0.04600809186902148,0.03239928901301304,0.6561331505337137,-2.668676539129469,0.17978293495377273,0.509890755047269,0.14772819854327127
PVT,2024-09-30,0.03269085210190365,0.23646911057668693,0.172917128744123,1.1378539714230924,-7.808558180864448,0.1688151871410454,0.5377075545662607,0.6574017204494234
QCG,2024-09-30,1.9296252475778266,0.18763137746024922,0.11144350673573478,0.016348847950075632,0.06283613679069748,0.020869178382160573,0.48357789910028587,0.08720463873796831
REE,2024-09-30,-0.08185203411949427,0.38815135059787137,0.2617410217470905,0.4905530065794366,1.1134291349534735,0.05878600638223676,0.6111868480018114,0.7638251095927797
SAM,2024-09-30,-0.5790416471952815,0.02698566288632577,0.0,238940022.0,0.6117749613395176,0.13830184913505694,0.6910151771423323,0.5968935246852671
SAS,2024-09-30,0.20234817904315908,0.2548284369625125,0.014843969347121764,0.683400321849311,19.888041938548675,0.3914015866744294,0.7214745116206326,0.0
SBT,2024-09-30,-0.3007448843256803,0.09137303232237,0.020678399617870224,1.672686348484234,0.7790368806568744,0.20814058936700172,0.3185875685984405,0.7107181586263054
SCR,2024-09-30,0.5133531917565802,0.2851415986106368,0.06857319035013901,0.020024387535657922,0.051477262819954336,0.02619360810820751,0.4697103002738134,0.5222513654700413
SHP,2024-09-30,0.844631216764307,0.6687873601619788,0.35231373608246225,-0.0,-2.5341479859209617,0.1498841514438122,0.7761163646341092,0.21300684297234226
SJS,2024-09-30,0.057087402461295726,0.4946585061782596,0.0,-676740569.0,0.03956221147846477,0.01649252765788886,0.3678364874834046,0.12038368255958173
STG,2024-09-30,0.08009927555403044,0.12098617214526126,0.05745895042950053,0.6540412354527108,3.9981319760424032,0.22010785670300823,0.7680472722454252,0.3114223728438915
SWC,2024-09-30,0.03774600031474822,0.2906358148440403,0.09348508587016076,1.0666075448382812,5.501099457321679,0.14708229554801233,0.8476202594727567,0.4272337217013594
TBD,2024-09-30,-0.1157618779142568,0.1092248995370476,0.029292652140207237,0.828423964840407,0.40953859935413045,0.18962238301424536,0.3228346831686671,0.5352507401983313
TCM,2024-09-30,0.2621034860062325,0.09500921913670704,0.03109087739676664,1.3917073561506197,1.5671190310909537,0.3022719893007083,0.58799111004171,0.48520033076729807
TLG,2024-09-30,-0.3048885153022255,0.1314076594119279,0.030357784397296403,0.7331574611097454,0.8429960573316742,0.2743882721697512,0.724342615002086,0.48962858201529447
TMP,2024-09-30,0.4505908510322102,0.6353204969162013,0.25582352939742986,0.7179919301018706,0.5255795467871627,0.1299039032904784,0.76884140650597,0.6983653648736831
TMS,2024-09-30,0.08088491953230818,0.15616075969223286,0.024111340008786543,2.922075072220664,11.70408127675023,0.11698492497679071,0.6138479947749041,0.7661797210406058
TRA,2024-09-30,-0.09377789009233352,0.09733686944884669,0.046152671177182344,0.7694303920845988,1.125538269497326,0.27696162569916544,0.7597630901118162,0.28080360912149976
TVN,2024-09-30,-0.1596251479450935,-0.00445014647761023,0.0,-0.0,2.7777650816198514,0.3605043705586531,0.3818816160825208,0.5615307094780004
VC3,2024-09-30,-1.2640713030953514,0.09899551473643346,0.015384364837392308,-0.0005116914134617508,0.06592955163499896,0.02592899277541589,0.44152162793102395,0.06871835597870529
VCF,2024-09-30,0.0439988695189136,0.20161906780096903,0.022400187437910196,0.05122950436839641,0.8447884223236473,0.26815165393055745,0.7381658915444316,0.2764269481026322
VCG,2024-09-30,-0.05324174644224605,0.10468215329231156,0.037261041499172025,-2.4841211723136913,0.4116984411766516,0.0930347874165668,0.3735659829144858,0.4853761672688789
VCS,2024-09-30,-0.20945322326605958,0.19930292243893508,0.04111730821354762,1.9376858231421028,0.32419778073926614,0.15415363296416826,0.8185003373685711,0.7358317386788336
VEF,2024-09-30,-0.11404198474905032,0.7984676058003459,0.0,-13173876787.0,0.09000170387566243,0.0037384431935820165,0.09388193402105795,0.0
VGC,2024-09-30,0.039985378244757376,0.1407181045734783,0.13367984232248398,2.4732241189915145,2.0776322495019333,0.11791223634468637,0.41077488357810954,0.3514623850437029
VHC,2024-09-30,0.006588386524561476,0.12593806820808393,0.03929646100039797,0.646023512153867,0.7694137476889935,0.26769711258788376,0.7195117585164891,0.6385256315207108
VIC,2024-09-30,0.25732067749551574,0.14364427930680818,0.10347334673738694,1.0527627152928596,4.252839079470532,0.09071687140720326,0.20753289510690448,0.3378253412158038
VNM,2024-09-30,-0.06405638119526828,0.18771750272022045,0.043370958398359104,0.6412146771801598,-9.164162235304875,0.27749396570095813,0.6110620670224777,0.3766495599692033
VSC,2024-09-30,-0.02199601243713601,0.18476123671765018,1.3731279703703405,4.756391115156871,3.4896960789141276,0.09916298774986844,0.628954555991388,0.8042858593398421
VSH,2024-09-30,-0.0316444083519489,0.3812431522465047,0.5951339450250602,-0.11799027518171706,1.2815655035551923,0.04681672112338425,0.5521017753882465,0.8871744530100996
AAA,2024-12-31,0.19876759620527987,0.03761321610030258,0.037165760072442294,3.365341907908449,2.3020398687548784,0.2859903656729286,0.4529471459061887,0.5170613698985992
ANV,2024-12-31,0.023813099352274665,0.025880892563080193,0.0,42283487401.0,0.6915856092648939,0.2836511018566793,0.5751826879994344,0.8399738113276263
ASM,2024-12-31,-0.09950866967900192,0.06623128668782141,0.04334203967703873,0.923057757466192,0.3530382159591983,0.12912735706018943,0.3538552302946404,0.9260292155473199
BMP,2024-12-31,-0.2863869002868102,0.2698301040022058,0.029360200805115064,2.1960488688815616,4.211040736213676,0.3366219754706632,0.8441502675840741,0.11006497357559022
CEO,2024-12-31,0.4703344070524528,0.20029145694161749,0.08636740395369132,-0.6561583114494572,0.3418224613590374,0.046536409335644305,0.7046879756734344,0.19972301316811883
CHP,2024-12-31,0.7043930336784455,0.5901154972980283,0.0,-2141492797.0,1.822291147178122,0.13167034723245366,0.7372817301245094,0.840810253618578
CII,2024-12-31,0.0445604593815235,0.34517590618407784,0.36958873456908403,0.37830314984646585,0.43424110659170084,0.025342961991509583,0.24881467208726804,0.7386068654352073
CMG,2024-12-31,0.04557722689347463,0.08563077958840258,0.08077460528479863,1.0520550445159818,-9.328525081573082,0.30137251967741496,0.4644871080810451,0.43209467242501876
CSV,2024-12-31,0.018670163301254216,0.14096283355919834,0.024109097786306086,1.142709756800911,1.0438799651442356,0.2828079827481785,0.8359429769952569,0.4006668157856705
CTD,2024-12-31,0.36614799474547977,0.024988026516041296,0.004517001069339352,4.046123465929789,1.5565898142042334,0.2572677065011273,0.3208928075663443,0.1442516276489938
DBC,2024-12-31,0.030461411222914993,0.09216804770630399,0.05005121835811257,1.6216544886827273,0.8030235615756534,0.2579221779301486,0.4791313211167861,0.7739484194307592
DCL,2024-12-31,0.7512692541113454,0.058121689646377706,0.01957031377093602,2.4127105034265357,0.518310802635328,0.213819331172557,0.6200918397018345,0.8196326613854165
DCM,2024-12-31,0.47800097784167683,0.09434093736626471,0.020099250522680766,3.952031756138652,8.221772586156083,0.27550504092533595,0.6470389331264409,0.24294587611985027
DDV,2024-12-31,0.18415730965991628,0.08000085153925651,0.047066995856424536,0.060874658140859884,6.9012418481609235,0.4091973018330708,0.7942642992921981,0.0
DGC,2024-12-31,-0.04648622892308686,0.3366967724245907,0.040240316814296524,2.6570955159269296,3.132370895404182,0.163483891626085,0.8659877590093158,0.4078066616939183
DGW,2024-12-31,-0.059658122797702384,0.036571932507248654,0.002717715218993844,0.17988181210374424,1.762684185755799,0.6977820224428444,0.3543809636543359,0.453149546546436
DHC,2024-12-31,-0.03618128240143795,0.0707549145638908,0.0,9916465390.0,1.0937490680942052,0.27237714495374865,0.6173469307634153,0.6188687352829205
DHG,2024-12-31,0.3051043381009808,0.18433624413092778,0.07023130950025264,0.5049548101467399,2.280651635187906,0.2509676176001601,0.6871266884300481,0.34857497300303175
DHT,2024-12-31,-0.005092948361894475,0.056461175539714165,0.01199070588322593,-5.5528945549831015,1.5729449257800203,0.2858884009321054,0.5485944245170515,0.5407275845332135
DIG,2024-12-31,1.92845596000443,0.2550110926087755,0.0,31256903491.0,0.06358354173943231,0.02714736149252079,0.43374347019223436,0.36669264909188654
DNP,2024-12-31,0.25050816009216115,0.05842569556244441,0.06318612279668284,0.7611943335861682,0.5667568548169587,0.16712262445913142,0.3437516136990789,0.7151058299211498
DPM,2024-12-31,0.019013197826468157,0.006580399530395067,0.030385171993556767,-0.022952300476623073,3.3884513992377414,0.19938296998491478,0.6754255042482566,0.6369581560888484
DPR,2024-12-31,0.2687225956862032,0.26316792742594297,0.09603091791811885,1.2840972737164105,6.7171501134535925,0.11125030820635648,0.7207804301664369,0.0
DVP,2024-12-31,-0.27587168931358536,0.38479622354148374,0.0,1318256040.0,-6.148942910247411,0.12284688982184556,0.9083599826504458,0.0
DXG,2024-12-31,0.48236599164871935,0.2548054297917554,0.0019797242010283597,19.576166447604876,0.09489618713660572,0.05713420825090664,0.520922672938898,0.46890392042344187
ELC,2024-12-31,0.7649842024661917,0.24017708389496903,0.012198789689298427,5.94205423086918,3.0106334327673068,0.19310772915739555,0.6274687747129573,0.048658145990748566
FPT,2024-12-31,0.11569117715522834,0.16941529606213565,0.04241876924778349,1.3016794956344446,-3.0663351541727213,0.2535968731399369,0.4962158645713516,0.41208552748732014
GAS,2024-12-31,-0.012576442656196868,0.10310877737781879,0.026165994426167977,1.126551228777422,2.3960527601709942,0.3098970085436696,0.7521969882115495,0.15897258706206271
GEX,2024-12-31,0.17676123454741147,0.15316072378242743,0.08048191624664255,1.8317877988971711,2.1086306547893106,0.1942195520046475,0.43244622595696325,0.5420472808128266
GMD,2024-12-31,0.21058281993170952,0.25627991504397774,0.08415778266523809,5.151330408153104,168.67508866267548,0.08740519879203971,0.7651982579958563,0.5128775345228138
HAG,2024-12-31,0.09699830872145083,0.25914880238077126,0.036142850119353434,5.802608100891608,0.5712517622915229,0.07463765420515399,0.41854967014612465,0.5376587621177024
HDC,2024-12-31,0.26521346989910505,0.1433604035817961,0.027998423425852705,0.3077673593857765,0.12395365753356438,0.03403679330829572,0.46584654432346806,0.6132657021254291
HDG,2024-12-31,0.27415856780301817,-0.0012167355546604391,0.1740331728410389,-0.025660158204934013,1.1908149308652343,0.05592331828409748,0.5325862882866508,0.754475763169851
HGM,2024-12-31,0.10917731191511215,0.5507549143385929,0.02121576549734271,1.0917204859101302,-3.843204941102681,0.29767236888166393,0.8077015003154995,0.0
HHS,2024-12-31,0.5418909322945021,0.32578954763504747,0.03149486694343933,1.4250107718970193,-3.7846967282723187,0.04212925378711877,0.8848993516714514,0.0
HHV,2024-12-31,0.25899326555458324,0.3319671861868281,0.10585537022927191,2.055277306129616,-0.6429994285727408,0.026949680674043852,0.2809213389377325,0.6788767530909567
HNG,2024-12-31,0.49091729501853876,-2.6704672062347297,0.18675532043133614,0.4000227977520294,-0.10422502626388956,0.01428171920428323,0.09796845810808266,0.6607021491251663
HPG,2024-12-31,0.02028556850363657,0.10868187041669966,0.053631709041714125,4.024380101127622,0.8540485391327763,0.15776600004499822,0.5107025138608227,0.7552934302977059
HSG,2024-12-31,0.003050062961443814,0.023189769184121543,0.02269498078604869,0.6991910856095598,0.9609628061720372,0.5188041696101208,0.5616243777978527,0.7384843714315702
HT1,2024-12-31,0.11744101613865933,0.02445901114545569,0.08123785239384715,-0.3175570984792211,-2.3758203257109347,0.22452664414704362,0.5928631778691877,0.4514265273254501
HUT,2024-12-31,0.2813992389457072,0.040701308755319764,0.02205813001304328,2.085863147900832,2.678649813134349,0.3751127350749045,0.39848006305143713,0.5858921786256994
IJC,2024-12-31,0.47610104484291366,0.5904587484259598,0.12683777260575713,-1.7568806210694237,0.1054445986828486,0.03978567969706338,0.6568472194794888,0.44353178814083544
IMP,2024-12-31,0.18022210307425862,0.2335369928065601,0.052170423838452946,1.1122627449796036,0.755585840933976,0.26244983500702024,0.8715823639770419,0.26774341805904817
KBC,2024-12-31,-0.12589256557166606,0.21921025298263253,0.059092394017543196,7.721200209018245,0.04515210248446408,0.021127768692263658,0.46154573643585356,0.41987016414925243
KDC,2024-12-31,0.12858118370962632,0.030382605322045002,0.036593551651083654,0.38829929288591586,0.7675629580198073,0.1923893668873043,0.5389774961537461,0.6534720011852362
KDH,2024-12-31,2.030985743166774,0.24473709051230563,0.003293159655959392,11.981941851674012,0.09212428189833127,0.06705805137816537,0.6324732015546857,0.6279216618632559
LGC,2024-12-31,0.010641573715624918,0.5819062090785252,0.556433096205941,-0.19336775092718395,-5.041547381377361,0.03164851481491683,0.24228409501036624,0.7294421800292946
MSN,2024-12-31,0.10028923374803018,0.1690994077192238,0.047387446234222017,1.5880847341543494,10.50059703836709,0.16761392598927485,0.27612872492665536,0.613572184482193
MSR,2024-12-31,0.34867801666449033,0.15581123084204382,0.0749863151873745,0.3250332180885901,1.3730322147795646,0.20344815682049083,0.4510663726181722,0.825877648506554
MWG,2024-12-31,0.014018577378573649,0.038586135948552924,0.023809125295088364,0.06887230375584599,2.1217565296760554,0.49999298948622467,0.39923998927793825,0.6451488421194473
NKG,2024-12-31,-0.1379642901859836,0.018155943713153502,0.020191657349864358,2.1970544078709304,0.553861041500404,0.3381659240996847,0.43430500913242426,0.8253034862973035
NLG,2024-12-31,2.7423896882555434,0.2774391637663367,0.00263211052586122,1.203353947260437,0.452508863208227,0.21215525121201076,0.48053537498978566,0.44200248170451206
NT2,2024-12-31,0.044736136880416166,0.05481990418252372,0.0998834550927973,0.00032725609433237383,-26.361785327133106,0.209162257665689,0.48162264594973636,0.2209900995664685
NTP,2024-12-31,0.41631758229658,0.14855884454271845,0.025941321254780127,0.823668666869852,10.264896382083034,0.29008863721212347,0.5715428897171868,0.5391184677244263
PAN,2024-12-31,-0.15871639795532758,0.1379621604197532,0.02944853710153074,1.2660904742033503,2.4561695449377337,0.18759330402861565,0.3716110691496319,0.7809572432897506
PDN,2024-12-31,0.12516862742081847,0.2959148129107673,0.0,9679413273.0,-5.979783908289627,0.2453327811200015,0.8004807671096732,0.22220460410930176
PDR,2024-12-31,1.0820411808371013,0.14034695617724952,0.0077959813110211025,7.01566060109368,0.04706910203602598,0.027167049500740014,0.461048749098765,0.41334781509552826
PET,2024-12-31,-0.21131019613003962,0.02501945900595583,0.0025334192800976997,0.43634418104222805,2.9341211840472297,0.4561232867860935,0.23002948007188423,0.6363271073571778
PGS,2024-12-31,0.042940973730480635,0.016669143433754433,0.010289147317945726,0.3337478072725257,-4.763758448844386,0.6049054397462872,0.3571250844396762,0.29595750389244435
PHR,2024-12-31,0.5216701406497742,0.33095218091959094,0.058361721279671694,1.1684045590773793,5.085815650968665,0.13086422580897342,0.6606773928902113,0.02980866971661163
PNJ,2024-12-31,0.18472589972283399,0.10294099280399154,0.002638583080361081,2.466225364560518,0.7864299482571735,0.5004097664515209,0.6540843052424955,0.5613749850726987
PPC,2024-12-31,0.2211598605526009,0.09610649421852244,0.007415321957641326,0.11870473410703374,1.1311270322761897,0.34660776385836756,0.8175979249129777,0.0
PTB,2024-12-31,0.328830927355252,0.06742712225527057,0.03188248119750096,1.0580877343133162,1.0745149686433841,0.37899025242367274,0.5525260594356707,0.6320263418296913
PVD,2024-12-31,0.15477796048224396,0.107102085681047,0.09077312362068198,5.206060348825852,2.438326211621944,0.12308716271739592,0.6797646810376536,0.4031475867216247
PVS,2024-12-31,0.7529126579132994,0.0681104597228646,0.016247649496624324,1.5190727467325058,-2.3220982889555724,0.306275929948584,0.43253838760679203,0.08580956371702851
PVT,2024-12-31,0.07591196891939349,0.13895576246704017,0.1821234085303192,5.197989003064405,-39.326062265466135,0.17268864605448686,0.523184332276549,0.7249093224744049
QCG,2024-12-31,0.9512890766456666,0.19367827173999103,0.04235576554366562,-0.03786100913462537,-0.261651212236583,0.056784329900621475,0.5151084487412328,0.0881465762573455
REE,2024-12-31,0.15725307110207443,0.4741055867083321,0.2599394720495213,0.9353418435819556,1.382445681959878,0.06744666364822349,0.6175285794591473,0.7475823469471012
SAM,2024-12-31,-0.040026196644016146,0.035265870266340385,0.0,646218472.0,0.6685428536875219,0.14093325357438166,0.7341566615119832,0.7208905849878839
SAS,2024-12-31,0.016837992466008766,0.17167612028449064,0.01624155474683742,0.9965845288995988,15.480286578326059,0.3635214737776438,0.6913958454272447,0.0
SBT,2024-12-31,0.10509244184689386,0.0845072988347402,0.01772574760972087,0.39970091043823236,1.223532205886446,0.23399533321901042,0.31082284450037734,0.7264684211964804
SCR,2024-12-31,0.8993567189685484,0.11886349595781309,0.02125742541258719,-12.70569248493119,0.15563901357780896,0.059192226495201866,0.46131899393672515,0.576003285866506
SHP,2024-12-31,0.027265943082805492,0.6067782616258219,0.28876333963093476,-0.0,1.437125764780719,0.16607501682617617,0.9267715846712936,0.2741655093011398
SJS,2024-12-31,0.7889647902360573,0.5752515043611485,0.0,863854153.0,0.10155326264475872,0.03609257198567385,0.381664649458482,0.12482037834893792
STG,2024-12-31,0.07458856700845054,0.10316712140427076,0.05552475657914673,1.8163786316188646,5.094935657390005,0.23733473658966225,0.7862682469047924,0.3287804162988053
SWC,2024-12-31,0.15291780130368815,0.27393195126656694,0.08774468199285568,0.9707282826958825,5.656714953587323,0.16913368801433126,0.8762614262702391,0.43537632301935847
TBD,2024-12-31,1.2323136293632582,0.09063198612558519,0.008641841472336681,0.9071957427160554,1.3797986601819574,0.6486695975531884,0.3328179958017775,0.45380369715647695
TCM,2024-12-31,-0.1779540534057351,0.09030547587092744,0.03569519095306224,2.4217168544571477,1.2083357339836318,0.24410983086759486,0.5831650992447491,0.4749700870951266
TLG,2024-12-31,-0.03870618358483756,0.06684973160219239,0.028304345816663322,0.8196323745749026,0.7848635065550151,0.25947521415881836,0.6986709362359547,0.4867948397559658
TMP,2024-12-31,-0.03346115724575338,0.5340311827515962,0.21519000126240362,0.6562705537627009,1.1140918102023927,0.1256084025922487,0.7604724701799521,0.6430031141268384
TMS,2024-12-31,0.14855928890025835,0.06995286334269574,0.12406822786134407,0.1246049322346876,5.3489239256532635,0.1263945622107354,0.6144748353776726,0.7567006975769697
TRA,2024-12-31,0.08878825383827794,0.16780909074993655,0.04399778226704637,0.7828658958343501,1.4885500648165766,0.2866357315856331,0.706667862139261,0.29849924686457185
TVN,2024-12-31,0.13225479288536954,0.029716099572490755,0.007196949635831829,-0.3620651349102742,2.3767261727039526,0.3979671988350664,0.3735162531516386,0.5736975053217229
VC3,2024-12-31,0.6579725745118437,0.15270261256175557,0.008433529334586555,0.0010653493404039346,0.1567301073124156,0.051151999238546145,0.4554119092080602,0.06965810934630312
VCF,2024-12-31,0.3684700542395567,0.22049286000413906,0.015465051899531524,0.20024641969257195,2.5774652993778773,0.3662351254009493,0.7614035764010464,0.34841209092857917
VCG,2024-12-31,0.5936094863139902,0.11009334977509067,0.021368554643609376,4.196319538504595,0.9910741466935924,0.16750395932343545,0.3775771416992686,0.4779919392527371
VCS,2024-12-31,0.13216451074261007,0.20530892927402028,0.03649944314291316,1.029666172758119,0.3985314123798753,0.1743083966213009,0.79011044656389,0.7099508455430505
VEF,2024-12-31,1.9101496645139873,0.9579245777748576,0.0,3529455601238.0,-0.09315700929725308,0.008547846642562423,0.03823014695765919,0.0
VGC,2024-12-31,0.29370734998450587,0.20583887849564333,0.16373510539353212,1.248335648182965,-1115.8059113181619,0.15436787523991857,0.4008874093683105,0.32352167710841784
VHC,2024-12-31,-0.0025336396145353144,0.14527857089562687,0.04172864079160893,2.3740816417108337,0.7562398469931522,0.2733038674774346,0.73512126044479,0.7026861186716118
VIC,2024-12-31,0.08278924165354387,0.15855055504802376,0.08512661641169665,3.5145476216167646,-1.2013588793361814,0.09323086435564956,0.18387970752749405,0.32841403228511895
VNM,2024-12-31,-0.000736574906956027,0.16941381005135245,0.03785528178468801,0.6988145147383652,5.872304881566233,0.2905273355483411,0.657130236549248,0.4913116127533091
VSC,2024-12-31,0.316421067101572,0.25985646189130013,-0.8570540034611547,6.112341552695479,22.964384238612006,0.12763562537153272,0.6280993354763055,0.6726606719377862
VSH,2024-12-31,0.5127495987854161,0.6025738674463481,0.5514526727909388,0.05746197304680238,2.082272635801776,0.07806147543963006,0.5440711493610865,0.8543517682799163
AAA,2025-03-31,-0.008242588529415909,0.027232656887528038,0.034663642185460315,5.046021755234586,2.5884805146182055,0.3205033745338741,0.49547823307228306,0.5523958337874013
ANV,2025-03-31,-0.214481341210662,0.14376995963090397,0.0,30678103927.0,0.5445756389345381,0.2352326710525549,0.619011184635648,0.8301410911226591
ASM,2025-03-31,-0.06433347354036849,0.07371818862138627,0.056511354602022,0.4665949632321706,0.3214824117675699,0.12271784752058244,0.36024160686662676,0.90884822180391
BMP,2025-03-31,0.26582159725139504,0.2551596520099598,0.021757537832973323,-0.1390045810050012,88.80513151825978,0.38637287908969636,0.8216205854683146,0.08461157462697927
CEO,2025-03-31,-0.19406312823531308,0.20167882440609877,0.10690176228992453,2.183952045577747,0.2522055932524369,0.03879948287435051,0.7195178061848745,0.20191191980142886
CHP,2025-03-31,-0.4064531944058588,0.5789072727649576,0.0,2043621900.0,-15.79529707366356,0.08663625170165114,0.7183376258010974,0.7069962633233484
CII,2025-03-31,-0.0706795966136267,0.4720456076525027,0.5237467790153892,0.2692096918150078,0.3220844973048669,0.023353829404041935,0.31111037198134744,0.8147695572261485
CMG,2025-03-31,-0.17086787015262875,0.07335687970699654,0.0064947110959397624,22.672782380712263,-4.673299470385166,0.2554491203611779,0.47902687792333504,0.44303397342767353
CSV,2025-03-31,-0.0654298823227581,0.14526759244100873,0.027480844765062858,-0.1452310745955343,0.9466140153857328,0.267641134263235,0.864681543352611,0.38391738241709267
CTD,2025-03-31,-0.3199654753822489,0.019104814214491766,0.00555571447545601,-8.30471092157036,0.8841942934132756,0.19320198970091654,0.3340575272160892,0.1621189104624577
DBC,2025-03-31,-0.0023912140235019573,0.16665146870878705,0.0542055898738132,0.3558310631651392,0.7653739893548605,0.2521378698516718,0.5020040852791476,0.7652400828494456
DCL,2025-03-31,-0.39269708708011664,0.12658653231730257,0.039722972562245065,0.48880455865570444,0.3485910982880747,0.14209660482974773,0.6205073737649844,0.8256468919637442
DCM,2025-03-31,-0.2119016195303084,0.13386821682061018,0.025171075265243127,2.4764405583156663,2.5356954322117042,0.2076044204224835,0.6256013387630484,0.2852134054822073
DDV,2025-03-31,0.24397265552725708,0.13048428267700335,0.01681673246428369,0.5699909118142457,45.3060890522563,0.45639716311778467,0.7416571833240484,0.0
DGC,2025-03-31,0.14025909135240477,0.3309524765872251,0.03758369231826863,1.2695963610731744,2.744829029474057,0.18018624365609553,0.8667043176852337,0.49039713367220483
DGW,2025-03-31,-0.0620451009541131,0.029518050464108225,0.0015997471411196777,0.014511070665777571,1.407885280552986,0.7109369486573804,0.3974593170735114,0.5713015542989045
DHC,2025-03-31,-0.04477072267816053,0.11278490286153983,0.0,1512219759.0,0.8888023164052722,0.2530257262463067,0.6220902070086461,0.7053994329689257
DHG,2025-03-31,-0.19701440966230785,0.24376413035673458,0.03166666526770917,0.31086630625992995,1.1778862421366711,0.21338448893472775,0.7577080448838553,0.4938673331019425
DHT,2025-03-31,-0.07623938827755745,0.06473387819636395,0.011871653269887704,3.722711989191107,1.6703168500370442,0.2665571220876798,0.5642336683645854,0.5264447202868143
DIG,2025-03-31,-0.9839841249350133,-0.07524460137353199,0.0,-463348675.0,0.024199566763826518,0.00994913477456855,0.42213248409758625,0.30659235275429736
DNP,2025-03-31,-0.31302682705742507,0.07832547584576917,0.09121386026634128,0.43166363713055705,0.33526301926257007,0.1245458037768689,0.35061655860901686,0.7344666619632235
DPM,2025-03-31,0.23055512360079874,0.06689136999361246,0.02486277414913348,0.05714307876167349,4.288647221249126,0.23816634398539915,0.6526664543222624,0.5677066582761929
DPR,2025-03-31,-0.7617485482051043,0.4091842637757772,0.22313559768189553,0.07479002228586329,1.5156930541537028,0.051850558104334976,0.7353692709770547,0.0
DVP,2025-03-31,-0.1995741722025474,0.4879072976378688,0.0,-0.0,93.89028505284273,0.10719552885192313,0.931463346831019,0.0
DXG,2025-03-31,-0.5748911788729759,0.3046943949053442,0.022193106095572734,0.12001360358045453,0.05633760390607743,0.027876859673187867,0.5074967129995239,0.4551412552935982
ELC,2025-03-31,-1.6930387004813217,0.1081214057906764,0.061040333356082686,44.83630127508007,0.14376559483574786,0.03514817498615233,0.6224667972428585,0.41714645368216685
FPT,2025-03-31,-0.0910048634856321,0.19057903026234832,0.04772803488241193,4.043668145983763,-367.0337517298103,0.22528661583388668,0.5121330590297053,0.5348295289693847
GAS,2025-03-31,0.026848847737345825,0.1336867048498219,0.032454343630698775,0.9183424909551842,2.6335116010627373,0.31768622310035916,0.7842791662287103,0.18991758278257762
GEX,2025-03-31,-0.2655501983036785,0.11112811000381137,0.14664014987706303,1.3805905851152434,0.9639273481442306,0.14171662485889608,0.43710080190230177,0.61268663920134
GMD,2025-03-31,-0.18145925935499446,0.4652581959795586,0.1377832413360235,2.2690479165416972,-5.701975343929488,0.07253205828536405,0.7795311128492273,0.4813197283509039
HAG,2025-03-31,-0.14136984256556562,0.34712821401579624,0.0817843408716993,2.2225960813421626,0.441106766846374,0.061492524445573765,0.4149867757861315,0.5463317195030348
HDC,2025-03-31,-0.48065753753677043,0.2731740343624239,0.05346389993914045,0.01754764710864646,0.07834767784267728,0.021013603281573673,0.4678822714376471,0.6101024593378944
HDG,2025-03-31,-0.225728536324722,0.49298419088449863,0.4322115799045467,0.03139137819065321,0.8929885422954716,0.04456001589457855,0.5467532669482533,0.7610795087560152
HGM,2025-03-31,0.21422272065382042,0.8129974968278258,0.044873443402111156,1.8360625737881404,-25.35943214556452,0.32574426667133977,0.8361171728808232,0.0
HHS,2025-03-31,0.29189369938264736,0.2323715678418572,0.020406003728125243,0.12415406703017966,-8.419715271751697,0.05629515463908557,0.8954052058756214,0.0
HHV,2025-03-31,-0.3350429893596754,0.549414257095113,0.30425634067517704,0.5525509715534875,-0.531502759267387,0.019103281919713028,0.28708410205356283,0.6708806513510253
HNG,2025-03-31,-0.8437199997213114,0.14067420119322321,1.475296038486135,2.9039135872555746,-0.03980726168741561,0.0058956623515224234,0.08971081501803758,0.6396884077932119
HPG,2025-03-31,0.07600694143275748,0.11688970506987251,0.053385699464641306,3.4194672441565603,0.7684447980763661,0.16697303355669288,0.5155818424115542,0.8031544008465265
HSG,2025-03-31,-0.18002447130997723,0.032142883289908705,0.026837770491450138,1.2348452335434665,1.0148104303518533,0.4889394438941102,0.6446893441869981,0.5665286709056192
HT1,2025-03-31,-0.14925241546047976,0.009907603764798848,0.0905195236155123,0.23468929649171727,-3.618793385294118,0.19756723718969127,0.6045087598639604,0.47311665650796303
HUT,2025-03-31,-0.42652366314987866,0.033877487633076,0.03456631999819184,0.49293774690438136,1.4089719432356296,0.23952727796397105,0.3902200379343868,0.6096248979542148
IJC,2025-03-31,-0.7146241157380921,0.4205036362030207,0.182808114352337,0.41134041576034025,0.0507888220238463,0.01948119730724671,0.6630190601967826,0.44117943934886183
IMP,2025-03-31,-0.09353508513758532,0.16288716039013443,0.05226070494339653,0.7317973058926607,0.5385563316547127,0.2054221262740356,0.7712033290305891,0.5833487468670593
KBC,2025-03-31,1.2433602277878983,0.3747060995433134,0.01800185105383898,0.6713632453711771,0.11136122471475493,0.0604518442035295,0.39654333374506906,0.5377239168457132
KDC,2025-03-31,-0.17252009883111225,-0.0021015604499188233,0.042359171810691515,0.176070306111961,0.6332856106352047,0.15872860912995743,0.5235137687719927,0.6964724924003138
KDH,2025-03-31,-1.027395107962801,0.21206558293720504,0.005983691862511125,2.3286240931315803,0.03101713828743668,0.024444513759413873,0.6479135451212125,0.6959008718627578
LGC,2025-03-31,0.006811897142134678,0.6024820520169055,0.6151868083394108,0.11051841456759168,-3.1402271784455458,0.03184006426252419,0.24937681924131347,0.7297090959227536
MSN,2025-03-31,-0.23868949775915582,0.13420856781207616,0.05215957281585627,0.3860949099219622,2.8200633266722175,0.13611062935877538,0.30267398055312655,0.6142169124358889
MSR,2025-03-31,-1.3395868221992158,0.02811416848092295,0.13614104085407333,0.3514987890470625,0.31569457647382865,0.05573268367611287,0.463097036030679,0.8510079874353049
MWG,2025-03-31,0.045024926033472766,0.06127669451591617,0.01471593422275803,0.3189107108972288,2.2309139038073234,0.5068895517281642,0.40822028157503626,0.6096752026413148
NKG,2025-03-31,-0.0988498080937643,0.03317527284869551,0.02244103481149834,3.0818421556271383,0.5360713615170498,0.2913191497067323,0.5287136062918945,0.8582704724746
NLG,2025-03-31,-1.5577159738844233,0.17816401719941952,0.010832045754689934,0.4386972623899114,0.08843137209708243,0.04709937224924414,0.5047945775829022,0.49854994634441974
NT2,2025-03-31,-0.22108056376786694,0.03836896376717494,0.12248141395013504,-0.0,1.0907339548541566,0.19747146757231382,0.5410294794393204,0.41423895301212
NTP,2025-03-31,-0.3533104741547827,0.20755943435860527,0.03637288194703154,0.7558607250248426,1.1841856283550676,0.21692388109717764,0.6081960745319027,0.7314321149869012
PAN,2025-03-31,-0.03718712817686067,0.08153023514379626,0.035074142387886184,0.5816364514659422,1.323980882902937,0.1665588547486589,0.34798156624556176,0.8400336332376052
PDN,2025-03-31,-0.06151561920349529,0.349956174239748,0.0,6158701010.0,-4.528222989792781,0.21534721209105212,0.7623282871472715,0.25020381524893665
PDR,2025-03-31,-0.39214751834518874,0.29767587522260036,0.010934711244906546,2.9341370696885267,0.03177657642651824,0.0190623396105803,0.4809869914355649,0.4452561837554122
PET,2025-03-31,-0.12844264356339352,0.026214719108023896,0.0038550547721517545,0.7966506170334378,3.95772335489569,0.37635120163330793,0.2198888076943002,0.5499426165659675
PGS,2025-03-31,-0.09374164118477066,0.025795929686066248,0.01260546732163718,0.18365327746390084,-5.6528488216286314,0.5965482904448446,0.3977713128037819,0.16907845919305117
PHR,2025-03-31,-0.8285083887202863,0.3375415717904809,0.1627328554956934,0.46463502921400396,1.0749012547533479,0.05725268576596905,0.6861043683961582,0.05111331154382289
PNJ,2025-03-31,0.11680891459751756,0.09124813164763966,0.0025238548714216704,0.17363246237292476,0.8145217075158482,0.5555814239690285,0.6734070691619122,0.6131159625650893
PPC,2025-03-31,-0.2217737621003323,0.04258579485561565,0.00776679614752771,0.38343268088190197,0.8620517063987168,0.26360063957847785,0.785158340605621,0.0
PTB,2025-03-31,-0.2379847342554411,0.09912828306270796,0.04065755211705815,1.4432597976017012,0.8399124271147526,0.30578153436193717,0.5741329258730122,0.6301282476198372
PVD,2025-03-31,-0.5406329244365659,0.1462447089506814,0.14306481199495982,0.4662984422817443,0.9695541933393127,0.07286419186345541,0.6996111095134434,0.4339481290893174
PVS,2025-03-31,-0.4951360377435346,0.06318243552701736,0.026702092277382704,0.9740374846947291,-1.1714698771856924,0.18067162417037524,0.42701224634946894,0.08276526748575473
PVT,2025-03-31,-0.17799662071211567,0.15767617148675103,0.22491538006131107,-0.0013195645165925303,9.747918647809986,0.1467992012096144,0.5455777019100486,0.7309182983449072
QCG,2025-03-31,-1.4631412231918253,0.16463830035410137,0.17692719986987043,-0.0,-0.06300855772392704,0.013279448436592501,0.5212665104702452,0.08727778077468515
REE,2025-03-31,-0.11616305228708665,0.4876442800656055,0.3009163136168269,0.6593229870766738,0.8636034392346922,0.05919180757220258,0.6296520120087905,0.7508071703294507
SAM,2025-03-31,0.2722422743425007,0.02373341072895974,0.0,3076120675.0,0.6571343435167669,0.17921350619880078,0.7119269650324547,0.7175001354416336
SAS,2025-03-31,-0.09203695284323836,0.18022415492666885,0.015417035465830354,1.0596722700053838,-11.124613031938306,0.31444645108972813,0.7012999341482872,0.0
SBT,2025-03-31,-0.0491079581263711,0.07770648124807131,0.018611456691886595,-0.15450599966922468,0.9873991409392338,0.22355021848687293,0.31564276287274234,0.7689487459986454
SCR,2025-03-31,-1.432125736180047,0.3986743073614454,0.13125624746766676,6.909566806689717,0.03863233710171107,0.014110965413716746,0.460689520821662,0.5923857283472651
SHP,2025-03-31,-1.2705455080692163,0.24347319148253782,0.5208661146121991,-0.0,2.753187952977374,0.053288197265227516,0.9497729694953804,0.3308977964435921
SJS,2025-03-31,-0.6784931952178557,0.6000378686303214,0.0,8001768485.0,0.05136777933005787,0.018362276957705852,0.3909685388126611,0.10900029636447733
STG,2025-03-31,-0.2510966905254269,0.13147281664710359,0.07685438528086636,4.2658326257610995,3.428190262756544,0.182474844758039,0.7955191252309486,0.29173677466004755
SWC,2025-03-31,-0.270517158810656,0.2706482696376107,0.11741620384004745,0.467616495031841,3.7001051790291446,0.1281936226917725,0.8994532714350741,0.3202817810278048
TBD,2025-03-31,-1.189199754342344,0.07599005261376206,0.03319407708564102,0.20010753371920187,0.32623500728681204,0.18992486574625284,0.3272397591895382,0.6028932571683042
TCM,2025-03-31,0.08476161814526668,0.10286035885207513,0.03305266217933985,0.4746304407836939,0.9051583876942998,0.2517703847997973,0.5593070053751044,0.596408206487188
TLG,2025-03-31,-0.07937559314032101,0.13102688564236278,0.033729771966332686,0.6407461691706708,0.6116035988874641,0.24100859243242037,0.7258948683548871,0.4661389888643318
TMP,2025-03-31,-0.631400032906354,0.5104120908959405,0.37672466081198924,-0.0,0.3838988169277273,0.06867712118287572,0.8082498928625849,0.7914105529559504
TMS,2025-03-31,-0.37781945632538033,0.1794698740656145,0.08000598611440254,0.848765718111155,3.2008275764674883,0.08761252066642926,0.6293086849054814,0.7658448778721639
TRA,2025-03-31,-0.10144864840343765,0.11078155375063982,0.04655604915938129,1.6643440889663355,1.018971085619783,0.26717067097422176,0.7101543198874339,0.3403344418270168
TVN,2025-03-31,0.01831068371486026,0.018782022546724304,0.006764242827737647,0.07963094040485828,2.4992509923853707,0.4149772477424009,0.38488820726162243,0.5525506092228676
VC3,2025-03-31,-0.3897311589518859,0.08202902603204748,0.011494083991494583,-0.0,0.10104809382555216,0.03529772223621102,0.4661890105123191,0.07216271574355161
VCF,2025-03-31,-0.2670537311809464,0.23287327764339213,0.020189151720875244,0.06367165264054271,1.8207687294291015,0.27598513601781455,0.8000757812432552,0.37726428840215964
VCG,2025-03-31,-0.6219763034883379,0.09325587693313563,0.03523800032113162,1.0155295783080598,0.4368862712300189,0.09132585552639479,0.38863871413802686,0.4944673032429918
VCS,2025-03-31,-0.07907807993910888,0.19670111555028577,0.03918393431436119,1.1878997072241477,0.3822446522308441,0.16096998726177414,0.8122582903682517,0.8279619971535696
VEF,2025-03-31,3.9448670630416327,0.4015571107371255,2.663706257128789e-06,1403.3918729271368,-29.676382593797747,1.1565861457439,0.4706780380586681,0.11767261454664155
VGC,2025-03-31,-0.28699641400493153,0.166206704090647,0.34693301223630096,0.9328498654549252,2.209527338507054,0.12003639134779498,0.42774426218161526,0.3460988246499393
VHC,2025-03-31,-0.19599319977235957,0.09873765371327085,0.04787902144941871,0.3701956228518639,0.6421441380827353,0.21435792101564372,0.717892654392116,0.6871939722183257
VIC,2025-03-31,0.17899106222383804,0.14454777197512914,0.0883334905362054,1.7921826108775973,-9.072181688783978,0.11331098290825153,0.19125261405049584,0.3721821281036881
VNM,2025-03-31,-0.18072516198910826,0.1518053974110761,0.045201030932823835,0.7646103408907043,2.3105428513009905,0.242648389449408,0.6838737777610269,0.5873063612964975
VSC,2025-03-31,-0.33288418791824376,0.2394590055268961,0.15269122507720131,1.8437729675725165,430.56769475827065,0.08684822230280585,0.6239924844836371,0.6850150397850902
VSH,2025-03-31,-0.03542306298709238,0.5451441950793678,0.5003555694371746,0.04103039277928007,1.2463696988271353,0.07506203726097192,0.5588163798239062,0.8448052465599067
AAA,2025-06-30,-0.49404667624882737,0.10392803388659741,0.05816807563797964,0.01061941988341879,1.855958128434766,0.19596155914179064,0.4806688953357622,0.4602241428413304
ANV,2025-06-30,0.4480858172824281,0.22265689914659623,0.0,56864482214.0,0.7555641539966108,0.3382888346352592,0.6333319267627664,0.7619992365685991
ASM,2025-06-30,0.21065962645553651,0.07537549819916045,0.03433227772680552,1.8627499839836683,0.40262031001598697,0.15049518813264182,0.359641994849404,0.9040289542659997
BMP,2025-06-30,-0.0519878406718346,0.30902115011154296,0.02451815088436188,2.312640252319993,868.106493239065,0.37840273528040236,0.7934472526725576,0.0753822682053037
CEO,2025-06-30,0.2592984754732233,0.13877410952048597,0.07621684902115546,1.24754320801843,0.3212168210649796,0.05142053004918173,0.7332647270424195,0.20833718809381802
CHP,2025-06-30,0.011459628694979416,0.5048341092677461,0.0,5148704877.0,1.319671571132768,0.09053607934645608,0.776378703233724,0.8317451166091697
CII,2025-06-30,0.1073665964431608,0.4160304856513167,0.4229661881319418,-0.05263738376790961,0.4034838070856501,0.024935765775574017,0.29193262576665846,0.8236001485586072
CMG,2025-06-30,0.13446384073060294,0.07048257348704878,0.045133592058152636,2.07004665520389,18.732881459525746,0.28484453785873304,0.48242361278027546,0.4379618649489405
CSV,2025-06-30,0.08520548139313469,0.17072901743797086,0.02176169288638075,1.9157440609606655,1.2735892693822062,0.25921361605484616,0.7449154123363283,0.23319470241434156
CTD,2025-06-30,0.4973472835547535,0.03315531974384405,0.003384865677445851,7.123584307454341,1.3951529511892589,0.28005371928052186,0.3018422790810047,0.14404538740158535
DBC,2025-06-30,0.056915966296171204,0.15652182453607624,0.050401635932623694,0.8686732794815929,0.866287940561542,0.26391207653850834,0.5199189924519623,0.7059760681495945
DCL,2025-06-30,-0.05340481951570323,0.035597730544321644,0.04284692081498735,1.083880391345614,0.3083186607433206,0.13036769621340408,0.5985283775287034,0.8367295642741188
DCM,2025-06-30,0.5635453529290216,0.14713283118192969,0.01591553466304419,-0.4654930820274041,-6.576821007497854,0.34566166368598833,0.5753028051160044,0.23686900569503347
DDV,2025-06-30,0.3307305379686752,0.11770499993149382,0.016247505406898077,2.16887473362424,-39.53833316329459,0.6049501380054858,0.7077499673044375,0.0
DGC,2025-06-30,0.03517406659749963,0.323178544728329,0.03842678157667891,2.9106464348158063,2.4697449009590113,0.1693231237913713,0.8352969119709956,0.5259728023766175
DGW,2025-06-30,0.04293437596060672,0.02850603877045484,0.0032786057514544243,0.008108589556050998,1.359777179924867,0.6972377032298827,0.3741744603072388,0.5485694889478276
DHC,2025-06-30,0.058997467176539135,0.1173006048108344,0.0,7014292124.0,1.0107343453997175,0.26891858066925395,0.6220030907443664,0.7374651662361749
DHG,2025-06-30,7.913058007973262e-05,0.22704259920310452,0.03159522555647307,0.37600748346462826,1.3562527157929436,0.22351655114973695,0.689356712449815,0.5433919441579007
DHT,2025-06-30,0.1345968005198023,0.03385976453820935,0.011107215747899515,3.0730549791266326,2.1433304152476045,0.2913938259274128,0.5453161414417733,0.46391627422873
DIG,2025-06-30,0.4074615677776611,0.2679593840228234,0.0,6658194998.0,0.035774959879107705,0.014902987702495403,0.4243912464765764,0.3082706606938378
DNP,2025-06-30,0.23886908476432014,0.09800509807597949,0.07404960925634706,0.20287857279841867,0.47050024075167984,0.15276468146961245,0.3413682996137699,0.6991231603439266
DPM,2025-06-30,0.2621620480710204,0.09902143128636731,0.020115713294035102,0.5378067704890177,22.258671294161438,0.2913233973098008,0.6320852755925698,0.532818436971596
DPR,2025-06-30,0.03433764872270098,0.32441773501060056,0.21230704449622742,0.5780265090270503,1.3522407559908884,0.05233465814521599,0.7292550619940878,0.0
DVP,2025-06-30,-0.03755688891293926,0.5305852069424031,0.0,4622217259.0,-1.5165036513869274,0.11165031770997436,0.8849272814574108,0.0
DXG,2025-06-30,-0.13507547428963054,0.3753411262752551,0.03423050377083061,1.1463787701047228,0.0444512521061595,0.02539619066247192,0.5855431508872275,0.4405802934684204
ELC,2025-06-30,1.3801440682093158,0.0678029281264637,0.017083407391933574,-17.60653123872491,0.4249304338262927,0.13075366063354676,0.6450510456100891,0.4191431392868942
FPT,2025-06-30,0.07061670371086683,0.18768611026311702,0.049678756210301045,0.9515975388348129,-13.617982850332172,0.22014691929075542,0.4906448736724341,0.5565375894418393
GAS,2025-06-30,0.15702234727080414,0.1980922902162544,0.02847855522462942,0.49990417107913193,2.9344231065787674,0.3439657356045542,0.7759239021510626,0.1507285599725131
GEX,2025-06-30,0.2709008294841919,0.17306647252975843,0.09038227623787339,1.6458898943561047,1.4576271421175417,0.17744817109301156,0.42688289228906334,0.5931534649883831
GMD,2025-06-30,0.17359828202183505,0.4484099210519134,0.11342614363079732,4.32459082590823,-1.5367204669518495,0.08177661692485315,0.7218914357789682,0.410774778233854
HAG,2025-06-30,0.5152072464484484,0.2969811932634294,0.1320031987526718,2.0863748047009882,0.48810536448305075,0.09293965367904213,0.3989602775314502,0.5962953987448332
HDC,2025-06-30,0.3972551292059572,0.5758341047846127,0.061818324476281765,0.38758616084790304,0.12548043460197147,0.031155201262693534,0.47788981239614514,0.558776886781257
HDG,2025-06-30,-0.012649180827025151,0.1884406144225794,0.25417491010857984,0.763414222327938,1.5822548812220172,0.042590992189607026,0.5396021495554979,0.7599980181474747
HGM,2025-06-30,0.6124527590396738,0.8796202650125152,0.04174518767583089,0.6243994366861826,-4.608202739368376,0.465235838715143,0.7875654960811623,0.0
HHS,2025-06-30,2.480552518688907,0.9502870907389114,0.04706482951376829,-0.0,0.24394120763991953,0.1769941630443987,0.8003834279723852,0.20401766394151732
HHV,2025-06-30,0.24878546768712223,0.41468253051788734,0.18834699533717486,0.016311741016348923,-0.7077250515898266,0.024145001282121697,0.29684822965593977,0.666981073588765
HNG,2025-06-30,0.5930236284614109,-0.23579640624435433,0.5944557495021413,2.5580809487703067,-0.05585295240806152,0.010150710042012267,0.08778514530753222,0.6133984271947381
HPG,2025-06-30,-0.0495252134446527,0.14880126887663306,0.05224380639279228,2.777392172612276,0.7331161030703593,0.15013868013135187,0.5051491046304217,0.7842514223758517
HSG,2025-06-30,0.11305790568713302,0.03465481546301566,0.02419774260601959,3.7895037216395404,1.1442119725428777,0.5019443960668739,0.5880794236736622,0.5873162271093472
HT1,2025-06-30,0.19668895345304568,0.07177635445254746,0.08035870025567424,0.17495114569386405,-2.1109931709882415,0.23917566604889973,0.6122751340023662,0.34511639958948476
HUT,2025-06-30,0.19877666590704932,0.03893122524187121,0.030629686909859413,0.5733226976746035,1.2486312194633502,0.27526822074324414,0.36615228859731846,0.621519190638712
IJC,2025-06-30,0.17855344474730037,0.6636264084299868,0.2649949452805197,0.6548668265205133,0.061121236623503224,0.023081468741252845,0.6703172718680772,0.4259591697535515
IMP,2025-06-30,0.07293330053709055,0.1879452123928937,0.05027190002802759,-0.18346512697947048,0.9673915212517284,0.21287943053638234,0.7015196388900372,0.4480608852784474
KBC,2025-06-30,-1.5132745453028094,0.8815043741364699,0.5846855931173088,1.1837968205581173,0.02736570908517491,0.010253794201862386,0.3652407943554608,0.5837868854203652
KDC,2025-06-30,-0.00932679015953281,0.08432377396420884,0.04634879645882821,0.29719848521208075,0.5241892336561992,0.1633069675552312,0.5453488533710632,0.7271457556197009
KDH,2025-06-30,0.3720621183686129,0.22912293559181773,0.0039080067520991454,5.551768808713535,0.04250592238086567,0.03426768389971056,0.6305758894054385,0.791812210432386
LGC,2025-06-30,0.01776584126015258,0.6029252732351573,0.6004558557232577,0.15911788850828534,-2.057464845992525,0.03152454691273207,0.24889490662386438,0.7340039879023783
MSN,2025-06-30,-0.029353050430299024,0.15633812173862857,0.053124212820853514,0.4254965130287643,3.2152799656600197,0.1532472691654102,0.3372788497329062,0.7423362489443793
MSR,2025-06-30,0.15357813719658286,0.1635716120297569,0.11499529641661922,0.4479455650343069,0.33117363292815577,0.06533629925363364,0.4658259010152061,0.8562961350256333
MWG,2025-06-30,0.04120324721914716,0.06260442910933535,0.013596709118897191,0.5195666108146005,2.3766443786019487,0.47394227309981735,0.37056353563767724,0.6185707216509516
NKG,2025-06-30,-0.043659528522787386,0.04344132443624488,0.023823782372737547,16.026548297776547,0.5765760146471176,0.240357574336635,0.45959614873132365,0.7692692169346497
NLG,2025-06-30,-0.49167627526486496,0.22303036176639662,0.017770109413900864,2.163377458892408,0.053392072705102635,0.02936636973337993,0.5039616706995925,0.48952044661955846
NT2,2025-06-30,0.37386345056843934,0.18064520759749936,0.09890212303518219,0.025707704664555412,1.5917934637223448,0.2432203590122925,0.4927175545474417,0.4496594480362405
NTP,2025-06-30,0.4457021178339867,0.19660408824104111,0.02443233104107796,1.0328350261600776,3.1943953069875146,0.304975642599265,0.563534191235192,0.6255512354091309
PAN,2025-06-30,-0.014056445863638899,0.10465523018120225,0.03689609238441496,0.6910848969191972,1.0736539097525628,0.20519782359391,0.4333669692499563,0.7807815206306103
PDN,2025-06-30,0.1675119148721221,0.37485811779760764,0.0,5379574569.0,-2.0243791888548177,0.23642858993243573,0.712550048167993,0.1805315305515548
PDR,2025-06-30,-0.5815609802063947,0.6623129577039525,0.037855374619837484,5.479895779270865,0.017454417824087604,0.01015845653194934,0.4893736404041316,0.459321196146222
PET,2025-06-30,0.17091475937721418,0.02564701008724876,0.004415571058094313,0.6935464935894633,2.6047079900372077,0.4218541658335643,0.21229579391658915,0.6099448115678262
PGS,2025-06-30,0.07442186048100272,0.02704718380990877,0.011734824618551212,0.02296531729070091,-5.355934795732427,0.5859697945461786,0.3397876570682504,0.29462026125845187
PHR,2025-06-30,0.18490409147228193,0.29718980808325157,0.1410037356153239,0.12852595955640825,2.4611313954693608,0.06719627904083715,0.659368575184948,0.04111274114679827
PNJ,2025-06-30,-0.24030054293647607,0.07621832599270317,0.003063343413227566,1.7588216169956945,0.6384231099815519,0.44366777560483334,0.6977696307286487,0.5972334174174269
PPC,2025-06-30,0.23536756356942928,0.0036609683577212807,0.0060395963602732665,2.16350330822859,1.1295775938368235,0.35403227514348806,0.8230337590374927,0.0
PTB,2025-06-30,0.16904450517419656,0.09131618191463226,0.03379001661314671,1.8016287261012085,1.222115045751018,0.34042460922704376,0.5420753245697337,0.599939343794671
PVD,2025-06-30,0.4004778356741854,0.14571782537265382,0.08707833456375888,1.9066509628925161,1.2878141366317943,0.10198111567370613,0.6766100744935802,0.3881529420694337
PVS,2025-06-30,0.17631321148827198,0.062004187091155225,0.02262499463187634,1.2331611570774583,-1.376954422841686,0.21234301327624214,0.4215506565092539,0.08004225957831751
PVT,2025-06-30,0.4341940288363507,0.12213640037062452,0.13660193208704505,1.1684134162953215,7.681551590088468,0.20906028002970664,0.5159850919624859,0.6418017558434453
QCG,2025-06-30,0.16961254380609436,0.11213713371258908,0.1388284507304462,0.05900230217564384,-0.07417473700348987,0.01593834014732728,0.5282429317969722,0.09221331010455676
REE,2025-06-30,0.18977779919806734,0.3800214894682339,0.21138495096430804,0.7852193374911606,1.1136899998284204,0.07131720962287591,0.6345208935489296,0.7437143442952964
SAM,2025-06-30,0.19566284483305785,0.041048333894203794,0.0,10944047765.0,0.7489045326648722,0.20522850748213217,0.6735049733231259,0.7186906023733477
SAS,2025-06-30,0.014332419571213688,0.170870729986592,0.017281117729601867,1.389245822764914,-8.20619872305039,0.3061584135907668,0.7147629544207273,0.0
SBT,2025-06-30,-0.0524612326832745,0.0778469863428965,0.02136123207099603,2.3839280068685107,0.8673676117778492,0.21967821845469865,0.3320406774788084,0.7748200499190451
SCR,2025-06-30,1.13783534215059,0.21224330482512652,0.048817007136464315,32.610931197880774,0.11630873235576444,0.0390031808936474,0.4102025846959223,0.523894529420988
SHP,2025-06-30,0.7278066851666976,0.49611115665138433,0.3736956128782249,0.007045840198343258,-4.834697838676155,0.10629734174993158,0.8713672936773752,0.0
SJS,2025-06-30,0.33762592780982664,0.6473454066987927,0.0,-7618090875.0,0.06898773764800982,0.025349968395374897,0.39971457662624554,0.16406831867363394
STG,2025-06-30,0.19866251780682273,0.15571122005606403,0.06678390271109434,6.4008519463145035,3.2394536204279936,0.20000429346544335,0.7378550820445987,0.4455869528205616
SWC,2025-06-30,0.07269986223365851,0.30922739815974665,0.11498233409435321,0.5219642841569434,3.723353822951947,0.1324795061442198,0.8975373134546714,0.2900077340209852
TBD,2025-06-30,0.6542414372198655,0.14146152964390576,0.018857848589048522,0.3466083448498016,0.5841179838348073,0.34425853517533067,0.33042990410452366,0.5871313169607827
TCM,2025-06-30,-0.14012022937078736,0.12779270546411517,0.03844182522401007,0.6570118317286602,0.7468098235336506,0.2171380650966879,0.5638658428745731,0.575587099940447
TLG,2025-06-30,0.45576517535001676,0.2239648050273556,0.02356061218054816,0.7937577993960773,0.9661466355970266,0.3373060319593931,0.6548409849165712,0.4037408547490007
TMP,2025-06-30,0.38224442636444406,0.5298096733115276,0.2645607851441613,0.015611939971164304,0.9525376927407609,0.09580641234131725,0.8029392886933568,0.7012253857986928
TMS,2025-06-30,0.19825452360561044,0.1622280915128119,0.12150798499136747,0.7171199554596372,2.763801674509151,0.10535053435819382,0.6240487718302109,0.7670870279947222
TRA,2025-06-30,0.24414479664354585,0.12975694880149816,0.03729081400546784,0.1340361115729924,1.426426138459401,0.3130113082258594,0.6807604948761201,0.3608375645372323
TVN,2025-06-30,0.16946159709170647,0.03178546699995079,0.006186470680282253,0.11614617966319267,2.1430418322297835,0.43895315510044003,0.3704472064815802,0.5976497480780327
VC3,2025-06-30,1.0577004147098334,0.29795955383321354,0.0163577511053836,1.2996925582868994,0.35553917695647635,0.102413151880397,0.49451038532935787,0.07366223431626015
VCF,2025-06-30,-0.05297380968114049,0.23233274648211458,0.021095992410309548,0.9996483968471123,0.8171244098203466,0.24222121216443845,0.784712623280678,0.3123371347516453
VCG,2025-06-30,0.5221604227205537,0.10705088259021901,0.02139263680347239,1.329705782687707,0.7343221253624793,0.15215403655938087,0.3779973365404785,0.5188970081642194
VCS,2025-06-30,0.11531614602458333,0.22392743664216863,0.03735939517455286,0.3478458135670746,0.43681573095080395,0.1772322653436421,0.7775282744856041,0.7823973618870711
VEF,2025-06-30,-4.425859102495481,1.0364357890339726,-0.005435856888713185,37127.82693520157,0.11275411843620424,0.01570986594108939,0.3400464053556582,0.16543538361349158
VGC,2025-06-30,0.14439688296731462,0.2388739227168137,0.07335436264267504,3.9892869499847006,3.18716147096459,0.1305098601570882,0.42707316199093465,0.34866366915005165
VHC,2025-06-30,0.18940457166280641,0.18797099073062049,0.044369355494011165,0.3764599899037669,0.7640287006889955,0.259605408850336,0.7588606228332464,0.6061556015638083
VIC,2025-06-30,-0.3217383959823235,0.1684560391348529,0.10571187735353521,4.974870676696205,1.2283437223642684,0.07056884154632306,0.16560845405007307,0.3488730584483196
VNM,2025-06-30,0.2495697044001449,0.1856811964047944,0.03739129684343428,0.7576814228886424,4.333818466439925,0.3099179883063117,0.6455379018532352,0.49954495533476695
VSC,2025-06-30,0.23110272022915154,0.25250941175249597,0.16081506504568346,0.008022146245473111,-7.603819573670563,0.10240959243827827,0.5777853935494751,0.7040133974879237
VSH,2025-06-30,-0.24522618211012762,0.47461088483699143,0.5536040968984655,0.11769070951410433,0.8299873277719636,0.05933387770265765,0.5839214157450547,0.8744344919249455
AAA,2025-09-30,0.006722321356636234,0.07520520671264291,0.05565993267873644,1.5107622406787378,2.0396829025786625,0.19595845321633001,0.49158733265523075,0.4608694198023107
ANV,2025-09-30,0.1455545713433924,0.1784762158487409,0.0,32296004118.0,0.8878629633468401,0.35771046706723497,0.6286880279186466,0.7379969459135939
ASM,2025-09-30,-0.24549543313040104,0.07175999220501951,0.04584598515840116,1.3979420681152328,0.3102653830117962,0.11654748605117354,0.3570933207167101,0.8830658844434631
BMP,2025-09-30,0.15606720804153487,0.28205808922771275,0.02060849265442028,0.3554258320835479,-17.024401297846,0.3927551489225378,0.7928300735860314,0.06673627436368673
CEO,2025-09-30,-0.5388328208529914,0.2568533066682722,0.14891847035643666,2.886829878793718,0.16777966944635464,0.030275595120363395,0.7446002522868733,0.19768281195883167
CHP,2025-09-30,-0.18725056922770858,0.46226150968045343,0.0,1764631792.0,2.0642520681362715,0.07970871756224435,0.7848158352976614,0.8203446450226517
CII,2025-09-30,-0.06327844146634447,0.42806796007543835,0.46113731022848237,0.38932044633510515,0.4208871424784615,0.023850754331386118,0.313283130367393,0.7810097580504723
CMG,2025-09-30,0.09099350523703034,0.06496803400494972,0.04567105812825466,1.932943166602518,887.5053340631993,0.2864625428568434,0.45068138945677283,0.4719162736565416
CSV,2025-09-30,-0.0277329039785573,0.14871835837669198,0.01482863272013163,2.8650328633343967,0.895488186582674,0.24399673314272685,0.7490023415096003,0.3646481973126379
CTD,2025-09-30,-0.0743024754043446,0.05456720073288047,0.00381055209170206,1.501615330490885,1.1475499813414232,0.24768876512340937,0.2970316642544548,0.17342547260717167
DBC,2025-09-30,0.2343867530427462,0.08803107702100539,0.036871611750037704,2.046722742723216,0.9618356885255381,0.31245121840732,0.5089673451606472,0.7603997105339716
DCL,2025-09-30,-0.11982675091324022,0.025767064189180688,0.04789288049935379,2.361524030014555,0.28354701662566156,0.11828868818829294,0.609878532578869,0.8566339628948839
DCM,2025-09-30,-0.6806620470838926,0.12748790900292156,0.031608979859893534,2.0080627735589744,0.8962426910723066,0.18893127004262827,0.639437235318335,0.33501050934049853
DDV,2025-09-30,-0.1380875265262104,0.19514973803545554,0.020781763847882665,1.3189137977646368,12.200579922243183,0.5121867721992738,0.7678974615725243,0.03172280449879269
DGC,2025-09-30,-0.02348828222791716,0.30330034660362737,0.0377367628779893,-0.17166116074418872,1.7427184636834578,0.1550092440411115,0.8242696572476057,0.5741575874081934
DGW,2025-09-30,0.25093011592228626,0.032491484581143884,0.003123319462237589,-0.1415863750789626,1.437019349395931,0.8114013187041265,0.3570856554894269,0.5370725653619671
DHC,2025-09-30,0.05967869400314105,0.13113848536978134,0.0,11412522319.0,1.080509424246516,0.2708503020572116,0.6185310019562038,0.660500335379213
DHG,2025-09-30,-0.038373543906069285,0.20724364921824348,0.031874423169475856,0.23387204016372062,1.0893989432563769,0.21103439513812072,0.7137512540748756,0.5483934498875196
DHT,2025-09-30,0.10532963569824172,0.026588880623038904,0.00494278894587457,-0.9475559629613394,2.5466072332709717,0.32465757590093774,0.5510671837022149,0.4226928069211123
DIG,2025-09-30,1.5709256673884338,0.22186359926965654,0.0,-6965722861.0,0.18507164414986849,0.07155248543835685,0.43272264626715895,0.3040616263968641
DNP,2025-09-30,-0.13529023987996694,0.09362922025388887,0.09043711915955921,2.377334103635906,0.38810900105705015,0.1338775510544808,0.3452595708432094,0.6784799167819162
DPM,2025-09-30,-0.3387240851967853,0.10069364777466966,0.029283557860364583,-0.011328849792061902,1.5160776962315679,0.204572221280832,0.602711262348681,0.6208991132485219
DPR,2025-09-30,0.7809506883328207,0.3643329560337854,0.11644836732541412,0.2839139475608164,5.445703689270556,0.11522388673065374,0.7296855469659894,0.0
DVP,2025-09-30,0.08501152050587193,0.5469282365687959,0.16304865793022963,0.6557966300099911,-4.100935610957942,0.1186141434158619,0.9192849311677966,0.0
DXG,2025-09-30,0.3071522398200785,0.2292134208173733,0.017561505172686172,1.4656489119893366,0.06074618290669409,0.031654026881634,0.5382672303818292,0.3899023410213776
ELC,2025-09-30,0.44290468631582935,0.11793740782679625,0.01172126104837058,1.5894966293832564,0.5117876241068849,0.17929159048367665,0.6032907147653216,0.3433840601393792
FPT,2025-09-30,-0.0021265773065016745,0.20211888274051526,0.051542474209981606,1.1276018770919143,-6.549768793843897,0.21577032685685357,0.5176625741423752,0.4908279043919586
GAS,2025-09-30,0.16916336307970403,0.09026971917955029,0.023305195485006546,0.6396953957327403,6.7471964697804605,0.3846635475761498,0.7071600532291471,0.12037662532926757
GEX,2025-09-30,0.01194012891111672,0.14830763181259426,0.0684616394361152,1.9916572743446643,1.1347738076595795,0.16287497014722985,0.4233799801672624,0.5931513664922288
GMD,2025-09-30,0.04083740762036703,0.3292369504117533,0.08964020943923261,7.460179970892109,-2.9304666471042347,0.0841430402971907,0.734291810457081,0.4650017315585062
HAG,2025-09-30,-0.20216032940556655,0.3219631649693701,0.061103048190599994,6.230834554509676,0.35931957576405166,0.07116718346810656,0.47881031301111615,0.578934140088771
HDC,2025-09-30,1.65915878487408,0.862409821362625,0.03720641049595631,1.7410807539612974,0.4154632429830001,0.14850236151407195,0.5331502187318223,0.6444298941475768
HDG,2025-09-30,0.17993700533898824,0.5903604660824151,0.4536450647280355,-0.0,1.1841137027965094,0.05044848025765312,0.5571457553406006,0.7608131131936933
HGM,2025-09-30,-0.4979852073855074,0.8226123360770868,0.0488397653873711,1.7290553781158837,-1.623610617448771,0.26015868720171,0.7881563099250151,0.0
HHS,2025-09-30,-2.3488679280164284,0.045702559017845965,0.05942287579358587,0.0016222985673300223,0.026049730476739516,0.015788262635811817,0.7394020379236339,0.10156724219499488
HHV,2025-09-30,-0.031745554201258935,0.43730890273924566,0.21063059981229368,0.1141495960365676,-0.7649851326169967,0.023266165083455977,0.29906047807011293,0.6628482834849206
HNG,2025-09-30,0.28893404975007053,0.06441858436592779,0.5153173075496382,2.8920698681977814,-0.06083980308020816,0.012945766398349186,0.08366665983644334,0.5838780350256886
HPG,2025-09-30,0.02256767114014873,0.1462607051970612,0.06830520353016217,6.072111280427906,0.7051814845694344,0.15110340313847911,0.5179969893581442,0.8161325907115328
HSG,2025-09-30,-0.13001669013308415,0.018759455739707775,0.02767175689427942,5.46817445122407,1.0541436075093569,0.44516962148805267,0.5981740936600679,0.5783590325247087
HT1,2025-09-30,-0.03245315639168229,0.06130151695264723,0.0833194810203959,0.5776176260226765,-2.732886723734733,0.23032353785683674,0.6149119312758814,0.35208166630897414
HUT,2025-09-30,0.12733874648826352,0.08082371029127525,0.023122652909213125,0.46594304042482393,1.0408682127561264,0.2793147371477737,0.38968310227159925,0.6329635475873835
IJC,2025-09-30,1.3119822626688429,0.4555634688823663,0.044411088162987944,0.13941751438695815,0.21120352904178719,0.08260522499846203,0.6539904418339466,0.4038640402929447
IMP,2025-09-30,-0.1066535751021212,0.1828252341292992,0.05542127290149173,0.32519827528596557,0.6608270471878195,0.19505980352694743,0.7410549962112848,0.48535252548688856
KBC,2025-09-30,0.6899832187272475,0.44419431021730416,0.04245661464817555,1.8559069433800142,0.041267066195913506,0.021611699331691173,0.39159157361585045,0.6669373807131352
KDC,2025-09-30,0.13483229697982832,0.049684149136099184,0.04095479386825384,0.06968387953829289,0.7351161232038579,0.189234191550981,0.5565755601161791,0.6644975103608572
KDH,2025-09-30,0.03743971493684049,0.5877755466721788,0.008060882585845688,87.76870253946142,0.042467486408603115,0.033610930609933184,0.6159993427546003,0.7780921139816697
LGC,2025-09-30,0.0012555453755965958,0.5491601875012196,0.5313865686727575,0.4513175739780512,-2.074417965917999,0.03165504789802429,0.24583790514748316,0.7456880821106635
MSN,2025-09-30,0.15376756090175453,0.17376755663694046,0.04613100837348432,0.6768996078665788,5.850418884286762,0.18183537833562086,0.35412215794240665,0.7774413443293191
MSR,2025-09-30,0.21470561987128858,0.13022809911242128,0.08685106233624759,0.2768265514357479,0.4135502520174159,0.07997727812507893,0.46049074571355064,0.8278952725858902
MWG,2025-09-30,0.05765695676731138,0.06295757304056736,0.012053116643007192,0.25021381689270683,2.4808997940586095,0.5065294884496128,0.39603679800589664,0.5919748726007272
NKG,2025-09-30,-0.03569931797800394,0.02968772561994677,0.024302114448034245,5.278255578919253,0.5983939871372506,0.23222457137721836,0.4633956225354106,0.7869577289324619
NLG,2025-09-30,0.8422398429183892,0.23976507307639505,0.00980775970813752,-1.4469508206101533,0.12385658297206968,0.06776058742634254,0.5061146288026723,0.49873155989576967
NT2,2025-09-30,-0.06810209292864843,0.12883196805110464,0.09987093944404656,0.0024392573314736357,2.0117664253344882,0.23787899885122293,0.5415962723124697,0.3387284465454866
NTP,2025-09-30,-0.20779846494091683,0.20321598867861124,0.026606147090454363,1.3351572382382757,1.3545968713001504,0.23959344066143443,0.5821962605742045,0.6861840157269025
PAN,2025-09-30,0.21677650703641482,0.07465347493989774,0.019533961912726782,0.8714633239336191,1.3451998256644315,0.2950510906553662,0.48390047919854956,0.6946252829281699
PDN,2025-09-30,-0.042376659440922615,0.33442103105711957,0.0,21849044200.0,-3.146229290776077,0.22802607739676273,0.7777907082043071,0.12884856338187115
PDR,2025-09-30,0.7256710357405463,0.37665045418901755,0.009613356177217171,-0.029835254545642488,0.03446567455709213,0.020971980089464846,0.49249245046738716,0.4788535775267826
PET,2025-09-30,0.15351410108994207,0.05087158391446794,0.003278979644193686,0.3279305867062315,1.9875053014972093,0.48065356027995565,0.21955322326427973,0.6919862208024353
PGS,2025-09-30,-0.11548199246028526,0.033214984027727434,0.013298124471370673,0.240805176492265,-4.7323380431136135,0.5631202286386432,0.3800910904107311,0.26790442823163924
PHR,2025-09-30,0.7126327636350979,0.38189001211618184,0.0870213960410738,0.1022354589710547,4.956818855948684,0.13487054450954966,0.6862996996273988,0.023260508659660825
PNJ,2025-09-30,0.07286368698728114,0.07938326104452847,0.0027894221770718296,0.35237447444555237,0.8089767700276191,0.48008654578772975,0.7033152032449904,0.46110850560740113
PPC,2025-09-30,-0.24268909725394117,-0.016216246220135466,0.007580554767527509,-0.9540853575604735,0.9165578691773466,0.30082541776203325,0.8886134955856785,0.0
PTB,2025-09-30,-0.1276758172544489,0.11053353576555926,0.04185923410471617,1.4076532718295482,0.9051936449984894,0.2912024651518747,0.5507865461340623,0.6144835666932604
PVD,2025-09-30,0.03304971801545876,0.15808303210860863,0.10962143478940825,7.722560904815874,1.4281763413565554,0.09702088074691491,0.6376627084540469,0.42114697359159503
PVS,2025-09-30,0.2627499944149881,0.040230045368569986,0.02997451126386811,0.7076043796678124,-1.9787346462433202,0.2517798213471836,0.39288176904802147,0.06921431051653631
PVT,2025-09-30,0.028712689945006923,0.11908512606552639,0.13365015534214014,0.590111401945957,53.339190493894705,0.21858636561041891,0.5332987903233776,0.6522738911832096
QCG,2025-09-30,-0.15626171049934917,0.2790325118063943,0.19827194226711453,-0.0,-0.06100338575497651,0.013510304206407309,0.5262488207147871,0.08714409800890824
REE,2025-09-30,0.007264501672646152,0.4159173355420273,0.23448969605651354,1.8849400969452244,1.1363299913545741,0.06949037754310015,0.6315009984143068,0.733705181261615
SAM,2025-09-30,0.08802085189117531,0.02487358964609909,0.0,1393863491.0,0.7804655587067622,0.22894497142225925,0.6902961345228449,0.7059586310954333
SAS,2025-09-30,0.03756698710818631,0.16101300394612417,0.016672448654391193,2.8978060411107123,-9.11746321289455,0.35221652511800955,0.7120080078974268,0.0
SBT,2025-09-30,-0.22215450462036146,0.09433318985197678,0.02485707978266541,1.2094801543236546,0.6812610924661013,0.16815223960998252,0.3415584974658545,0.7686473888831004
SCR,2025-09-30,-0.08712776783805194,0.171599436080809,0.06271854035249333,6.076800081452603,0.10279070968865997,0.036783032783777515,0.42211807540528007,0.5551096329220097
SHP,2025-09-30,0.5329867236271716,0.6594681922976917,0.3241227331330557,0.0391189615370831,-179.04227379720714,0.16171208139300938,0.871130522875743,0.0
SJS,2025-09-30,-1.9909164919438962,0.14306791602841623,0.0,7753593675.0,0.009318611924616563,0.0034176831232936374,0.4048014898049247,0.19953548078122307
STG,2025-09-30,-0.022833651231218353,0.1676782332016912,0.06976006035551305,0.4898618869519079,3.469497039918479,0.1897663599238441,0.7363468836098069,0.4327679604324368
SWC,2025-09-30,-0.07959855604136175,0.3591095871239614,0.1331259922063236,0.3337929558156846,4.093399811721336,0.13233201272457626,0.899013495803929,0.30826718708008993
TBD,2025-09-30,-0.34605253897244814,0.09355105969582556,0.024713495610764538,1.5341734672404055,0.3741428664237125,0.22316913180608094,0.31588368467207845,0.5799290451813477
TCM,2025-09-30,0.033296532408879545,0.09743670685275016,0.03488523735807461,0.5476006886092577,0.7862877194162652,0.23475407259966757,0.605806362316815,0.6057649054301213
TLG,2025-09-30,-0.05698530541925742,0.08633358557679556,0.02069549711296152,1.364277778807234,0.9859106598122125,0.3163287380263341,0.6724184116673103,0.4950213296657556
TMP,2025-09-30,0.20645216512566122,0.5616527299759121,0.23332920609961622,0.12059927233451732,2.020971924561627,0.1155182074296309,0.7993264424266873,0.6447824481113162
TMS,2025-09-30,0.07018899515330568,0.17450800844823317,0.03519979420892684,1.608846939477829,2.955158041273957,0.11187712313115714,0.6301770074846582,0.7439457396276605
TRA,2025-09-30,-0.04583519737430126,0.14175300878924507,0.039789596992756554,0.7707594095470488,1.2784368503276928,0.2929489655084454,0.6961369278114682,0.24007638664642408
TVN,2025-09-30,-0.21185721029308713,0.02553320600718805,0.008048208234219863,6.105278122677848,1.909232641882531,0.35823220504825404,0.378794468425911,0.5681386006378343
VC3,2025-09-30,-0.927933678990523,0.09815775774878395,-0.0070194850533908185,5.963304847389922,0.10369868194056814,0.04055071046116336,0.49781248560174496,0.1821126136945436
VCF,2025-09-30,-0.1460664560260659,0.25085135022230726,0.024959725390081365,3.692252563983944,1.1933685857007064,0.1973025679441675,0.7785121672613122,0.4598844634296015
VCG,2025-09-30,0.534874931465528,0.47176847969057834,0.035330144176213184,0.6868738316931023,0.8918665038887589,0.2625491687796059,0.42271200527045194,0.425852156045828
VCS,2025-09-30,-0.2025184081877969,0.18261975716799367,0.045519109172468465,0.2917377094977569,0.3292175723497846,0.13719286667858147,0.7557968045456857,0.8718541122787881
VEF,2025-09-30,-0.24772903733173246,0.4939126222550286,0.1580453876271086,65.64017303343503,0.093752459942406,0.01355710308924137,0.20925341084573876,0.15264628795885085
VGC,2025-09-30,-0.006475871958970433,0.07385289338950847,0.10241412122511287,1.3737499442508068,8.273418912809326,0.1288535988406281,0.42433304831180946,0.3335894947654276
VHC,2025-09-30,0.08038645323112169,0.15158217485627476,0.039542176065764836,0.9239992421819542,0.9441655283597189,0.2666117913440557,0.752901397163958,0.5962688834132794
VIC,2025-09-30,0.08085914037323344,0.17801626970092924,0.14948331364639314,2.8453695025789387,1.0504032015719316,0.0673945481507642,0.14882646881649245,0.3476668105458934
VNM,2025-09-30,0.014680086250153788,0.18411251874732876,0.03814058068353729,1.0119469260814826,5.340682511000236,0.31226906855022724,0.6816502036183305,0.46671387423400024
VSC,2025-09-30,0.011250742503509614,0.25443852095164593,0.08542462052620603,-0.03801014906309137,0.5162294531721644,0.08024076413887898,0.521750454876135,0.8054374019380158
VSH,2025-09-30,0.10240808195578123,0.4988937640507511,0.5240659462163277,0.11461859582611979,1.7631668390212933,0.06831768977165079,0.6038564415876927,0.8594892187177983
